date,up_count,down_count,flat_count,limit_up,limit_down,red_ratio,touch_down,zt_fail_count,hb_wave10,median_chg,avg_price,connect_hl,connect_2b,fc_ratio,zt_fail_ratio,zt_prev_ret
2009-11-02,2.0,23.0,1.0,0.0,0.0,8.0,0.0,0.0,1.0,-9.999999999999991,5.0515384615384615,0.0,,,,
2009-11-03,5.0,21.0,0.0,0.0,0.0,19.230769230769234,0.0,0.0,0.0,-7.33808674985146,4.739230769230769,0.0,,,,
2009-11-04,26.0,0.0,0.0,0.0,0.0,100.0,0.0,0.0,0.0,2.631578947368424,4.8803846153846155,0.0,,,,
2009-11-05,24.0,1.0,1.0,0.0,0.0,96.0,0.0,0.0,0.0,2.3671942092994716,5.035769230769231,0.0,,,,
2009-11-06,2.0,23.0,0.0,0.0,0.0,8.0,0.0,0.0,0.0,-2.992518703241887,4.6876,0.0,,,,
2009-11-09,5.0,21.0,0.0,0.0,0.0,19.230769230769234,0.0,0.0,0.0,-1.558064776095346,4.866153846153846,0.0,,,,
2009-11-10,1.0,25.0,0.0,0.0,0.0,3.8461538461538463,0.0,0.0,0.0,-3.1697913083361975,4.70423076923077,0.0,,,,
2009-11-11,18.0,4.0,4.0,0.0,0.0,81.81818181818183,0.0,0.0,0.0,0.49209878026797005,4.769230769230769,0.0,,,,
2009-11-12,26.0,0.0,0.0,0.0,0.0,100.0,0.0,0.0,0.0,1.327290741624157,4.8769230769230765,0.0,,,,
2009-11-13,25.0,1.0,0.0,0.0,0.0,96.15384615384616,0.0,0.0,0.0,5.693198708420896,5.146923076923077,0.0,,,,
2009-11-16,11.0,8.0,7.0,0.0,0.0,57.89473684210527,0.0,0.0,0.0,0.0,5.188846153846153,0.0,,,,
2009-11-17,7.0,16.0,3.0,0.0,0.0,30.434782608695656,0.0,0.0,0.0,-0.36180773249738835,5.181153846153847,0.0,,,,
2009-11-18,26.0,0.0,0.0,0.0,0.0,100.0,0.0,0.0,0.0,3.481158751226255,5.424230769230769,0.0,,,,
2009-11-19,26.0,0.0,0.0,0.0,0.0,100.0,0.0,0.0,0.0,6.13298089933603,5.773846153846154,0.0,,,,
2009-11-20,8.0,18.0,0.0,0.0,0.0,30.76923076923077,0.0,0.0,0.0,-1.1761811023622006,5.7807692307692315,0.0,,,,
2009-11-23,22.0,2.0,1.0,0.0,0.0,91.66666666666666,0.0,0.0,0.0,1.3172338090011086,5.8628,0.0,,,,
2009-11-24,1.0,24.0,0.0,0.0,0.0,4.0,0.0,0.0,14.0,-8.810572687224678,5.4563999999999995,0.0,,,,
2009-11-25,26.0,0.0,0.0,0.0,0.0,100.0,0.0,0.0,0.0,5.261822376009228,5.855384615384616,0.0,,,,
2009-11-26,12.0,11.0,1.0,0.0,0.0,52.17391304347826,0.0,0.0,0.0,0.25773195876288685,5.364999999999999,0.0,,,,
2009-11-27,16.0,5.0,2.0,0.0,0.0,76.19047619047619,0.0,0.0,0.0,2.380952380952383,5.685217391304348,0.0,,,,
2009-11-30,12.0,10.0,2.0,0.0,0.0,54.54545454545454,0.0,0.0,0.0,0.415282392026584,5.447083333333333,0.0,,,,
2009-12-01,12.0,13.0,0.0,0.0,0.0,48.0,0.0,0.0,0.0,-0.1420454545454515,6.053999999999999,0.0,,,,
2009-12-02,25.0,0.0,0.0,0.0,0.0,100.0,0.0,0.0,0.0,3.614457831325304,6.5912,0.0,,,,
2009-12-03,25.0,1.0,0.0,0.0,0.0,96.15384615384616,0.0,0.0,0.0,5.424817659276435,6.750769230769231,0.0,,,,
2009-12-04,3.0,23.0,0.0,0.0,0.0,11.538461538461538,0.0,0.0,1.0,-8.743610438525696,6.21,0.0,,,,
2009-12-07,20.0,4.0,1.0,0.0,0.0,83.33333333333334,0.0,0.0,0.0,1.6088060965283617,6.3472,0.0,,,,
2009-12-08,24.0,2.0,0.0,0.0,0.0,92.3076923076923,0.0,0.0,0.0,2.493013211382114,6.458846153846154,0.0,,,,
2009-12-09,14.0,10.0,2.0,0.0,0.0,58.333333333333336,0.0,0.0,0.0,0.29831289708316966,6.4692307692307685,0.0,,,,
2009-12-10,4.0,22.0,0.0,0.0,0.0,15.384615384615385,0.0,0.0,0.0,-2.2871455649684798,6.404230769230769,0.0,,,,
2009-12-11,1.0,25.0,0.0,0.0,0.0,3.8461538461538463,0.0,0.0,0.0,-4.109754259007994,6.147307692307693,0.0,,,,
2009-12-14,4.0,22.0,0.0,0.0,0.0,15.384615384615385,0.0,0.0,0.0,-2.4078937205530275,5.988846153846154,0.0,,,,
2009-12-15,20.0,2.0,4.0,0.0,0.0,90.9090909090909,0.0,0.0,0.0,0.8505885074756345,6.031923076923077,0.0,,,,
2009-12-16,2.0,24.0,0.0,0.0,0.0,7.6923076923076925,0.0,0.0,0.0,-4.487809149610136,5.788846153846153,0.0,,,,
2009-12-17,1.0,25.0,0.0,0.0,0.0,3.8461538461538463,0.0,0.0,0.0,-6.4577624210651745,5.4726923076923075,0.0,,,,
2009-12-18,23.0,2.0,1.0,0.0,0.0,92.0,0.0,0.0,0.0,1.210726175613813,5.529615384615385,0.0,,,,
2009-12-21,21.0,3.0,2.0,0.0,0.0,87.5,0.0,0.0,0.0,0.7694456560626903,5.560384615384615,0.0,,,,
2009-12-22,1.0,25.0,0.0,0.0,0.0,3.8461538461538463,0.0,0.0,0.0,-5.185715752470259,5.276153846153846,0.0,,,,
2009-12-23,26.0,0.0,0.0,0.0,0.0,100.0,0.0,0.0,0.0,2.663879365011126,5.436923076923078,0.0,,,,
2009-12-24,26.0,0.0,0.0,0.0,0.0,100.0,0.0,0.0,0.0,1.8430661827803188,5.532307692307692,0.0,,,,
2009-12-25,0.0,24.0,1.0,0.0,0.0,0.0,0.0,0.0,0.0,-3.883495145631071,5.402,0.0,,,,
2009-12-28,27.0,3.0,2.0,0.0,0.0,90.0,0.0,0.0,0.0,0.7752978187294037,5.5921875,0.0,,,,
2009-12-29,13.0,17.0,3.0,0.0,0.0,43.333333333333336,0.0,0.0,0.0,-0.1872659176029922,5.66909090909091,0.0,,,,
2009-12-30,26.0,5.0,1.0,0.0,0.0,83.87096774193549,0.0,0.0,0.0,1.4253791982665178,5.723125,0.0,,,,
2009-12-31,13.0,16.0,2.0,0.0,0.0,44.827586206896555,0.0,0.0,0.0,-0.1408450704225322,5.419677419354838,0.0,,,,
2010-01-04,20.0,7.0,5.0,0.0,0.0,74.07407407407408,0.0,0.0,0.0,0.22254899048410737,5.7440625,0.0,,,,
2010-01-05,12.0,19.0,2.0,0.0,0.0,38.70967741935484,0.0,0.0,0.0,-0.2898550724637619,5.723636363636364,0.0,,,,
2010-01-06,5.0,28.0,0.0,0.0,0.0,15.151515151515152,0.0,0.0,0.0,-1.9047619047619064,5.626363636363636,0.0,,,,
2010-01-07,4.0,29.0,0.0,0.0,0.0,12.121212121212121,0.0,0.0,0.0,-2.0408163265306203,5.535757575757576,0.0,,,,
2010-01-08,1.0,31.0,0.0,0.0,0.0,3.125,0.0,0.0,0.0,-3.0266388186581645,5.40875,0.0,,,,
2010-01-11,22.0,13.0,3.0,0.0,0.0,62.857142857142854,0.0,0.0,0.0,0.5670634642531767,5.683421052631579,0.0,,,,
2010-01-12,35.0,2.0,0.0,0.0,0.0,94.5945945945946,0.0,0.0,0.0,2.1396396396396336,5.852972972972973,0.0,,,,
2010-01-13,19.0,17.0,2.0,0.0,0.0,52.77777777777778,0.0,0.0,0.0,0.14556040756913805,5.794736842105263,0.0,,,,
2010-01-14,38.0,0.0,0.0,0.0,0.0,100.0,0.0,0.0,0.0,4.60305219579511,6.0776315789473685,0.0,,,,
2010-01-15,9.0,25.0,3.0,0.0,0.0,26.47058823529412,0.0,0.0,0.0,-0.8264462809917278,6.047027027027028,0.0,,,,
2010-01-18,16.0,17.0,4.0,0.0,0.0,48.484848484848484,0.0,0.0,0.0,0.0,6.086756756756757,0.0,,,,
2010-01-19,4.0,34.0,0.0,0.0,0.0,10.526315789473683,0.0,0.0,0.0,-2.2307570319520713,5.926578947368421,0.0,,,,
2010-01-20,1.0,36.0,0.0,0.0,0.0,2.7027027027027026,0.0,0.0,0.0,-5.345211581291764,5.5721621621621615,0.0,,,,
2010-01-21,32.0,8.0,6.0,0.0,0.0,80.0,0.0,0.0,0.0,0.6654398233345632,5.8663043478260875,0.0,,,,
2010-01-22,1.0,45.0,0.0,0.0,0.0,2.1739130434782608,0.0,0.0,0.0,-5.3062783973564684,5.5465217391304344,0.0,,,,
2010-01-25,3.0,40.0,2.0,0.0,0.0,6.976744186046512,0.0,0.0,0.0,-2.492211838006233,5.41,0.0,,,,
2010-01-26,16.0,28.0,2.0,0.0,0.0,36.36363636363637,0.0,0.0,0.0,-0.8669260934236842,5.410652173913043,0.0,,,,
2010-01-27,13.0,29.0,4.0,0.0,0.0,30.952380952380953,0.0,0.0,0.0,-0.5614495798319353,5.381304347826087,0.0,,,,
2010-01-28,6.0,37.0,3.0,0.0,0.0,13.953488372093023,0.0,0.0,0.0,-2.86030737528977,5.275434782608696,0.0,,,,
2010-01-29,27.0,16.0,3.0,0.0,0.0,62.7906976744186,0.0,0.0,0.0,0.3342644787537148,5.316739130434782,0.0,,,,
2010-02-01,9.0,35.0,2.0,0.0,0.0,20.454545454545457,0.0,0.0,0.0,-3.60211194219948,5.151521739130435,0.0,,,,
2010-02-02,11.0,32.0,3.0,0.0,0.0,25.581395348837212,0.0,0.0,0.0,-1.2625750642028155,5.121956521739131,0.0,,,,
2010-02-03,7.0,34.0,2.0,0.0,0.0,17.073170731707318,0.0,0.0,0.0,-1.3513513513513526,5.166046511627907,0.0,,,,
2010-02-04,25.0,18.0,3.0,0.0,0.0,58.139534883720934,0.0,0.0,0.0,0.3178235443681665,5.044782608695653,0.0,,,,
2010-02-05,22.0,18.0,6.0,0.0,0.0,55.00000000000001,0.0,0.0,0.0,0.0,5.092826086956522,0.0,,,,
2010-02-08,41.0,3.0,2.0,0.0,0.0,93.18181818181817,0.0,0.0,0.0,1.5790785444705486,5.176521739130435,0.0,,,,
2010-02-09,8.0,34.0,2.0,0.0,0.0,19.047619047619047,0.0,0.0,0.0,-0.9196146913023857,4.964318181818182,0.0,,,,
2010-02-10,46.0,0.0,0.0,0.0,0.0,100.0,0.0,0.0,0.0,3.8796992481202963,5.370434782608696,0.0,,,,
2010-02-11,34.0,10.0,2.0,0.0,0.0,77.27272727272727,0.0,0.0,0.0,0.8447871270533054,5.4421739130434785,0.0,,,,
2010-02-12,46.0,3.0,1.0,0.0,0.0,93.87755102040816,0.0,0.0,0.0,1.7871464565811375,5.6588,0.0,,,,
2010-02-22,7.0,42.0,1.0,0.0,0.0,14.285714285714285,0.0,0.0,0.0,-2.1250174710518097,5.5851999999999995,0.0,,,,
2010-02-23,45.0,3.0,2.0,0.0,0.0,93.75,0.0,0.0,0.0,1.7548326173900195,5.7212,0.0,,,,
2010-02-24,46.0,2.0,1.0,0.0,0.0,95.83333333333334,0.0,0.0,0.0,4.401408450704226,5.954897959183674,0.0,,,,
2010-02-25,38.0,5.0,4.0,0.0,0.0,88.37209302325581,0.0,0.0,0.0,1.0256410256410264,5.876382978723404,0.0,,,,
2010-02-26,17.0,30.0,0.0,0.0,0.0,36.17021276595745,0.0,0.0,0.0,-0.555555555555556,6.014680851063829,0.0,,,,
2010-03-01,43.0,9.0,2.0,0.0,0.0,82.6923076923077,0.0,0.0,0.0,1.1605589539255818,6.186851851851851,0.0,,,,
2010-03-02,26.0,23.0,5.0,0.0,0.0,53.06122448979592,0.0,0.0,0.0,0.0,6.1994444444444445,0.0,,,,
2010-03-03,9.0,45.0,0.0,0.0,0.0,16.666666666666664,0.0,0.0,0.0,-1.4495798319327764,6.115925925925926,0.0,,,,
2010-03-04,4.0,49.0,0.0,0.0,0.0,7.547169811320755,0.0,0.0,0.0,-4.319654427645792,5.8058490566037735,0.0,,,,
2010-03-05,45.0,6.0,2.0,0.0,0.0,88.23529411764706,0.0,0.0,0.0,1.666666666666657,6.033584905660377,0.0,,,,
2010-03-08,52.0,2.0,0.0,0.0,0.0,96.29629629629629,0.0,0.0,0.0,2.339272496563389,6.149259259259259,0.0,,,,
2010-03-09,29.0,23.0,2.0,0.0,0.0,55.769230769230774,0.0,0.0,0.0,0.2635834860347547,6.201851851851852,0.0,,,,
2010-03-10,15.0,36.0,1.0,0.0,0.0,29.411764705882355,0.0,0.0,0.0,-1.136400322841002,6.059230769230769,0.0,,,,
2010-03-11,48.0,4.0,2.0,0.0,0.0,92.3076923076923,0.0,0.0,0.0,2.397358598908977,6.327407407407407,0.0,,,,
2010-03-12,27.0,24.0,2.0,0.0,0.0,52.94117647058824,0.0,0.0,1.0,0.2531645569620199,6.427924528301887,0.0,,,,
2010-03-15,37.0,14.0,2.0,0.0,0.0,72.54901960784314,0.0,0.0,0.0,1.156069364161851,6.418867924528302,0.0,,,,
2010-03-16,8.0,43.0,3.0,0.0,0.0,15.686274509803921,0.0,0.0,0.0,-1.5061677498625832,6.270185185185185,0.0,,,,
2010-03-17,53.0,0.0,0.0,0.0,0.0,100.0,0.0,0.0,0.0,2.3474178403755928,6.498490566037736,0.0,,,,
2010-03-18,26.0,26.0,2.0,0.0,0.0,50.0,0.0,0.0,0.0,0.0,6.46074074074074,0.0,,,,
2010-03-19,21.0,28.0,4.0,0.0,0.0,42.857142857142854,0.0,0.0,0.0,-0.2894356005788778,6.423207547169811,0.0,,,,
2010-03-22,41.0,12.0,2.0,0.0,0.0,77.35849056603774,0.0,0.0,0.0,1.1611030478955018,6.449636363636364,0.0,,,,
2010-03-23,36.0,19.0,2.0,0.0,0.0,65.45454545454545,0.0,0.0,0.0,0.7575757575757683,6.50280701754386,0.0,,,,
2010-03-24,51.0,3.0,2.0,0.0,0.0,94.44444444444444,0.0,0.0,0.0,2.25493572084481,6.4905357142857145,0.0,,,,
2010-03-25,54.0,0.0,1.0,0.0,0.0,100.0,0.0,0.0,0.0,2.793296089385477,6.821818181818181,0.0,,,,
2010-03-26,5.0,49.0,0.0,0.0,0.0,9.25925925925926,0.0,0.0,0.0,-3.1133250311332485,6.717592592592593,0.0,,,,
2010-03-29,21.0,32.0,3.0,0.0,0.0,39.62264150943396,0.0,0.0,0.0,-0.924208779678387,6.693928571428572,0.0,,,,
2010-03-30,53.0,4.0,1.0,0.0,0.0,92.98245614035088,0.0,0.0,0.0,1.9345906301451854,6.493103448275862,0.0,,,,
2010-03-31,52.0,6.0,1.0,0.0,0.0,89.65517241379311,0.0,0.0,0.0,2.370689655172421,6.929661016949152,0.0,,,,
2010-04-01,32.0,24.0,4.0,0.0,0.0,57.14285714285714,0.0,0.0,0.0,0.309285249913948,6.907833333333333,0.0,,,,
2010-04-02,21.0,36.0,2.0,0.0,0.0,36.84210526315789,0.0,0.0,0.0,-0.4784688995215209,6.952711864406779,0.0,,,,
2010-04-06,59.0,0.0,0.0,0.0,0.0,100.0,0.0,0.0,0.0,2.78019113814075,7.166271186440678,0.0,,,,
2010-04-07,54.0,4.0,2.0,0.0,0.0,93.10344827586206,0.0,0.0,0.0,1.8143833881995444,7.275499999999999,0.0,,,,
2010-04-08,4.0,52.0,1.0,0.0,0.0,7.142857142857142,0.0,0.0,0.0,-3.2710280373831906,7.1307017543859645,0.0,,,,
2010-04-09,57.0,0.0,2.0,0.0,0.0,100.0,0.0,0.0,0.0,3.041825095057048,7.31135593220339,0.0,,,,
2010-04-12,45.0,10.0,1.0,0.0,0.0,81.81818181818183,0.0,0.0,0.0,1.791666666666667,7.595535714285715,0.0,,,,
2010-04-13,1.0,57.0,1.0,0.0,0.0,1.7241379310344827,0.0,0.0,12.0,-8.080808080808078,7.047627118644068,0.0,,,,
2010-04-14,20.0,36.0,2.0,0.0,0.0,35.714285714285715,0.0,0.0,0.0,-0.8817051049494631,6.701379310344827,0.0,,,,
2010-04-15,2.0,58.0,0.0,0.0,0.0,3.3333333333333335,0.0,0.0,3.0,-5.828410311493015,6.5325,0.0,,,,
2010-04-16,53.0,2.0,1.0,0.0,0.0,96.36363636363636,0.0,0.0,0.0,1.7549261083743777,6.7475000000000005,0.0,,,,
2010-04-19,12.0,41.0,3.0,0.0,0.0,22.641509433962266,0.0,0.0,0.0,-1.5810150480315357,6.695535714285714,0.0,,,,
2010-04-20,16.0,43.0,0.0,0.0,0.0,27.11864406779661,0.0,0.0,0.0,-1.8108651911468785,6.346610169491525,0.0,,,,
2010-04-21,57.0,0.0,0.0,0.0,0.0,100.0,0.0,0.0,0.0,3.8461538461538423,6.69859649122807,0.0,,,,
2010-04-22,56.0,3.0,2.0,0.0,0.0,94.91525423728814,0.0,0.0,0.0,2.103681442524413,7.241147540983606,0.0,,,,
2010-04-23,18.0,43.0,2.0,0.0,0.0,29.508196721311474,0.0,0.0,0.0,-2.010050251256283,6.852380952380952,0.0,,,,
2010-04-26,11.0,50.0,2.0,0.0,0.0,18.0327868852459,0.0,0.0,2.0,-3.4638554216867403,6.938095238095238,0.0,,,,
2010-04-27,8.0,53.0,2.0,0.0,0.0,13.114754098360656,0.0,0.0,1.0,-4.340277777777778,6.583809523809523,0.0,,,,
2010-04-28,18.0,46.0,3.0,0.0,0.0,28.125,0.0,0.0,0.0,-1.746724890829696,6.566119402985075,0.0,,,,
2010-04-29,7.0,60.0,0.0,0.0,0.0,10.44776119402985,0.0,0.0,1.0,-2.830188679245285,6.268955223880597,0.0,,,,
2010-04-30,11.0,56.0,1.0,0.0,0.0,16.417910447761194,0.0,0.0,1.0,-2.804688712932778,6.196911764705882,0.0,,,,
2010-05-04,44.0,24.0,5.0,0.0,0.0,64.70588235294117,0.0,0.0,0.0,0.470219435736681,6.51972602739726,0.0,,,,
2010-05-05,72.0,0.0,0.0,0.0,0.0,100.0,0.0,0.0,0.0,4.042036086771722,6.729861111111111,0.0,,,,
2010-05-06,6.0,65.0,0.0,0.0,0.0,8.450704225352112,0.0,0.0,0.0,-4.183266932270916,6.5763380281690145,0.0,,,,
2010-05-07,20.0,51.0,2.0,0.0,0.0,28.169014084507044,0.0,0.0,1.0,-1.91126279863482,6.445479452054794,0.0,,,,
2010-05-10,5.0,66.0,1.0,0.0,0.0,7.042253521126761,0.0,0.0,3.0,-5.199442557073536,6.070972222222222,0.0,,,,
2010-05-11,8.0,64.0,1.0,0.0,0.0,11.11111111111111,0.0,0.0,4.0,-3.733031674208145,5.908493150684931,0.0,,,,
2010-05-12,18.0,50.0,5.0,0.0,0.0,26.47058823529412,0.0,0.0,0.0,-1.4010507880910694,5.834794520547945,0.0,,,,
2010-05-13,64.0,5.0,3.0,0.0,0.0,92.7536231884058,0.0,0.0,0.0,2.16122177334609,5.842638888888889,0.0,,,,
2010-05-14,38.0,31.0,4.0,0.0,0.0,55.072463768115945,0.0,0.0,0.0,0.1569858712715822,5.947123287671233,0.0,,,,
2010-05-17,1.0,72.0,0.0,0.0,0.0,1.36986301369863,0.0,0.0,0.0,-5.631659056316591,5.626986301369863,0.0,,,,
2010-05-18,44.0,24.0,2.0,0.0,0.0,64.70588235294117,0.0,0.0,0.0,0.6924909323788896,5.795714285714285,0.0,,,,
2010-05-19,72.0,0.0,0.0,0.0,0.0,100.0,0.0,0.0,0.0,2.8388278388278385,5.894166666666667,0.0,,,,
2010-05-20,8.0,63.0,1.0,0.0,0.0,11.267605633802818,0.0,0.0,0.0,-2.1659273779754784,5.666805555555555,0.0,,,,
2010-05-21,70.0,3.0,0.0,0.0,0.0,95.8904109589041,0.0,0.0,0.0,4.000000000000004,5.934931506849315,0.0,,,,
2010-05-24,75.0,0.0,0.0,0.0,0.0,100.0,0.0,0.0,0.0,4.437400950871637,6.414000000000001,0.0,,,,
2010-05-25,24.0,45.0,7.0,0.0,0.0,34.78260869565217,0.0,0.0,0.0,-1.0952295082524914,6.329736842105263,0.0,,,,
2010-05-26,17.0,53.0,7.0,0.0,0.0,24.285714285714285,0.0,0.0,0.0,-0.7782101167315124,6.24,0.0,,,,
2010-05-27,78.0,2.0,0.0,0.0,0.0,97.5,0.0,0.0,0.0,3.222201033985927,6.420999999999999,0.0,,,,
2010-05-28,40.0,34.0,7.0,0.0,0.0,54.054054054054056,0.0,0.0,0.0,0.0,6.448148148148148,0.0,,,,
2010-05-31,5.0,72.0,2.0,0.0,0.0,6.493506493506493,0.0,0.0,0.0,-3.50584307178631,6.257721518987342,0.0,,,,
2010-06-01,6.0,75.0,0.0,0.0,0.0,7.4074074074074066,0.0,0.0,0.0,-3.825136612021861,6.024320987654321,0.0,,,,
2010-06-02,74.0,4.0,2.0,0.0,0.0,94.87179487179486,0.0,0.0,0.0,1.9491927825261177,6.198125,0.0,,,,
2010-06-03,42.0,36.0,2.0,0.0,0.0,53.84615384615385,0.0,0.0,0.0,0.20645238955098932,6.16225,0.0,,,,
2010-06-04,77.0,4.0,0.0,0.0,0.0,95.06172839506173,0.0,0.0,0.0,2.7027027027027053,6.323086419753086,0.0,,,,
2010-06-07,80.0,1.0,0.0,0.0,0.0,98.76543209876543,0.0,0.0,0.0,3.797468354430374,6.5801234567901234,0.0,,,,
2010-06-08,36.0,39.0,4.0,0.0,0.0,48.0,0.0,0.0,0.0,0.0,6.63746835443038,0.0,,,,
2010-06-09,40.0,32.0,8.0,0.0,0.0,55.55555555555556,0.0,0.0,0.0,0.0643500643500687,6.37025,0.0,,,,
2010-06-10,81.0,0.0,0.0,0.0,0.0,100.0,0.0,0.0,0.0,2.5726141078838065,6.853703703703704,0.0,,,,
2010-06-11,52.0,24.0,4.0,0.0,0.0,68.42105263157895,0.0,0.0,0.0,1.0812672176308566,6.936,0.0,,,,
2010-06-17,1.0,76.0,0.0,0.0,0.0,1.2987012987012987,0.0,0.0,1.0,-5.48216644649934,6.726753246753248,0.0,,,,
2010-06-18,1.0,78.0,0.0,0.0,0.0,1.2658227848101267,0.0,0.0,1.0,-6.250000000000005,6.285569620253165,0.0,,,,
2010-06-21,77.0,2.0,0.0,0.0,0.0,97.46835443037975,0.0,0.0,0.0,3.947368421052645,6.361645569620253,0.0,,,,
2010-06-22,32.0,44.0,5.0,0.0,0.0,42.10526315789473,0.0,0.0,0.0,-0.3616636528029016,6.454691358024692,0.0,,,,
2010-06-23,58.0,15.0,7.0,0.0,0.0,79.45205479452055,0.0,0.0,0.0,0.8589401999379171,6.5595,0.0,,,,
2010-06-24,36.0,35.0,9.0,0.0,0.0,50.70422535211267,0.0,0.0,0.0,0.0,6.559375,0.0,,,,
2010-06-25,3.0,75.0,1.0,0.0,0.0,3.8461538461538463,0.0,0.0,0.0,-3.5714285714285614,6.3596202531645565,0.0,,,,
2010-06-28,6.0,73.0,1.0,0.0,0.0,7.59493670886076,0.0,0.0,0.0,-2.586254946769974,6.252625,0.0,,,,
2010-06-29,0.0,82.0,0.0,0.0,0.0,0.0,0.0,0.0,20.0,-7.439783181280303,5.788536585365853,0.0,,,,
2010-06-30,52.0,28.0,1.0,0.0,0.0,65.0,0.0,0.0,0.0,0.8823529411764779,5.684814814814815,0.0,,,,
2010-07-01,4.0,78.0,1.0,0.0,0.0,4.878048780487805,0.0,0.0,1.0,-3.7091988130563793,5.583253012048193,0.0,,,,
2010-07-02,30.0,51.0,2.0,0.0,0.0,37.03703703703704,0.0,0.0,0.0,-1.156069364161851,5.546265060240963,0.0,,,,
2010-07-05,20.0,57.0,6.0,0.0,0.0,25.97402597402597,0.0,0.0,0.0,-0.9950248756218988,5.489638554216867,0.0,,,,
2010-07-06,82.0,0.0,1.0,0.0,0.0,100.0,0.0,0.0,0.0,3.100088573959269,5.6732530120481925,0.0,,,,
2010-07-07,71.0,6.0,6.0,0.0,0.0,92.20779220779221,0.0,0.0,0.0,1.0582010582010593,5.766144578313253,0.0,,,,
2010-07-08,26.0,52.0,4.0,0.0,0.0,33.33333333333333,0.0,0.0,0.0,-1.0489063427553742,5.76280487804878,0.0,,,,
2010-07-09,82.0,3.0,1.0,0.0,0.0,96.47058823529412,0.0,0.0,0.0,2.5181110600320236,5.98639534883721,0.0,,,,
2010-07-12,32.0,43.0,10.0,0.0,0.0,42.66666666666667,0.0,0.0,0.0,-0.1160092807424569,6.012,0.0,,,,
2010-07-13,40.0,44.0,1.0,0.0,0.0,47.61904761904761,0.0,0.0,0.0,-0.4405286343612437,6.03435294117647,0.0,,,,
2010-07-14,20.0,56.0,9.0,0.0,0.0,26.31578947368421,0.0,0.0,0.0,-0.6578947368420912,5.881529411764706,0.0,,,,
2010-07-15,5.0,80.0,1.0,0.0,0.0,5.88235294117647,0.0,0.0,0.0,-4.013677811550152,5.737093023255814,0.0,,,,
2010-07-16,38.0,44.0,4.0,0.0,0.0,46.34146341463415,0.0,0.0,0.0,-0.12337559085849484,5.745116279069768,0.0,,,,
2010-07-19,83.0,1.0,0.0,0.0,0.0,98.80952380952381,0.0,0.0,0.0,1.6608018990145483,5.779761904761905,0.0,,,,
2010-07-20,86.0,0.0,0.0,0.0,0.0,100.0,0.0,0.0,0.0,2.9632876554831427,6.007209302325581,0.0,,,,
2010-07-21,38.0,40.0,7.0,0.0,0.0,48.717948717948715,0.0,0.0,0.0,0.0,6.052941176470588,0.0,,,,
2010-07-22,78.0,5.0,3.0,0.0,0.0,93.97590361445783,0.0,0.0,0.0,0.8516682785299782,6.067441860465116,0.0,,,,
2010-07-23,63.0,12.0,11.0,0.0,0.0,84.0,0.0,0.0,0.0,0.9371306661494745,6.138837209302326,0.0,,,,
2010-07-26,57.0,17.0,11.0,0.0,0.0,77.02702702702703,0.0,0.0,0.0,0.5235602094240842,6.202941176470588,0.0,,,,
2010-07-27,13.0,71.0,1.0,0.0,0.0,15.476190476190476,0.0,0.0,0.0,-1.4519056261343026,6.092823529411764,0.0,,,,
2010-07-28,83.0,2.0,0.0,0.0,0.0,97.6470588235294,0.0,0.0,0.0,1.629327902240327,6.090470588235295,0.0,,,,
2010-07-29,51.0,31.0,8.0,0.0,0.0,62.19512195121951,0.0,0.0,0.0,0.3694586884216674,6.238555555555556,0.0,,,,
2010-07-30,25.0,62.0,2.0,0.0,0.0,28.735632183908045,0.0,0.0,0.0,-0.9202453987730002,6.204157303370786,0.0,,,,
2010-08-02,88.0,1.0,1.0,0.0,0.0,98.87640449438202,0.0,0.0,0.0,2.099105632100563,6.314,0.0,,,,
2010-08-03,10.0,80.0,0.0,0.0,0.0,11.11111111111111,0.0,0.0,0.0,-2.4837519187432657,6.191222222222223,0.0,,,,
2010-08-04,41.0,37.0,11.0,0.0,0.0,52.56410256410257,0.0,0.0,0.0,0.0,6.241460674157303,0.0,,,,
2010-08-05,60.0,24.0,6.0,0.0,0.0,71.42857142857143,0.0,0.0,0.0,0.42401749856568216,6.263111111111111,0.0,,,,
2010-08-06,86.0,1.0,3.0,0.0,0.0,98.85057471264368,0.0,0.0,0.0,2.378776007660832,6.412000000000001,0.0,,,,
2010-08-09,88.0,4.0,0.0,0.0,0.0,95.65217391304348,0.0,0.0,0.0,2.067171445595781,6.618695652173913,0.0,,,,
2010-08-10,8.0,84.0,0.0,0.0,0.0,8.695652173913043,0.0,0.0,0.0,-4.0996991834980605,6.3754347826086954,0.0,,,,
2010-08-11,76.0,11.0,4.0,0.0,0.0,87.35632183908046,0.0,0.0,0.0,0.8503401360544187,6.446593406593406,0.0,,,,
2010-08-12,22.0,68.0,1.0,0.0,0.0,24.444444444444443,0.0,0.0,0.0,-1.6819571865443472,6.373736263736264,0.0,,,,
2010-08-13,83.0,9.0,1.0,0.0,0.0,90.21739130434783,0.0,0.0,0.0,1.4693877551020385,6.620430107526882,0.0,,,,
2010-08-16,85.0,3.0,2.0,0.0,0.0,96.5909090909091,0.0,0.0,0.0,1.98157001316428,6.56,0.0,,,,
2010-08-17,48.0,37.0,8.0,0.0,0.0,56.470588235294116,0.0,0.0,0.0,0.1897533206831247,6.6469892473118275,0.0,,,,
2010-08-18,24.0,63.0,3.0,0.0,0.0,27.586206896551722,0.0,0.0,0.0,-1.0295542635658927,6.712555555555555,0.0,,,,
2010-08-19,36.0,49.0,9.0,0.0,0.0,42.35294117647059,0.0,0.0,0.0,-0.130385565786383,6.708723404255319,0.0,,,,
2010-08-20,13.0,79.0,2.0,0.0,0.0,14.130434782608695,0.0,0.0,0.0,-2.968781623153215,6.532021276595745,0.0,,,,
2010-08-23,37.0,51.0,6.0,0.0,0.0,42.04545454545455,0.0,0.0,0.0,-0.27525367257307287,6.637872340425532,0.0,,,,
2010-08-24,68.0,23.0,6.0,0.0,0.0,74.72527472527473,0.0,0.0,0.0,0.8230452674897125,6.766907216494845,0.0,,,,
2010-08-25,13.0,82.0,2.0,0.0,0.0,13.684210526315791,0.0,0.0,0.0,-3.237095363079608,6.581855670103093,0.0,,,,
2010-08-26,48.0,39.0,12.0,0.0,0.0,55.172413793103445,0.0,0.0,0.0,0.0,6.5753535353535355,0.0,,,,
2010-08-27,86.0,7.0,3.0,0.0,0.0,92.47311827956989,0.0,0.0,0.0,1.5993605115907326,6.7828124999999995,0.0,,,,
2010-08-30,97.0,2.0,1.0,0.0,0.0,97.97979797979798,0.0,0.0,0.0,2.3128695922813565,6.8532,0.0,,,,
2010-08-31,49.0,48.0,4.0,0.0,0.0,50.51546391752577,0.0,0.0,0.0,0.0,6.90019801980198,0.0,,,,
2010-09-01,7.0,95.0,0.0,0.0,0.0,6.862745098039216,0.0,0.0,0.0,-3.355597353908359,6.6517647058823535,0.0,,,,
2010-09-02,92.0,5.0,5.0,0.0,0.0,94.84536082474226,0.0,0.0,0.0,1.4712701716782515,6.875588235294117,0.0,,,,
2010-09-03,90.0,13.0,2.0,0.0,0.0,87.37864077669903,0.0,0.0,0.0,1.999999999999993,7.027523809523809,0.0,,,,
2010-09-06,6.0,94.0,4.0,0.0,0.0,6.0,0.0,0.0,1.0,-2.2615270174459807,6.8158653846153845,0.0,,,,
2010-09-07,84.0,14.0,8.0,0.0,0.0,85.71428571428571,0.0,0.0,0.0,0.8651588316559813,6.951509433962264,0.0,,,,
2010-09-08,53.0,46.0,6.0,0.0,0.0,53.535353535353536,0.0,0.0,0.0,0.1459854014598638,7.013047619047619,0.0,,,,
2010-09-09,42.0,58.0,5.0,0.0,0.0,42.0,0.0,0.0,0.0,-0.3787878787878875,6.917809523809524,0.0,,,,
2010-09-10,70.0,28.0,2.0,0.0,0.0,71.42857142857143,0.0,0.0,0.0,0.8728210421669871,6.904400000000001,0.0,,,,
2010-09-13,76.0,27.0,2.0,0.0,0.0,73.7864077669903,0.0,0.0,0.0,0.5769230769230818,7.030571428571429,0.0,,,,
2010-09-14,33.0,71.0,2.0,0.0,0.0,31.73076923076923,0.0,0.0,0.0,-1.0152949709390575,7.002264150943397,0.0,,,,
2010-09-15,3.0,101.0,0.0,0.0,0.0,2.8846153846153846,0.0,0.0,0.0,-4.5218691228239445,6.686346153846154,0.0,,,,
2010-09-16,20.0,84.0,1.0,0.0,0.0,19.230769230769234,0.0,0.0,0.0,-2.608695652173896,6.581238095238095,0.0,,,,
2010-09-17,34.0,56.0,14.0,0.0,0.0,37.77777777777778,0.0,0.0,0.0,-0.2385571969954946,6.4744230769230775,0.0,,,,
2010-09-20,11.0,94.0,2.0,0.0,0.0,10.476190476190476,0.0,0.0,0.0,-2.539062499999998,6.439345794392524,0.0,,,,
2010-09-21,23.0,79.0,5.0,0.0,0.0,22.54901960784314,0.0,0.0,1.0,-1.62601626016261,6.3328971962616825,0.0,,,,
2010-09-27,96.0,6.0,2.0,0.0,0.0,94.11764705882352,0.0,0.0,0.0,1.574029834899394,6.511538461538462,0.0,,,,
2010-09-28,30.0,72.0,4.0,0.0,0.0,29.411764705882355,0.0,0.0,0.0,-1.4665424845966464,6.382264150943396,0.0,,,,
2010-09-29,20.0,85.0,4.0,0.0,0.0,19.047619047619047,0.0,0.0,0.0,-1.632653061224491,6.141009174311927,0.0,,,,
2010-09-30,102.0,5.0,3.0,0.0,0.0,95.32710280373831,0.0,0.0,0.0,1.6902425884811363,6.265545454545455,0.0,,,,
2010-10-08,103.0,4.0,3.0,0.0,0.0,96.26168224299066,0.0,0.0,0.0,1.9277220364176904,6.393272727272727,0.0,,,,
2010-10-11,27.0,78.0,4.0,0.0,0.0,25.71428571428571,0.0,0.0,0.0,-1.1006289308176145,6.295871559633028,0.0,,,,
2010-10-12,60.0,40.0,10.0,0.0,0.0,60.0,0.0,0.0,0.0,0.21582231327994517,6.343,0.0,,,,
2010-10-13,73.0,33.0,4.0,0.0,0.0,68.86792452830188,0.0,0.0,0.0,0.7637593283582096,6.400818181818182,0.0,,,,
2010-10-14,30.0,79.0,5.0,0.0,0.0,27.522935779816514,0.0,0.0,0.0,-1.1318807147752556,6.42280701754386,0.0,,,,
2010-10-15,20.0,94.0,0.0,0.0,0.0,17.543859649122805,0.0,0.0,1.0,-2.102844003827677,6.30719298245614,0.0,,,,
2010-10-18,27.0,83.0,3.0,0.0,0.0,24.545454545454547,0.0,0.0,0.0,-1.7857142857142794,6.1996460176991155,0.0,,,,
2010-10-19,111.0,0.0,1.0,0.0,0.0,100.0,0.0,0.0,0.0,6.385859947494925,6.6693750000000005,0.0,,,,
2010-10-20,60.0,53.0,3.0,0.0,0.0,53.09734513274337,0.0,0.0,1.0,0.1998917414166439,6.575603448275862,0.0,,,,
2010-10-21,33.0,77.0,7.0,0.0,0.0,30.0,0.0,0.0,0.0,-1.0309278350515505,6.552649572649573,0.0,,,,
2010-10-22,103.0,8.0,5.0,0.0,0.0,92.7927927927928,0.0,0.0,0.0,1.741043509336187,6.688879310344827,0.0,,,,
2010-10-25,111.0,4.0,0.0,0.0,0.0,96.52173913043478,0.0,0.0,0.0,2.228412256267412,6.865391304347826,0.0,,,,
2010-10-26,33.0,82.0,2.0,0.0,0.0,28.695652173913043,0.0,0.0,0.0,-0.9708737864077678,6.852051282051282,0.0,,,,
2010-10-27,40.0,73.0,6.0,0.0,0.0,35.39823008849557,0.0,0.0,0.0,-0.5434782608695536,6.840756302521008,0.0,,,,
2010-10-28,69.0,47.0,5.0,0.0,0.0,59.48275862068966,0.0,0.0,0.0,0.5671077504725945,6.8554545454545455,0.0,,,,
2010-10-29,115.0,4.0,2.0,0.0,0.0,96.63865546218487,0.0,0.0,0.0,2.454642475987198,7.050413223140496,0.0,,,,
2010-11-01,119.0,2.0,0.0,0.0,0.0,98.34710743801654,0.0,0.0,0.0,3.3365109628217318,7.335785123966942,0.0,,,,
2010-11-02,10.0,111.0,0.0,0.0,0.0,8.264462809917356,0.0,0.0,0.0,-3.007518796992484,7.1018181818181825,0.0,,,,
2010-11-03,9.0,112.0,0.0,0.0,0.0,7.43801652892562,0.0,0.0,0.0,-3.35570469798658,6.85603305785124,0.0,,,,
2010-11-04,102.0,13.0,5.0,0.0,0.0,88.69565217391305,0.0,0.0,0.0,1.3805199533191965,6.985083333333334,0.0,,,,
2010-11-05,97.0,18.0,7.0,0.0,0.0,84.34782608695653,0.0,0.0,0.0,0.9123575172643251,7.060409836065574,0.0,,,,
2010-11-08,115.0,3.0,3.0,0.0,0.0,97.45762711864407,0.0,0.0,0.0,2.895752895752903,7.264628099173554,0.0,,,,
2010-11-09,71.0,47.0,7.0,0.0,0.0,60.16949152542372,0.0,0.0,0.0,0.4237288135593318,7.31624,0.0,,,,
2010-11-10,108.0,14.0,1.0,0.0,0.0,88.52459016393442,0.0,0.0,0.0,1.872074882995321,7.373252032520325,0.0,,,,
2010-11-11,33.0,90.0,3.0,0.0,0.0,26.82926829268293,0.0,0.0,0.0,-1.4286038232159401,7.409047619047619,0.0,,,,
2010-11-12,11.0,111.0,0.0,0.0,0.0,9.01639344262295,0.0,0.0,0.0,-5.097886347886347,6.974590163934426,0.0,,,,
2010-11-15,123.0,3.0,0.0,0.0,0.0,97.61904761904762,0.0,0.0,0.0,5.598563139598287,7.499603174603175,0.0,,,,
2010-11-16,37.0,91.0,2.0,0.0,0.0,28.90625,0.0,0.0,1.0,-2.07744821092278,7.477384615384615,0.0,,,,
2010-11-17,24.0,101.0,4.0,0.0,0.0,19.2,0.0,0.0,3.0,-2.6011560693641576,7.258217054263565,0.0,,,,
2010-11-18,106.0,19.0,3.0,0.0,0.0,84.8,0.0,0.0,0.0,1.5968636450564082,7.45078125,0.0,,,,
2010-11-19,128.0,1.0,0.0,0.0,0.0,99.2248062015504,0.0,0.0,0.0,4.180064308681683,7.700232558139535,0.0,,,,
2010-11-22,95.0,33.0,2.0,0.0,0.0,74.21875,0.0,0.0,0.0,1.3725710056849385,7.801769230769231,0.0,,,,
2010-11-23,75.0,48.0,4.0,0.0,0.0,60.97560975609756,0.0,0.0,0.0,0.9836065573770574,7.916850393700788,0.0,,,,
2010-11-24,113.0,8.0,9.0,0.0,0.0,93.38842975206612,0.0,0.0,0.0,1.7482793998204538,8.041307692307692,0.0,,,,
2010-11-25,9.0,116.0,4.0,0.0,0.0,7.199999999999999,0.0,0.0,0.0,-1.983002832861181,7.796046511627907,0.0,,,,
2010-11-26,81.0,37.0,11.0,0.0,0.0,68.64406779661016,0.0,0.0,0.0,0.4658385093167602,7.946666666666665,0.0,,,,
2010-11-29,100.0,25.0,3.0,0.0,0.0,80.0,0.0,0.0,0.0,1.4730594904202312,8.06484375,0.0,,,,
2010-11-30,9.0,120.0,0.0,0.0,0.0,6.976744186046512,0.0,0.0,0.0,-3.9840637450199066,7.832558139534884,0.0,,,,
2010-12-01,39.0,81.0,9.0,0.0,0.0,32.5,0.0,0.0,0.0,-0.6908462867012095,7.578837209302325,0.0,,,,
2010-12-02,55.0,59.0,16.0,0.0,0.0,48.24561403508772,0.0,0.0,0.0,0.0,7.749461538461538,0.0,,,,
2010-12-03,22.0,105.0,2.0,0.0,0.0,17.322834645669293,0.0,0.0,0.0,-1.981981981981972,7.628527131782946,0.0,,,,
2010-12-06,14.0,112.0,3.0,0.0,0.0,11.11111111111111,0.0,0.0,0.0,-2.6162790697674376,7.450077519379844,0.0,,,,
2010-12-07,121.0,5.0,2.0,0.0,0.0,96.03174603174604,0.0,0.0,0.0,1.5502269320765762,7.573203125,0.0,,,,
2010-12-08,36.0,84.0,8.0,0.0,0.0,30.0,0.0,0.0,0.0,-0.8089452138315516,7.59375,0.0,,,,
2010-12-09,24.0,100.0,4.0,0.0,0.0,19.35483870967742,0.0,0.0,0.0,-1.4521684121740344,7.497421875,0.0,,,,
2010-12-10,121.0,8.0,3.0,0.0,0.0,93.7984496124031,0.0,0.0,0.0,1.9088445598214665,7.596742424242424,0.0,,,,
2010-12-13,129.0,0.0,0.0,0.0,0.0,100.0,0.0,0.0,0.0,3.2481751824817544,7.854496124031008,0.0,,,,
2010-12-14,83.0,39.0,10.0,0.0,0.0,68.0327868852459,0.0,0.0,0.0,0.43052329890794105,7.898939393939394,0.0,,,,
2010-12-15,31.0,95.0,2.0,0.0,0.0,24.6031746031746,0.0,0.0,0.0,-0.9527266128300476,7.97640625,0.0,,,,
2010-12-16,94.0,34.0,5.0,0.0,0.0,73.4375,0.0,0.0,0.0,0.7798960138648323,7.85639097744361,0.0,,,,
2010-12-17,91.0,34.0,7.0,0.0,0.0,72.8,0.0,0.0,0.0,0.7115433296768239,7.933257575757576,0.0,,,,
2010-12-20,38.0,93.0,2.0,0.0,0.0,29.00763358778626,0.0,0.0,0.0,-1.675485008818338,7.955939849624061,0.0,,,,
2010-12-21,65.0,63.0,6.0,0.0,0.0,50.78125,0.0,0.0,0.0,0.0,7.9084328358208955,0.0,,,,
2010-12-22,32.0,94.0,5.0,0.0,0.0,25.396825396825395,0.0,0.0,0.0,-1.283316880552821,7.80854961832061,0.0,,,,
2010-12-23,9.0,127.0,2.0,0.0,0.0,6.61764705882353,0.0,0.0,0.0,-2.462091643103448,7.6573913043478266,0.0,,,,
2010-12-24,10.0,125.0,3.0,0.0,0.0,7.4074074074074066,0.0,0.0,0.0,-2.6576728315910665,7.456159420289856,0.0,,,,
2010-12-27,4.0,130.0,0.0,0.0,0.0,2.9850746268656714,0.0,0.0,2.0,-3.606631548330795,7.108358208955224,0.0,,,,
2010-12-28,50.0,83.0,5.0,0.0,0.0,37.59398496240601,0.0,0.0,0.0,-0.7167838886967208,7.092101449275362,0.0,,,,
2010-12-29,131.0,1.0,4.0,0.0,0.0,99.24242424242425,0.0,0.0,0.0,1.8006377516964165,7.1402205882352945,0.0,,,,
2010-12-30,70.0,60.0,10.0,0.0,0.0,53.84615384615385,0.0,0.0,0.0,0.0532481363152278,7.252857142857143,0.0,,,,
2010-12-31,131.0,7.0,3.0,0.0,0.0,94.92753623188406,0.0,0.0,0.0,1.3835511145272843,7.410354609929077,0.0,,,,
2011-01-04,116.0,16.0,9.0,0.0,0.0,87.87878787878788,0.0,0.0,0.0,1.1149825783972136,7.548156028368794,0.0,,,,
2011-01-05,53.0,76.0,11.0,0.0,0.0,41.08527131782946,0.0,0.0,0.0,-0.3665134209777441,7.525928571428572,0.0,,,,
2011-01-06,27.0,105.0,8.0,0.0,0.0,20.454545454545457,0.0,0.0,0.0,-1.6535376030247848,7.4290714285714285,0.0,,,,
2011-01-07,34.0,93.0,13.0,0.0,0.0,26.77165354330709,0.0,0.0,0.0,-1.0591429736442102,7.391857142857142,0.0,,,,
2011-01-10,11.0,127.0,6.0,0.0,0.0,7.971014492753622,0.0,0.0,0.0,-2.8024779285250876,7.170416666666666,0.0,,,,
2011-01-11,29.0,111.0,4.0,0.0,0.0,20.714285714285715,0.0,0.0,1.0,-1.7070253929132964,7.017222222222222,0.0,,,,
2011-01-12,101.0,33.0,8.0,0.0,0.0,75.3731343283582,0.0,0.0,0.0,0.7900923768308958,7.1243661971830985,0.0,,,,
2011-01-13,50.0,80.0,10.0,0.0,0.0,38.46153846153847,0.0,0.0,0.0,-0.3733316632569359,7.0869285714285715,0.0,,,,
2011-01-14,14.0,128.0,3.0,0.0,0.0,9.859154929577464,0.0,0.0,0.0,-2.722772277227726,6.985724137931035,0.0,,,,
2011-01-17,9.0,137.0,1.0,0.0,0.0,6.164383561643835,0.0,0.0,1.0,-3.953488372093022,6.693061224489796,0.0,,,,
2011-01-18,70.0,64.0,15.0,0.0,0.0,52.23880597014925,0.0,0.0,1.0,0.0,6.719395973154362,0.0,,,,
2011-01-19,142.0,2.0,4.0,0.0,0.0,98.61111111111111,0.0,0.0,0.0,1.760807241334873,6.87777027027027,0.0,,,,
2011-01-20,12.0,135.0,1.0,0.0,0.0,8.16326530612245,0.0,0.0,0.0,-3.6948958470956184,6.661013513513514,0.0,,,,
2011-01-21,89.0,50.0,11.0,0.0,0.0,64.02877697841727,0.0,0.0,0.0,0.26386877576028234,6.637333333333333,0.0,,,,
2011-01-24,18.0,117.0,9.0,0.0,0.0,13.333333333333334,0.0,0.0,8.0,-2.3978889870012536,6.278819444444444,0.0,,,,
2011-01-25,39.0,100.0,10.0,0.0,0.0,28.05755395683453,0.0,0.0,1.0,-1.2006861063464884,6.244228187919463,0.0,,,,
2011-01-26,133.0,11.0,6.0,0.0,0.0,92.36111111111111,0.0,0.0,0.0,1.669190872851448,6.558066666666667,0.0,,,,
2011-01-27,137.0,13.0,2.0,0.0,0.0,91.33333333333333,0.0,0.0,0.0,1.307768318637891,6.514539473684211,0.0,,,,
2011-01-28,113.0,30.0,9.0,0.0,0.0,79.02097902097903,0.0,0.0,0.0,0.5755502923298548,6.603289473684211,0.0,,,,
2011-01-31,110.0,28.0,13.0,0.0,0.0,79.71014492753623,0.0,0.0,1.0,0.5872483221476533,6.66887417218543,0.0,,,,
2011-02-01,63.0,80.0,13.0,0.0,0.0,44.05594405594406,0.0,0.0,0.0,-0.0992610837438402,6.654615384615384,0.0,,,,
2011-02-09,30.0,122.0,9.0,0.0,0.0,19.736842105263158,0.0,0.0,0.0,-1.4000000000000057,6.538695652173913,0.0,,,,
2011-02-10,158.0,1.0,1.0,0.0,0.0,99.37106918238993,0.0,0.0,0.0,3.691024605375194,6.7965,0.0,,,,
2011-02-11,113.0,29.0,16.0,0.0,0.0,79.5774647887324,0.0,0.0,0.0,0.7949025298088428,6.904556962025317,0.0,,,,
2011-02-14,140.0,12.0,9.0,0.0,0.0,92.10526315789474,0.0,0.0,0.0,1.142857142857144,6.975776397515528,0.0,,,,
2011-02-15,41.0,100.0,18.0,0.0,0.0,29.078014184397162,0.0,0.0,0.0,-0.4753416518122299,6.958427672955976,0.0,,,,
2011-02-16,147.0,12.0,4.0,0.0,0.0,92.45283018867924,0.0,0.0,0.0,1.4814814814814827,7.083619631901841,0.0,,,,
2011-02-17,84.0,66.0,13.0,0.0,0.0,56.00000000000001,0.0,0.0,0.0,0.148148148148145,7.079815950920246,0.0,,,,
2011-02-18,45.0,112.0,6.0,0.0,0.0,28.662420382165603,0.0,0.0,0.0,-1.1119936457506,6.983680981595091,0.0,,,,
2011-02-21,149.0,12.0,2.0,0.0,0.0,92.54658385093167,0.0,0.0,0.0,1.413881748071972,7.15159509202454,0.0,,,,
2011-02-22,15.0,144.0,4.0,0.0,0.0,9.433962264150944,0.0,0.0,0.0,-3.6190476190476266,6.864171779141103,0.0,,,,
2011-02-23,143.0,17.0,9.0,0.0,0.0,89.375,0.0,0.0,0.0,1.221640488656185,6.980295857988166,0.0,,,,
2011-02-24,61.0,97.0,11.0,0.0,0.0,38.607594936708864,0.0,0.0,0.0,-0.4255319148936268,6.90698224852071,0.0,,,,
2011-02-25,63.0,97.0,8.0,0.0,0.0,39.375,0.0,0.0,0.0,-0.47191073763878766,6.888333333333334,0.0,,,,
2011-02-28,111.0,44.0,12.0,0.0,0.0,71.61290322580646,0.0,0.0,0.0,0.4878048780487917,6.895389221556886,0.0,,,,
2011-03-01,75.0,84.0,11.0,0.0,0.0,47.16981132075472,0.0,0.0,0.0,0.0,6.902529411764706,0.0,,,,
2011-03-02,36.0,125.0,7.0,0.0,0.0,22.36024844720497,0.0,0.0,0.0,-1.0480549199084677,6.828035714285714,0.0,,,,
2011-03-03,16.0,147.0,6.0,0.0,0.0,9.815950920245399,0.0,0.0,0.0,-2.0304568527918803,6.676213017751479,0.0,,,,
2011-03-04,133.0,26.0,9.0,0.0,0.0,83.64779874213836,0.0,0.0,0.0,0.7574019259157241,6.753392857142857,0.0,,,,
2011-03-07,124.0,32.0,13.0,0.0,0.0,79.48717948717949,0.0,0.0,0.0,0.5865102639296192,6.8286982248520705,0.0,,,,
2011-03-08,122.0,37.0,11.0,0.0,0.0,76.72955974842768,0.0,0.0,0.0,0.5042244688694304,6.853764705882353,0.0,,,,
2011-03-09,73.0,85.0,14.0,0.0,0.0,46.20253164556962,0.0,0.0,0.0,0.0,6.840523255813953,0.0,,,,
2011-03-10,98.0,57.0,16.0,0.0,0.0,63.2258064516129,0.0,0.0,0.0,0.2919708029197148,6.876374269005847,0.0,,,,
2011-03-11,99.0,60.0,13.0,0.0,0.0,62.264150943396224,0.0,0.0,0.0,0.33726908726908755,6.9065697674418605,0.0,,,,
2011-03-14,123.0,44.0,4.0,0.0,0.0,73.65269461077844,0.0,0.0,0.0,0.9345794392523372,6.983157894736841,0.0,,,,
2011-03-15,38.0,127.0,4.0,0.0,0.0,23.03030303030303,0.0,0.0,0.0,-1.6722408026755942,6.803431952662722,0.0,,,,
2011-03-16,113.0,43.0,12.0,0.0,0.0,72.43589743589743,0.0,0.0,0.0,0.521064301552101,6.911369047619047,0.0,,,,
2011-03-17,24.0,145.0,4.0,0.0,0.0,14.201183431952662,0.0,0.0,0.0,-2.2435897435897525,6.803583815028902,0.0,,,,
2011-03-18,120.0,35.0,18.0,0.0,0.0,77.41935483870968,0.0,0.0,0.0,0.5357142857142903,6.83364161849711,0.0,,,,
2011-03-21,53.0,101.0,17.0,0.0,0.0,34.41558441558442,0.0,0.0,0.0,-0.5291005291005296,6.845087719298245,0.0,,,,
2011-03-22,64.0,92.0,18.0,0.0,0.0,41.02564102564102,0.0,0.0,0.0,-0.2526283556190616,6.7538505747126445,0.0,,,,
2011-03-23,142.0,26.0,8.0,0.0,0.0,84.52380952380952,0.0,0.0,0.0,0.860982624681257,6.814659090909092,0.0,,,,
2011-03-24,68.0,96.0,15.0,0.0,0.0,41.46341463414634,0.0,0.0,0.0,-0.1766784452296782,6.816983240223464,0.0,,,,
2011-03-25,84.0,73.0,19.0,0.0,0.0,53.503184713375795,0.0,0.0,0.0,0.0,6.772784090909091,0.0,,,,
2011-03-28,38.0,129.0,5.0,0.0,0.0,22.75449101796407,0.0,0.0,0.0,-1.4582404243442784,6.705116279069768,0.0,,,,
2011-03-29,7.0,164.0,2.0,0.0,0.0,4.093567251461988,0.0,0.0,1.0,-3.732303732303722,6.483468208092486,0.0,,,,
2011-03-30,29.0,139.0,11.0,0.0,0.0,17.261904761904763,0.0,0.0,0.0,-1.325088339222618,6.369608938547486,0.0,,,,
2011-03-31,103.0,54.0,20.0,0.0,0.0,65.60509554140127,0.0,0.0,0.0,0.2677376171352137,6.392429378531074,0.0,,,,
2011-04-01,140.0,25.0,14.0,0.0,0.0,84.84848484848484,0.0,0.0,0.0,0.795755968169756,6.45340782122905,0.0,,,,
2011-04-06,23.0,145.0,9.0,0.0,0.0,13.690476190476192,0.0,0.0,0.0,-1.4164305949008449,6.256610169491526,0.0,,,,
2011-04-07,134.0,37.0,8.0,0.0,0.0,78.3625730994152,0.0,0.0,0.0,0.9225092250922476,6.283575418994413,0.0,,,,
2011-04-08,152.0,15.0,12.0,0.0,0.0,91.01796407185628,0.0,0.0,0.0,1.0273972602739752,6.3095530726256985,0.0,,,,
2011-04-11,19.0,154.0,5.0,0.0,0.0,10.982658959537572,0.0,0.0,0.0,-1.6205884559908643,6.19185393258427,0.0,,,,
2011-04-12,49.0,112.0,19.0,0.0,0.0,30.434782608695656,0.0,0.0,0.0,-0.5546083827525179,6.2055,0.0,,,,
2011-04-13,173.0,7.0,3.0,0.0,0.0,96.11111111111111,0.0,0.0,0.0,1.419558359621449,6.299234972677596,0.0,,,,
2011-04-14,38.0,131.0,16.0,0.0,0.0,22.485207100591715,0.0,0.0,0.0,-0.8042895442359197,6.27027027027027,0.0,,,,
2011-04-15,45.0,116.0,15.0,0.0,0.0,27.95031055900621,0.0,0.0,0.0,-0.5376499494146557,6.180454545454546,0.0,,,,
2011-04-18,53.0,105.0,16.0,0.0,0.0,33.54430379746836,0.0,0.0,0.0,-0.46044647320789467,6.277068965517242,0.0,,,,
2011-04-19,45.0,126.0,4.0,0.0,0.0,26.31578947368421,0.0,0.0,0.0,-1.1280690112806897,6.226514285714286,0.0,,,,
2011-04-20,133.0,31.0,7.0,0.0,0.0,81.09756097560977,0.0,0.0,0.0,0.9842519685039336,6.2646783625730995,0.0,,,,
2011-04-21,97.0,72.0,15.0,0.0,0.0,57.396449704142015,0.0,0.0,0.0,0.22035091125293776,6.25570652173913,0.0,,,,
2011-04-22,47.0,119.0,18.0,0.0,0.0,28.313253012048197,0.0,0.0,0.0,-0.7277204564912237,6.184021739130435,0.0,,,,
2011-04-25,18.0,160.0,8.0,0.0,0.0,10.112359550561797,0.0,0.0,0.0,-2.8922633639669533,6.027150537634409,0.0,,,,
2011-04-26,28.0,152.0,6.0,0.0,0.0,15.555555555555555,0.0,0.0,0.0,-2.225760792639779,5.8523118279569895,0.0,,,,
2011-04-27,27.0,154.0,5.0,0.0,0.0,14.917127071823206,0.0,0.0,0.0,-1.643264326432639,5.809032258064517,0.0,,,,
2011-04-28,8.0,174.0,3.0,0.0,0.0,4.395604395604396,0.0,0.0,2.0,-3.436426116838491,5.595945945945946,0.0,,,,
2011-04-29,150.0,27.0,11.0,0.0,0.0,84.7457627118644,0.0,0.0,0.0,1.0947252783834613,5.666489361702127,0.0,,,,
2011-05-03,147.0,27.0,18.0,0.0,0.0,84.48275862068965,0.0,0.0,0.0,0.8570969740072045,5.678645833333333,0.0,,,,
2011-05-04,16.0,167.0,6.0,0.0,0.0,8.743169398907105,0.0,0.0,0.0,-1.9480519480519496,5.5931216931216925,0.0,,,,
2011-05-05,149.0,27.0,12.0,0.0,0.0,84.6590909090909,0.0,0.0,0.0,0.9148446490218649,5.6455851063829785,0.0,,,,
2011-05-06,117.0,59.0,17.0,0.0,0.0,66.47727272727273,0.0,0.0,0.0,0.3012048192771154,5.6300518134715025,0.0,,,,
2011-05-09,141.0,29.0,15.0,0.0,0.0,82.94117647058825,0.0,0.0,0.0,0.8064516129032264,5.674378378378378,0.0,,,,
2011-05-10,78.0,74.0,31.0,0.0,0.0,51.31578947368421,0.0,0.0,1.0,0.0,5.680983606557376,0.0,,,,
2011-05-11,76.0,97.0,20.0,0.0,0.0,43.93063583815029,0.0,0.0,0.0,-0.1464128843338182,5.681968911917098,0.0,,,,
2011-05-12,15.0,173.0,6.0,0.0,0.0,7.9787234042553195,0.0,0.0,0.0,-2.1346573633741355,5.577731958762886,0.0,,,,
2011-05-13,106.0,70.0,14.0,0.0,0.0,60.22727272727273,0.0,0.0,0.0,0.2503273271400966,5.524368421052631,0.0,,,,
2011-05-16,66.0,100.0,24.0,0.0,0.0,39.75903614457831,0.0,0.0,0.0,-0.1739467148272142,5.616210526315789,0.0,,,,
2011-05-17,56.0,112.0,28.0,0.0,0.0,33.33333333333333,0.0,0.0,0.0,-0.3937984496124033,5.5375,0.0,,,,
2011-05-18,74.0,95.0,22.0,0.0,0.0,43.786982248520715,0.0,0.0,0.0,0.0,5.49130890052356,0.0,,,,
2011-05-19,46.0,134.0,20.0,0.0,0.0,25.555555555555554,0.0,0.0,0.0,-0.597029702970302,5.47015,0.0,,,,
2011-05-20,28.0,148.0,19.0,0.0,0.0,15.909090909090908,0.0,0.0,0.0,-1.1730205278592385,5.4126666666666665,0.0,,,,
2011-05-23,8.0,186.0,1.0,0.0,0.0,4.123711340206185,0.0,0.0,1.0,-4.169611307420493,5.1551282051282055,0.0,,,,
2011-05-24,186.0,9.0,4.0,0.0,0.0,95.38461538461539,0.0,0.0,0.0,2.7777777777777675,5.282663316582915,0.0,,,,
2011-05-25,8.0,186.0,2.0,0.0,0.0,4.123711340206185,0.0,0.0,0.0,-3.2688667724996856,5.146428571428571,0.0,,,,
2011-05-26,23.0,168.0,10.0,0.0,0.0,12.041884816753926,0.0,0.0,0.0,-1.4018691588785164,5.040199004975125,0.0,,,,
2011-05-27,49.0,142.0,9.0,0.0,0.0,25.654450261780106,0.0,0.0,0.0,-1.033278428501707,5.0202,0.0,,,,
2011-05-30,114.0,64.0,20.0,0.0,0.0,64.04494382022472,0.0,0.0,0.0,0.4333740257301255,5.077020202020202,0.0,,,,
2011-05-31,186.0,8.0,7.0,0.0,0.0,95.87628865979381,0.0,0.0,0.0,1.5789473684210502,5.1199502487562185,0.0,,,,
2011-06-01,136.0,40.0,27.0,0.0,0.0,77.27272727272727,0.0,0.0,0.0,0.5110732538330536,5.178325123152709,0.0,,,,
2011-06-02,22.0,176.0,5.0,0.0,0.0,11.11111111111111,0.0,0.0,0.0,-2.0460358056266004,5.107192118226601,0.0,,,,
2011-06-03,188.0,11.0,4.0,0.0,0.0,94.47236180904522,0.0,0.0,0.0,1.5306122448979604,5.146699507389163,0.0,,,,
2011-06-07,95.0,86.0,24.0,0.0,0.0,52.48618784530387,0.0,0.0,0.0,0.0,5.188243902439024,0.0,,,,
2011-06-08,47.0,130.0,25.0,0.0,0.0,26.55367231638418,0.0,0.0,0.0,-0.505709207615687,5.16940594059406,0.0,,,,
2011-06-09,19.0,184.0,3.0,0.0,0.0,9.35960591133005,0.0,0.0,0.0,-2.0494108646901372,5.0527669902912615,0.0,,,,
2011-06-10,77.0,114.0,15.0,0.0,0.0,40.31413612565445,0.0,0.0,0.0,-0.4405628335759343,5.032766990291262,0.0,,,,
2011-06-13,132.0,54.0,22.0,0.0,0.0,70.96774193548387,0.0,0.0,0.0,0.3988039856541989,5.065480769230769,0.0,,,,
2011-06-14,170.0,22.0,15.0,0.0,0.0,88.54166666666666,0.0,0.0,0.0,0.7843137254901967,5.108840579710145,0.0,,,,
2011-06-15,23.0,174.0,9.0,0.0,0.0,11.6751269035533,0.0,0.0,0.0,-1.25987064005397,5.0681067961165045,0.0,,,,
2011-06-16,18.0,180.0,9.0,0.0,0.0,9.090909090909092,0.0,0.0,0.0,-2.061855670103095,4.948985507246377,0.0,,,,
2011-06-17,36.0,160.0,13.0,0.0,0.0,18.367346938775512,0.0,0.0,0.0,-1.030927835051555,4.874688995215311,0.0,,,,
2011-06-20,52.0,139.0,19.0,0.0,0.0,27.225130890052355,0.0,0.0,0.0,-1.1510870764816254,4.821809523809524,0.0,,,,
2011-06-21,170.0,33.0,8.0,0.0,0.0,83.74384236453201,0.0,0.0,1.0,0.8219178082191849,4.849668246445497,0.0,,,,
2011-06-22,51.0,139.0,20.0,0.0,0.0,26.842105263157894,0.0,0.0,0.0,-0.4368144969003406,4.777380952380953,0.0,,,,
2011-06-23,210.0,1.0,1.0,0.0,0.0,99.52606635071089,0.0,0.0,0.0,2.9366376180101605,4.9441509433962265,0.0,,,,
2011-06-24,204.0,3.0,2.0,0.0,0.0,98.55072463768117,0.0,0.0,0.0,2.094240837696337,5.094736842105263,0.0,,,,
2011-06-27,172.0,25.0,16.0,0.0,0.0,87.30964467005076,0.0,0.0,0.0,0.9259259259259198,5.090892018779342,0.0,,,,
2011-06-28,80.0,107.0,26.0,0.0,0.0,42.780748663101605,0.0,0.0,0.0,-0.0641436818473366,5.136291079812207,0.0,,,,
2011-06-29,39.0,165.0,8.0,0.0,0.0,19.11764705882353,0.0,0.0,0.0,-1.2176588331232798,5.068254716981132,0.0,,,,
2011-06-30,178.0,19.0,14.0,0.0,0.0,90.35532994923858,0.0,0.0,0.0,0.8510638297872347,5.155545023696682,0.0,,,,
2011-07-01,159.0,43.0,14.0,0.0,0.0,78.71287128712872,0.0,0.0,0.0,0.7667734760070923,5.178888888888889,0.0,,,,
2011-07-04,211.0,1.0,3.0,0.0,0.0,99.52830188679245,0.0,0.0,0.0,2.038626609442055,5.261767441860465,0.0,,,,
2011-07-05,122.0,70.0,21.0,0.0,0.0,63.541666666666664,0.0,0.0,0.0,0.2481389578163718,5.307089201877934,0.0,,,,
2011-07-06,169.0,31.0,16.0,0.0,0.0,84.5,0.0,0.0,0.0,1.0001000100010011,5.4111111111111105,0.0,,,,
2011-07-07,145.0,56.0,18.0,0.0,0.0,72.13930348258707,0.0,0.0,0.0,0.9310986964618216,5.465753424657534,0.0,,,,
2011-07-08,52.0,155.0,12.0,0.0,0.0,25.120772946859905,0.0,0.0,0.0,-0.8604206500956179,5.434337899543379,0.0,,,,
2011-07-11,143.0,54.0,21.0,0.0,0.0,72.58883248730965,0.0,0.0,0.0,0.5776329834548952,5.469266055045871,0.0,,,,
2011-07-12,32.0,184.0,4.0,0.0,0.0,14.814814814814813,0.0,0.0,0.0,-2.3552949566181987,5.376681818181818,0.0,,,,
2011-07-13,220.0,2.0,1.0,0.0,0.0,99.09909909909909,0.0,0.0,0.0,2.222222222222224,5.490807174887893,0.0,,,,
2011-07-14,198.0,19.0,6.0,0.0,0.0,91.24423963133641,0.0,0.0,0.0,2.106969205834682,5.626547085201794,0.0,,,,
2011-07-15,165.0,45.0,13.0,0.0,0.0,78.57142857142857,0.0,0.0,0.0,1.4981273408239717,5.728026905829596,0.0,,,,
2011-07-18,57.0,149.0,12.0,0.0,0.0,27.669902912621357,0.0,0.0,0.0,-1.149431361772297,5.706330275229358,0.0,,,,
2011-07-19,21.0,198.0,4.0,0.0,0.0,9.58904109589041,0.0,0.0,0.0,-2.1739130434782625,5.572690582959641,0.0,,,,
2011-07-20,129.0,80.0,14.0,0.0,0.0,61.72248803827751,0.0,0.0,1.0,0.386100386100395,5.614394618834081,0.0,,,,
2011-07-21,37.0,177.0,9.0,0.0,0.0,17.289719626168225,0.0,0.0,0.0,-1.5789473684210422,5.473766816143498,0.0,,,,
2011-07-22,157.0,43.0,22.0,0.0,0.0,78.5,0.0,0.0,0.0,0.7007615282944009,5.618243243243243,0.0,,,,
2011-07-25,14.0,208.0,0.0,0.0,0.0,6.306306306306306,0.0,0.0,1.0,-4.206478834898598,5.402387387387387,0.0,,,,
2011-07-26,116.0,78.0,32.0,0.0,0.0,59.79381443298969,0.0,0.0,0.0,0.14946182588812346,5.436858407079646,0.0,,,,
2011-07-27,224.0,3.0,0.0,0.0,0.0,98.6784140969163,0.0,0.0,0.0,2.325581395348839,5.606431718061675,0.0,,,,
2011-07-28,117.0,99.0,11.0,0.0,0.0,54.166666666666664,0.0,0.0,0.0,0.212314225053074,5.619955947136564,0.0,,,,
2011-07-29,50.0,159.0,16.0,0.0,0.0,23.923444976076556,0.0,0.0,0.0,-1.156069364161851,5.558755555555556,0.0,,,,
2011-08-01,185.0,34.0,8.0,0.0,0.0,84.47488584474885,0.0,0.0,0.0,1.4440433212996295,5.648678414096916,0.0,,,,
2011-08-02,119.0,98.0,12.0,0.0,0.0,54.83870967741935,0.0,0.0,0.0,0.2617801047120479,5.688689956331878,0.0,,,,
2011-08-03,145.0,74.0,7.0,0.0,0.0,66.21004566210046,0.0,0.0,0.0,0.9766830250163983,5.7566814159292035,0.0,,,,
2011-08-04,49.0,169.0,13.0,0.0,0.0,22.477064220183486,0.0,0.0,1.0,-1.197604790419163,5.7136796536796535,0.0,,,,
2011-08-05,35.0,186.0,7.0,0.0,0.0,15.837104072398189,0.0,0.0,0.0,-3.113183032628258,5.545175438596491,0.0,,,,
2011-08-08,13.0,213.0,1.0,0.0,0.0,5.752212389380531,0.0,0.0,0.0,-5.439330543933068,5.266784140969163,0.0,,,,
2011-08-09,95.0,122.0,16.0,0.0,0.0,43.77880184331797,0.0,0.0,0.0,-0.3480278422273708,5.276266094420602,0.0,,,,
2011-08-10,196.0,30.0,7.0,0.0,0.0,86.72566371681415,0.0,0.0,0.0,1.16873630387144,5.353819742489271,0.0,,,,
2011-08-11,213.0,15.0,5.0,0.0,0.0,93.42105263157895,0.0,0.0,0.0,2.373887240356085,5.491416309012876,0.0,,,,
2011-08-12,168.0,48.0,15.0,0.0,0.0,77.77777777777779,0.0,0.0,0.0,0.9999999999999934,5.580865800865801,0.0,,,,
2011-08-15,204.0,21.0,7.0,0.0,0.0,90.66666666666666,0.0,0.0,0.0,1.8670413820899117,5.664655172413793,0.0,,,,
2011-08-16,64.0,152.0,14.0,0.0,0.0,29.629629629629626,0.0,0.0,0.0,-1.0802139037433163,5.626,0.0,,,,
2011-08-17,134.0,84.0,13.0,0.0,0.0,61.46788990825688,0.0,0.0,0.0,0.3164556962025249,5.672380952380952,0.0,,,,
2011-08-18,19.0,203.0,7.0,0.0,0.0,8.558558558558559,0.0,0.0,0.0,-2.3076923076923097,5.525633187772925,0.0,,,,
2011-08-19,82.0,139.0,14.0,0.0,0.0,37.10407239819005,0.0,0.0,0.0,-0.721500721500719,5.502,0.0,,,,
2011-08-22,155.0,68.0,12.0,0.0,0.0,69.50672645739911,0.0,0.0,0.0,0.903954802259888,5.614170212765957,0.0,,,,
2011-08-23,224.0,10.0,2.0,0.0,0.0,95.72649572649573,0.0,0.0,0.0,3.3735723285778136,5.771525423728813,0.0,,,,
2011-08-24,106.0,117.0,11.0,0.0,0.0,47.53363228699551,0.0,0.0,0.0,-0.0365764447695676,5.823760683760684,0.0,,,,
2011-08-25,128.0,80.0,24.0,0.0,0.0,61.53846153846154,0.0,0.0,0.0,0.2472089800950939,5.839698275862069,0.0,,,,
2011-08-26,189.0,31.0,17.0,0.0,0.0,85.9090909090909,0.0,0.0,0.0,1.1928429423459166,5.935400843881856,0.0,,,,
2011-08-29,99.0,121.0,17.0,0.0,0.0,45.0,0.0,0.0,0.0,-0.2583979328165434,5.933839662447257,0.0,,,,
2011-08-30,18.0,214.0,6.0,0.0,0.0,7.758620689655173,0.0,0.0,0.0,-2.8208800827564238,5.789369747899159,0.0,,,,
2011-08-31,46.0,174.0,15.0,0.0,0.0,20.909090909090907,0.0,0.0,1.0,-1.1705685618729142,5.717574468085107,0.0,,,,
2011-09-01,74.0,145.0,18.0,0.0,0.0,33.789954337899545,0.0,0.0,0.0,-0.6116207951070342,5.690675105485233,0.0,,,,
2011-09-02,63.0,164.0,11.0,0.0,0.0,27.75330396475771,0.0,0.0,1.0,-0.8550851794984344,5.6465966386554625,0.0,,,,
2011-09-05,22.0,210.0,6.0,0.0,0.0,9.482758620689655,0.0,0.0,0.0,-2.6502474858904126,5.4903361344537815,0.0,,,,
2011-09-06,41.0,184.0,11.0,0.0,0.0,18.22222222222222,0.0,0.0,0.0,-1.2289422811377997,5.368983050847457,0.0,,,,
2011-09-07,239.0,2.0,0.0,0.0,0.0,99.1701244813278,0.0,0.0,0.0,2.7439024390244,5.490497925311203,0.0,,,,
2011-09-08,34.0,199.0,5.0,0.0,0.0,14.592274678111588,0.0,0.0,1.0,-1.5739838472591576,5.408193277310925,0.0,,,,
2011-09-09,41.0,183.0,15.0,0.0,0.0,18.303571428571427,0.0,0.0,1.0,-1.1173184357541992,5.374058577405858,0.0,,,,
2011-09-13,26.0,211.0,2.0,0.0,0.0,10.970464135021098,0.0,0.0,0.0,-1.9718309859154888,5.251213389121339,0.0,,,,
2011-09-14,224.0,14.0,3.0,0.0,0.0,94.11764705882352,0.0,0.0,0.0,1.7408123791102486,5.386390041493776,0.0,,,,
2011-09-15,93.0,120.0,28.0,0.0,0.0,43.66197183098591,0.0,0.0,0.0,0.0,5.394937759336099,0.0,,,,
2011-09-16,62.0,146.0,32.0,0.0,0.0,29.807692307692307,0.0,0.0,0.0,-0.38725107965451094,5.32525,0.0,,,,
2011-09-19,15.0,225.0,1.0,0.0,0.0,6.25,0.0,0.0,0.0,-2.7972027972028,5.168423236514522,0.0,,,,
2011-09-20,156.0,64.0,25.0,0.0,0.0,70.9090909090909,0.0,0.0,0.0,0.4201680672269005,5.203142857142857,0.0,,,,
2011-09-21,242.0,2.0,0.0,0.0,0.0,99.18032786885246,0.0,0.0,0.0,3.140187354729651,5.376311475409836,0.0,,,,
2011-09-22,4.0,237.0,4.0,0.0,0.0,1.6597510373443984,0.0,0.0,0.0,-3.398058252427187,5.171714285714286,0.0,,,,
2011-09-23,54.0,168.0,22.0,0.0,0.0,24.324324324324326,0.0,0.0,0.0,-0.7682470981703753,5.138401639344262,0.0,,,,
2011-09-26,30.0,200.0,9.0,0.0,0.0,13.043478260869565,0.0,0.0,0.0,-1.3297872340425485,4.991882845188284,0.0,,,,
2011-09-27,168.0,59.0,17.0,0.0,0.0,74.00881057268722,0.0,0.0,0.0,0.5617977528089892,5.046844262295083,0.0,,,,
2011-09-28,27.0,216.0,3.0,0.0,0.0,11.11111111111111,0.0,0.0,1.0,-1.7079431755199725,4.972113821138212,0.0,,,,
2011-09-29,14.0,227.0,2.0,0.0,0.0,5.809128630705394,0.0,0.0,1.0,-3.32326283987915,4.819135802469136,0.0,,,,
2011-09-30,99.0,123.0,23.0,0.0,0.0,44.5945945945946,0.0,0.0,0.0,-0.1434720229555206,4.796897959183673,0.0,,,,
2011-10-10,87.0,115.0,39.0,0.0,0.0,43.06930693069307,0.0,0.0,0.0,0.0,4.734896265560166,0.0,,,,
2011-10-11,93.0,118.0,35.0,0.0,0.0,44.07582938388626,0.0,0.0,1.0,0.0,4.766260162601626,0.0,,,,
2011-10-12,244.0,0.0,1.0,0.0,0.0,100.0,0.0,0.0,0.0,3.6666666666666634,4.957632653061224,0.0,,,,
2011-10-13,231.0,14.0,2.0,0.0,0.0,94.28571428571428,0.0,0.0,0.0,1.5384615384615448,5.052226720647774,0.0,,,,
2011-10-14,77.0,145.0,26.0,0.0,0.0,34.68468468468468,0.0,0.0,0.0,-0.4909224523232876,5.033548387096774,0.0,,,,
2011-10-17,167.0,51.0,26.0,0.0,0.0,76.60550458715596,0.0,0.0,0.0,0.6745842149568788,5.057786885245902,0.0,,,,
2011-10-18,14.0,233.0,2.0,0.0,0.0,5.668016194331984,0.0,0.0,1.0,-3.394255874673626,4.933815261044177,0.0,,,,
2011-10-19,88.0,133.0,27.0,0.0,0.0,39.81900452488688,0.0,0.0,1.0,-0.22519138735788863,4.895806451612904,0.0,,,,
2011-10-20,18.0,226.0,5.0,0.0,0.0,7.377049180327869,0.0,0.0,0.0,-3.459119496855356,4.755180722891566,0.0,,,,
2011-10-21,22.0,215.0,11.0,0.0,0.0,9.282700421940929,0.0,0.0,1.0,-2.346502987590019,4.617338709677419,0.0,,,,
2011-10-24,188.0,48.0,12.0,0.0,0.0,79.66101694915254,0.0,0.0,0.0,1.3336912265496448,4.672943548387098,0.0,,,,
2011-10-25,244.0,3.0,1.0,0.0,0.0,98.78542510121457,0.0,0.0,0.0,2.9447897094955966,4.8331854838709685,0.0,,,,
2011-10-26,192.0,41.0,15.0,0.0,0.0,82.40343347639485,0.0,0.0,0.0,1.015254586683159,4.896048387096775,0.0,,,,
2011-10-27,86.0,142.0,19.0,0.0,0.0,37.719298245614034,0.0,0.0,0.0,-0.3636363636363559,4.902469635627531,0.0,,,,
2011-10-28,242.0,5.0,0.0,0.0,0.0,97.97570850202429,0.0,0.0,0.0,2.333333333333328,5.021902834008097,0.0,,,,
2011-10-31,227.0,14.0,8.0,0.0,0.0,94.1908713692946,0.0,0.0,0.0,1.437371663244359,5.1598393574297186,0.0,,,,
2011-11-01,114.0,122.0,14.0,0.0,0.0,48.30508474576271,0.0,0.0,0.0,0.0,5.18232,0.0,,,,
2011-11-02,241.0,5.0,4.0,0.0,0.0,97.96747967479675,0.0,0.0,0.0,2.896354057437735,5.346,0.0,,,,
2011-11-03,80.0,150.0,23.0,0.0,0.0,34.78260869565217,0.0,0.0,0.0,-0.6097560975609762,5.326245059288538,0.0,,,,
2011-11-04,146.0,83.0,22.0,0.0,0.0,63.75545851528385,0.0,0.0,0.0,0.4366812227074143,5.371354581673307,0.0,,,,
2011-11-07,96.0,128.0,25.0,0.0,0.0,42.857142857142854,0.0,0.0,0.0,-0.1846722068328677,5.3672289156626505,0.0,,,,
2011-11-08,32.0,214.0,6.0,0.0,0.0,13.008130081300814,0.0,0.0,0.0,-1.9933774834437044,5.259087301587302,0.0,,,,
2011-11-09,244.0,3.0,2.0,0.0,0.0,98.78542510121457,0.0,0.0,0.0,2.5236593059936934,5.433212851405622,0.0,,,,
2011-11-10,135.0,98.0,13.0,0.0,0.0,57.93991416309014,0.0,0.0,1.0,0.4695767195767095,5.425284552845528,0.0,,,,
2011-11-11,87.0,148.0,15.0,0.0,0.0,37.02127659574468,0.0,0.0,0.0,-0.5471768665087897,5.426559999999999,0.0,,,,
2011-11-14,248.0,1.0,1.0,0.0,0.0,99.59839357429718,0.0,0.0,0.0,2.9850746268656634,5.56064,0.0,,,,
2011-11-15,113.0,113.0,25.0,0.0,0.0,50.0,0.0,0.0,0.0,0.0,5.652788844621513,0.0,,,,
2011-11-16,14.0,238.0,1.0,0.0,0.0,5.555555555555555,0.0,0.0,0.0,-3.435114503816805,5.421660079051383,0.0,,,,
2011-11-17,178.0,53.0,21.0,0.0,0.0,77.05627705627705,0.0,0.0,0.0,0.920628866853124,5.526984126984127,0.0,,,,
2011-11-18,26.0,225.0,3.0,0.0,0.0,10.358565737051793,0.0,0.0,0.0,-3.267873187010653,5.372165354330709,0.0,,,,
2011-11-21,69.0,174.0,11.0,0.0,0.0,28.39506172839506,0.0,0.0,1.0,-1.056367496861585,5.287244094488189,0.0,,,,
2011-11-22,127.0,107.0,21.0,0.0,0.0,54.27350427350427,0.0,0.0,0.0,0.0,5.301176470588235,0.0,,,,
2011-11-23,107.0,129.0,17.0,0.0,0.0,45.33898305084746,0.0,0.0,0.0,-0.1792114695340463,5.325889328063242,0.0,,,,
2011-11-24,117.0,120.0,16.0,0.0,0.0,49.36708860759494,0.0,0.0,0.0,0.0,5.2937944664031615,0.0,,,,
2011-11-25,59.0,182.0,12.0,0.0,0.0,24.481327800829874,0.0,0.0,0.0,-1.2461059190031163,5.272055335968379,0.0,,,,
2011-11-28,113.0,118.0,21.0,0.0,0.0,48.917748917748916,0.0,0.0,0.0,0.0,5.2682142857142855,0.0,,,,
2011-11-29,194.0,49.0,10.0,0.0,0.0,79.83539094650206,0.0,0.0,0.0,1.3888888888888795,5.327430830039526,0.0,,,,
2011-11-30,9.0,246.0,0.0,0.0,0.0,3.5294117647058822,0.0,0.0,8.0,-5.978260869565203,5.03243137254902,0.0,,,,
2011-12-01,228.0,15.0,9.0,0.0,0.0,93.82716049382715,0.0,0.0,0.0,1.8310768619436897,5.143333333333333,0.0,,,,
2011-12-02,20.0,233.0,2.0,0.0,0.0,7.905138339920949,0.0,0.0,0.0,-2.8360049321824854,5.002039215686274,0.0,,,,
2011-12-05,3.0,249.0,0.0,0.0,0.0,1.1904761904761905,0.0,0.0,4.0,-4.11275814860691,4.79452380952381,0.0,,,,
2011-12-06,206.0,38.0,9.0,0.0,0.0,84.42622950819673,0.0,0.0,0.0,1.2448132780082906,4.83893280632411,0.0,,,,
2011-12-07,171.0,50.0,32.0,0.0,0.0,77.37556561085974,0.0,0.0,0.0,0.5976095617529931,4.892648221343873,0.0,,,,
2011-12-08,185.0,49.0,20.0,0.0,0.0,79.05982905982906,0.0,0.0,0.0,0.8025436690010501,4.948937007874016,0.0,,,,
2011-12-09,42.0,190.0,18.0,0.0,0.0,18.103448275862068,0.0,0.0,0.0,-1.0288109401130385,4.88216,0.0,,,,
2011-12-12,46.0,186.0,22.0,0.0,0.0,19.82758620689655,0.0,0.0,0.0,-0.868936009563963,4.835748031496063,0.0,,,,
2011-12-13,20.0,229.0,5.0,0.0,0.0,8.032128514056225,0.0,0.0,0.0,-3.4068273092369554,4.695984251968504,0.0,,,,
2011-12-14,32.0,207.0,14.0,0.0,0.0,13.389121338912133,0.0,0.0,1.0,-1.2605042016806642,4.59897233201581,0.0,,,,
2011-12-15,59.0,178.0,15.0,0.0,0.0,24.894514767932492,0.0,0.0,1.0,-1.1029560845058972,4.5681746031746036,0.0,,,,
2011-12-16,244.0,5.0,2.0,0.0,0.0,97.99196787148594,0.0,0.0,0.0,3.6559139784946217,4.731553784860558,0.0,,,,
2011-12-19,197.0,37.0,16.0,0.0,0.0,84.1880341880342,0.0,0.0,0.0,1.4550901690106515,4.8558,0.0,,,,
2011-12-20,30.0,211.0,11.0,0.0,0.0,12.448132780082988,0.0,0.0,0.0,-1.471503712592134,4.738373015873016,0.0,,,,
2011-12-21,13.0,233.0,7.0,0.0,0.0,5.284552845528456,0.0,0.0,2.0,-2.7027027027027053,4.630118577075099,0.0,,,,
2011-12-22,60.0,181.0,13.0,0.0,0.0,24.896265560165975,0.0,0.0,0.0,-1.7818167387594759,4.567913385826771,0.0,,,,
2011-12-23,150.0,73.0,30.0,0.0,0.0,67.2645739910314,0.0,0.0,0.0,0.4366812227074143,4.5828853754940715,0.0,,,,
2011-12-26,45.0,185.0,19.0,0.0,0.0,19.565217391304348,0.0,0.0,1.0,-1.0362694300518145,4.520080321285141,0.0,,,,
2011-12-27,5.0,240.0,7.0,0.0,0.0,2.0408163265306123,0.0,0.0,4.0,-4.214559386973176,4.311507936507937,0.0,,,,
2011-12-28,54.0,185.0,8.0,0.0,0.0,22.594142259414227,0.0,0.0,1.0,-1.4903129657227965,4.277125506072875,0.0,,,,
2011-12-29,91.0,118.0,40.0,0.0,0.0,43.54066985645933,0.0,0.0,0.0,0.0,4.2676305220883535,0.0,,,,
2011-12-30,240.0,11.0,3.0,0.0,0.0,95.61752988047809,0.0,0.0,0.0,1.6701534170153431,4.359251968503937,0.0,,,,
2012-01-04,16.0,231.0,7.0,0.0,0.0,6.477732793522267,0.0,0.0,7.0,-3.379721669980118,4.161141732283465,0.0,,,,
2012-01-05,6.0,245.0,0.0,0.0,0.0,2.3904382470119523,0.0,0.0,8.0,-5.932203389830495,3.974581673306773,0.0,,,,
2012-01-06,148.0,88.0,21.0,0.0,0.0,62.71186440677966,0.0,0.0,1.0,0.8797653958944224,3.9605058365758756,0.0,,,,
2012-01-09,250.0,3.0,0.0,0.0,0.0,98.81422924901186,0.0,0.0,0.0,3.993610223642172,4.118260869565217,0.0,,,,
2012-01-10,255.0,1.0,0.0,0.0,0.0,99.609375,0.0,0.0,0.0,3.6429993364299778,4.268828125,0.0,,,,
2012-01-11,114.0,102.0,41.0,0.0,0.0,52.77777777777778,0.0,0.0,0.0,0.0,4.265642023346303,0.0,,,,
2012-01-12,26.0,211.0,14.0,0.0,0.0,10.970464135021098,0.0,0.0,0.0,-1.2903225806451624,4.210079681274901,0.0,,,,
2012-01-13,4.0,250.0,2.0,0.0,0.0,1.574803149606299,0.0,0.0,19.0,-6.3951506889332475,3.93625,0.0,,,,
2012-01-16,4.0,247.0,3.0,0.0,0.0,1.593625498007968,0.0,0.0,3.0,-4.526004625305905,3.70996062992126,0.0,,,,
2012-01-17,258.0,3.0,1.0,0.0,0.0,98.85057471264368,0.0,0.0,0.0,5.457381931640898,3.954961832061069,0.0,,,,
2012-01-18,4.0,257.0,2.0,0.0,0.0,1.532567049808429,0.0,0.0,29.0,-5.285412262156448,3.716615969581749,0.0,,,,
2012-01-19,200.0,48.0,14.0,0.0,0.0,80.64516129032258,0.0,0.0,0.0,2.088787085514836,3.775916030534351,0.0,,,,
2012-01-20,223.0,29.0,8.0,0.0,0.0,88.4920634920635,0.0,0.0,0.0,1.5748070551356086,3.8354615384615385,0.0,,,,
2012-01-30,152.0,80.0,30.0,0.0,0.0,65.51724137931035,0.0,0.0,0.0,0.3868833812260539,3.8736641221374044,0.0,,,,
2012-01-31,65.0,168.0,27.0,0.0,0.0,27.896995708154503,0.0,0.0,0.0,-0.6865132354096231,3.872576923076923,0.0,,,,
2012-02-01,111.0,118.0,33.0,0.0,0.0,48.47161572052402,0.0,0.0,0.0,0.0,3.868206106870229,0.0,,,,
2012-02-02,247.0,5.0,10.0,0.0,0.0,98.01587301587301,0.0,0.0,0.0,1.9607843137254966,3.936908396946565,0.0,,,,
2012-02-03,250.0,6.0,3.0,0.0,0.0,97.65625,0.0,0.0,0.0,2.350427350427357,4.053745173745174,0.0,,,,
2012-02-06,177.0,47.0,36.0,0.0,0.0,79.01785714285714,0.0,0.0,0.0,0.6734693877551026,4.083192307692308,0.0,,,,
2012-02-07,23.0,230.0,7.0,0.0,0.0,9.090909090909092,0.0,0.0,0.0,-2.3022560478390868,4.009538461538462,0.0,,,,
2012-02-08,258.0,1.0,3.0,0.0,0.0,99.61389961389962,0.0,0.0,0.0,2.6692111959287512,4.113473282442748,0.0,,,,
2012-02-09,193.0,39.0,30.0,0.0,0.0,83.1896551724138,0.0,0.0,0.0,0.7314594421117389,4.153549618320611,0.0,,,,
2012-02-10,118.0,107.0,36.0,0.0,0.0,52.44444444444445,0.0,0.0,0.0,0.0,4.1803448275862065,0.0,,,,
2012-02-13,252.0,7.0,4.0,0.0,0.0,97.2972972972973,0.0,0.0,0.0,1.81818181818182,4.259657794676806,0.0,,,,
2012-02-14,73.0,162.0,28.0,0.0,0.0,31.06382978723404,0.0,0.0,0.0,-0.4728132387706964,4.246692015209126,0.0,,,,
2012-02-15,251.0,5.0,7.0,0.0,0.0,98.046875,0.0,0.0,0.0,1.53846153846154,4.317984790874525,0.0,,,,
2012-02-16,67.0,165.0,29.0,0.0,0.0,28.879310344827587,0.0,0.0,0.0,-0.6097560975609762,4.304176245210728,0.0,,,,
2012-02-17,40.0,208.0,17.0,0.0,0.0,16.129032258064516,0.0,0.0,0.0,-0.9638554216867478,4.269924528301886,0.0,,,,
2012-02-20,139.0,82.0,41.0,0.0,0.0,62.89592760180995,0.0,0.0,0.0,0.23894896712382505,4.303549618320611,0.0,,,,
2012-02-21,254.0,9.0,2.0,0.0,0.0,96.57794676806084,0.0,0.0,0.0,1.7751479289940846,4.396754716981133,0.0,,,,
2012-02-22,261.0,0.0,1.0,0.0,0.0,100.0,0.0,0.0,0.0,2.944272445820433,4.550114503816794,0.0,,,,
2012-02-23,128.0,115.0,21.0,0.0,0.0,52.674897119341566,0.0,0.0,0.0,0.0,4.560113636363636,0.0,,,,
2012-02-24,176.0,59.0,26.0,0.0,0.0,74.8936170212766,0.0,0.0,0.0,0.7109004739336553,4.575670498084291,0.0,,,,
2012-02-27,73.0,162.0,25.0,0.0,0.0,31.06382978723404,0.0,0.0,0.0,-0.46403962101636553,4.623653846153847,0.0,,,,
2012-02-28,62.0,197.0,6.0,0.0,0.0,23.93822393822394,0.0,0.0,0.0,-1.7676767676767635,4.541207547169812,0.0,,,,
2012-02-29,19.0,236.0,12.0,0.0,0.0,7.450980392156863,0.0,0.0,0.0,-1.745635910224435,4.436516853932584,0.0,,,,
2012-03-01,198.0,41.0,28.0,0.0,0.0,82.84518828451883,0.0,0.0,0.0,0.6896551724137937,4.475692883895131,0.0,,,,
2012-03-02,262.0,3.0,3.0,0.0,0.0,98.86792452830188,0.0,0.0,0.0,1.8640779510344676,4.551902985074627,0.0,,,,
2012-03-05,113.0,128.0,27.0,0.0,0.0,46.88796680497925,0.0,0.0,0.0,0.0,4.514141791044776,0.0,,,,
2012-03-06,53.0,206.0,10.0,0.0,0.0,20.463320463320464,0.0,0.0,0.0,-1.7094017094016984,4.495167286245353,0.0,,,,
2012-03-07,93.0,146.0,29.0,0.0,0.0,38.912133891213394,0.0,0.0,0.0,-0.2932098765432166,4.507313432835821,0.0,,,,
2012-03-08,243.0,14.0,12.0,0.0,0.0,94.55252918287937,0.0,0.0,0.0,1.2121212121212133,4.5607806691449815,0.0,,,,
2012-03-09,266.0,3.0,1.0,0.0,0.0,98.88475836431226,0.0,0.0,0.0,1.981288437213765,4.686481481481481,0.0,,,,
2012-03-12,172.0,76.0,22.0,0.0,0.0,69.35483870967742,0.0,0.0,0.0,0.5098684210526339,4.723444444444445,0.0,,,,
2012-03-13,193.0,54.0,24.0,0.0,0.0,78.13765182186235,0.0,0.0,0.0,0.7299270072992544,4.766125461254612,0.0,,,,
2012-03-14,17.0,251.0,4.0,0.0,0.0,6.343283582089552,0.0,0.0,8.0,-5.198105910922425,4.542573529411764,0.0,,,,
2012-03-15,84.0,181.0,7.0,0.0,0.0,31.69811320754717,0.0,0.0,0.0,-1.2678575016576596,4.508860294117647,0.0,,,,
2012-03-16,249.0,14.0,8.0,0.0,0.0,94.67680608365019,0.0,0.0,0.0,2.200488997555009,4.615830258302584,0.0,,,,
2012-03-19,231.0,27.0,10.0,0.0,0.0,89.53488372093024,0.0,0.0,0.0,1.4665456867291744,4.723395522388059,0.0,,,,
2012-03-20,10.0,263.0,2.0,0.0,0.0,3.6630036630036633,0.0,0.0,0.0,-3.63636363636364,4.524472727272728,0.0,,,,
2012-03-21,99.0,164.0,13.0,0.0,0.0,37.6425855513308,0.0,0.0,1.0,-0.5454491409547595,4.4981884057971016,0.0,,,,
2012-03-22,111.0,126.0,37.0,0.0,0.0,46.835443037974684,0.0,0.0,0.0,0.0,4.495985401459854,0.0,,,,
2012-03-23,30.0,239.0,5.0,0.0,0.0,11.152416356877323,0.0,0.0,1.0,-2.0728214167676544,4.363759124087592,0.0,,,,
2012-03-26,107.0,132.0,36.0,0.0,0.0,44.76987447698745,0.0,0.0,0.0,0.0,4.353818181818181,0.0,,,,
2012-03-27,98.0,151.0,28.0,0.0,0.0,39.3574297188755,0.0,0.0,1.0,-0.2923976608187072,4.369205776173285,0.0,,,,
2012-03-28,7.0,267.0,1.0,0.0,0.0,2.5547445255474455,0.0,0.0,4.0,-5.874125874125872,4.076218181818182,0.0,,,,
2012-03-29,36.0,227.0,15.0,0.0,0.0,13.688212927756654,0.0,0.0,0.0,-1.9797178130511386,4.018525179856115,0.0,,,,
2012-03-30,79.0,183.0,16.0,0.0,0.0,30.15267175572519,0.0,0.0,1.0,-1.0453469313422012,4.063381294964028,0.0,,,,
2012-04-05,263.0,10.0,1.0,0.0,0.0,96.33699633699634,0.0,0.0,0.0,2.8070521028267534,4.1866788321167885,0.0,,,,
2012-04-06,155.0,79.0,42.0,0.0,0.0,66.23931623931624,0.0,0.0,0.0,0.340763961453617,4.151413043478261,0.0,,,,
2012-04-09,44.0,221.0,10.0,0.0,0.0,16.60377358490566,0.0,0.0,0.0,-1.5384615384615397,4.165818181818182,0.0,,,,
2012-04-10,205.0,51.0,12.0,0.0,0.0,80.078125,0.0,0.0,0.0,0.9367270686056084,4.201007462686567,0.0,,,,
2012-04-11,121.0,131.0,29.0,0.0,0.0,48.01587301587302,0.0,0.0,0.0,0.0,4.171423487544485,0.0,,,,
2012-04-12,260.0,11.0,8.0,0.0,0.0,95.9409594095941,0.0,0.0,0.0,1.9498607242339916,4.262508960573477,0.0,,,,
2012-04-13,183.0,61.0,37.0,0.0,0.0,75.0,0.0,0.0,0.0,0.4716981132075371,4.299145907473309,0.0,,,,
2012-04-16,64.0,192.0,25.0,0.0,0.0,25.0,0.0,0.0,0.0,-0.7518796992481209,4.251281138790035,0.0,,,,
2012-04-17,54.0,198.0,22.0,0.0,0.0,21.428571428571427,0.0,0.0,0.0,-0.9382473334409291,4.262043795620438,0.0,,,,
2012-04-18,268.0,3.0,0.0,0.0,0.0,98.8929889298893,0.0,0.0,0.0,2.281368821292778,4.381586715867159,0.0,,,,
2012-04-19,144.0,98.0,35.0,0.0,0.0,59.50413223140496,0.0,0.0,0.0,0.2325581395348787,4.349494584837545,0.0,,,,
2012-04-20,181.0,56.0,27.0,0.0,0.0,76.37130801687763,0.0,0.0,0.0,0.5479822243574386,4.387348484848485,0.0,,,,
2012-04-23,4.0,267.0,1.0,0.0,0.0,1.4760147601476015,0.0,0.0,7.0,-6.019566989763565,4.16485294117647,0.0,,,,
2012-04-24,56.0,211.0,11.0,0.0,0.0,20.973782771535582,0.0,0.0,0.0,-1.8127053669222293,4.061115107913669,0.0,,,,
2012-04-25,162.0,85.0,30.0,0.0,0.0,65.58704453441295,0.0,0.0,0.0,0.444444444444435,4.114693140794223,0.0,,,,
2012-04-26,80.0,167.0,36.0,0.0,0.0,32.388663967611336,0.0,0.0,1.0,-0.5780346820809253,4.030459363957598,0.0,,,,
2012-04-27,214.0,41.0,25.0,0.0,0.0,83.92156862745098,0.0,0.0,0.0,0.9939744159628541,4.087357142857143,0.0,,,,
2012-05-02,231.0,29.0,26.0,0.0,0.0,88.84615384615384,0.0,0.0,0.0,1.0840946670997815,4.130664335664335,0.0,,,,
2012-05-03,176.0,74.0,37.0,0.0,0.0,70.39999999999999,0.0,0.0,0.0,0.4504504504504408,4.175261324041812,0.0,,,,
2012-05-04,257.0,17.0,12.0,0.0,0.0,93.7956204379562,0.0,0.0,0.0,1.7720326564789648,4.239720279720279,0.0,,,,
2012-05-07,252.0,20.0,14.0,0.0,0.0,92.64705882352942,0.0,0.0,0.0,1.6268184980189306,4.347517482517483,0.0,,,,
2012-05-08,112.0,133.0,41.0,0.0,0.0,45.714285714285715,0.0,0.0,0.0,0.0,4.361748251748252,0.0,,,,
2012-05-09,36.0,246.0,5.0,0.0,0.0,12.76595744680851,0.0,0.0,0.0,-2.272727272727282,4.302334494773519,0.0,,,,
2012-05-10,221.0,46.0,19.0,0.0,0.0,82.77153558052434,0.0,0.0,0.0,0.9699330172348899,4.348006993006993,0.0,,,,
2012-05-11,67.0,201.0,18.0,0.0,0.0,25.0,0.0,0.0,0.0,-1.0456334384053318,4.299440559440559,0.0,,,,
2012-05-14,92.0,166.0,32.0,0.0,0.0,35.65891472868217,0.0,0.0,1.0,-0.4592428556364023,4.287862068965517,0.0,,,,
2012-05-15,117.0,160.0,13.0,0.0,0.0,42.238267148014444,0.0,0.0,0.0,-0.4158165911684364,4.288793103448276,0.0,,,,
2012-05-16,32.0,245.0,13.0,0.0,0.0,11.552346570397113,0.0,0.0,0.0,-1.2578616352201268,4.232758620689655,0.0,,,,
2012-05-17,243.0,35.0,12.0,0.0,0.0,87.41007194244604,0.0,0.0,0.0,1.252032838920777,4.280413793103448,0.0,,,,
2012-05-18,70.0,205.0,15.0,0.0,0.0,25.454545454545453,0.0,0.0,1.0,-1.412440649563099,4.233379310344827,0.0,,,,
2012-05-21,107.0,161.0,23.0,0.0,0.0,39.92537313432835,0.0,0.0,0.0,-0.3816793893129859,4.217010309278351,0.0,,,,
2012-05-22,250.0,28.0,13.0,0.0,0.0,89.92805755395683,0.0,0.0,0.0,1.1644832605531306,4.274673539518901,0.0,,,,
2012-05-23,67.0,207.0,17.0,0.0,0.0,24.45255474452555,0.0,0.0,0.0,-1.020408163265307,4.23766323024055,0.0,,,,
2012-05-24,106.0,162.0,26.0,0.0,0.0,39.55223880597015,0.0,0.0,0.0,-0.304968483500186,4.234217687074829,0.0,,,,
2012-05-25,29.0,247.0,18.0,0.0,0.0,10.507246376811594,0.0,0.0,2.0,-2.0671972651033617,4.144285714285714,0.0,,,,
2012-05-28,170.0,95.0,29.0,0.0,0.0,64.15094339622641,0.0,0.0,0.0,0.47968527124649896,4.166938775510204,0.0,,,,
2012-05-29,270.0,17.0,7.0,0.0,0.0,94.07665505226481,0.0,0.0,0.0,1.4995327135639567,4.244897959183674,0.0,,,,
2012-05-30,184.0,76.0,33.0,0.0,0.0,70.76923076923077,0.0,0.0,0.0,0.4464285714285618,4.275767918088737,0.0,,,,
2012-05-31,223.0,42.0,28.0,0.0,0.0,84.15094339622642,0.0,0.0,0.0,1.081081081081082,4.328293515358362,0.0,,,,
2012-06-01,112.0,159.0,22.0,0.0,0.0,41.32841328413284,0.0,0.0,1.0,-0.3367003367003444,4.329658703071672,0.0,,,,
2012-06-04,17.0,275.0,3.0,0.0,0.0,5.821917808219178,0.0,0.0,0.0,-3.4755134281200597,4.180101694915255,0.0,,,,
2012-06-05,109.0,142.0,44.0,0.0,0.0,43.42629482071713,0.0,0.0,0.0,0.0,4.168237288135593,0.0,,,,
2012-06-06,113.0,143.0,39.0,0.0,0.0,44.140625,0.0,0.0,0.0,0.0,4.16606779661017,0.0,,,,
2012-06-07,77.0,177.0,41.0,0.0,0.0,30.314960629921263,0.0,0.0,0.0,-0.4756242568371097,4.149220338983051,0.0,,,,
2012-06-08,124.0,137.0,34.0,0.0,0.0,47.509578544061306,0.0,0.0,0.0,0.0,4.148576271186441,0.0,,,,
2012-06-11,286.0,6.0,4.0,0.0,0.0,97.94520547945206,0.0,0.0,0.0,2.5767940979208603,4.265405405405406,0.0,,,,
2012-06-12,105.0,179.0,13.0,0.0,0.0,36.971830985915496,0.0,0.0,0.0,-0.56497175141243,4.251750841750842,0.0,,,,
2012-06-13,280.0,11.0,6.0,0.0,0.0,96.21993127147766,0.0,0.0,0.0,1.795332136445236,4.337811447811448,0.0,,,,
2012-06-14,72.0,197.0,30.0,0.0,0.0,26.765799256505574,0.0,0.0,0.0,-0.836820083682009,4.310367892976588,0.0,,,,
2012-06-15,160.0,105.0,33.0,0.0,0.0,60.37735849056604,0.0,0.0,0.0,0.23755113556213345,4.3214765100671135,0.0,,,,
2012-06-18,260.0,26.0,11.0,0.0,0.0,90.9090909090909,0.0,0.0,0.0,1.497395833333336,4.406161616161617,0.0,,,,
2012-06-19,104.0,171.0,23.0,0.0,0.0,37.81818181818182,0.0,0.0,0.0,-0.45610093508491767,4.403422818791946,0.0,,,,
2012-06-20,195.0,84.0,21.0,0.0,0.0,69.89247311827957,0.0,0.0,0.0,0.833627713850559,4.433933333333334,0.0,,,,
2012-06-21,51.0,241.0,7.0,0.0,0.0,17.465753424657535,0.0,0.0,1.0,-1.843317972350232,4.36361204013378,0.0,,,,
2012-06-25,25.0,272.0,2.0,0.0,0.0,8.417508417508419,0.0,0.0,1.0,-2.7777777777777803,4.2580267558528435,0.0,,,,
2012-06-26,124.0,149.0,27.0,0.0,0.0,45.42124542124542,0.0,0.0,0.0,0.0,4.238533333333333,0.0,,,,
2012-06-27,158.0,106.0,36.0,0.0,0.0,59.84848484848485,0.0,0.0,0.0,0.26810422282120416,4.271766666666666,0.0,,,,
2012-06-28,61.0,214.0,25.0,0.0,0.0,22.181818181818183,0.0,0.0,0.0,-1.1425619272915188,4.222166666666667,0.0,,,,
2012-06-29,252.0,40.0,11.0,0.0,0.0,86.3013698630137,0.0,0.0,0.0,1.5243902439024473,4.311485148514852,0.0,,,,
2012-07-02,260.0,19.0,24.0,0.0,0.0,93.1899641577061,0.0,0.0,0.0,1.635220125786162,4.398085808580857,0.0,,,,
2012-07-03,204.0,84.0,15.0,0.0,0.0,70.83333333333334,0.0,0.0,0.0,0.7731958762886663,4.4484488448844886,0.0,,,,
2012-07-04,86.0,197.0,19.0,0.0,0.0,30.3886925795053,0.0,0.0,1.0,-0.8333912077227592,4.400430463576159,0.0,,,,
2012-07-05,51.0,238.0,13.0,0.0,0.0,17.647058823529413,0.0,0.0,1.0,-2.509710412261362,4.310927152317881,0.0,,,,
2012-07-06,223.0,64.0,16.0,0.0,0.0,77.70034843205575,0.0,0.0,1.0,1.298701298701294,4.396930693069307,0.0,,,,
2012-07-09,30.0,267.0,6.0,0.0,0.0,10.1010101010101,0.0,0.0,1.0,-2.9776674937965284,4.277689768976898,0.0,,,,
2012-07-10,58.0,227.0,18.0,0.0,0.0,20.350877192982455,0.0,0.0,2.0,-1.793721973094172,4.1801980198019795,0.0,,,,
2012-07-11,186.0,88.0,31.0,0.0,0.0,67.88321167883211,0.0,0.0,1.0,0.4721435316336234,4.21688524590164,0.0,,,,
2012-07-12,255.0,36.0,14.0,0.0,0.0,87.62886597938144,0.0,0.0,0.0,1.4124293785310684,4.287868852459016,0.0,,,,
2012-07-13,57.0,240.0,8.0,0.0,0.0,19.19191919191919,0.0,0.0,0.0,-1.958041958041966,4.20055737704918,0.0,,,,
2012-07-16,17.0,286.0,3.0,0.0,0.0,5.6105610561056105,0.0,0.0,10.0,-5.32367149758454,3.9927450980392156,0.0,,,,
2012-07-17,200.0,78.0,28.0,0.0,0.0,71.94244604316546,0.0,0.0,0.0,0.7300826005861984,4.013856209150327,0.0,,,,
2012-07-18,185.0,76.0,44.0,0.0,0.0,70.88122605363985,0.0,0.0,0.0,0.5208333333333338,4.048327868852459,0.0,,,,
2012-07-19,264.0,35.0,8.0,0.0,0.0,88.2943143812709,0.0,0.0,0.0,1.1999999999999922,4.100456026058632,0.0,,,,
2012-07-20,85.0,188.0,34.0,0.0,0.0,31.135531135531135,0.0,0.0,1.0,-0.5602240896358549,4.092280130293159,0.0,,,,
2012-07-23,95.0,184.0,27.0,0.0,0.0,34.05017921146953,0.0,0.0,0.0,-0.7832951570680606,4.061437908496732,0.0,,,,
2012-07-24,217.0,52.0,38.0,0.0,0.0,80.66914498141264,0.0,0.0,0.0,0.7874015748031503,4.101726384364821,0.0,,,,
2012-07-25,123.0,146.0,39.0,0.0,0.0,45.72490706319702,0.0,0.0,0.0,0.0,4.094545454545454,0.0,,,,
2012-07-26,59.0,224.0,25.0,0.0,0.0,20.848056537102476,0.0,0.0,0.0,-0.9353129860031113,4.056298701298701,0.0,,,,
2012-07-27,121.0,154.0,37.0,0.0,0.0,44.0,0.0,0.0,2.0,0.0,4.099711538461539,0.0,,,,
2012-07-30,37.0,267.0,8.0,0.0,0.0,12.171052631578947,0.0,0.0,3.0,-2.572600377040637,3.9918269230769234,0.0,,,,
2012-07-31,43.0,255.0,13.0,0.0,0.0,14.429530201342283,0.0,0.0,1.0,-2.1276595744680837,3.851832797427653,0.0,,,,
2012-08-01,287.0,16.0,8.0,0.0,0.0,94.71947194719472,0.0,0.0,1.0,1.61943319838055,3.9236977491961413,0.0,,,,
2012-08-02,110.0,174.0,30.0,0.0,0.0,38.732394366197184,0.0,0.0,0.0,-0.4132301965404873,3.9680573248407645,0.0,,,,
2012-08-03,309.0,1.0,4.0,0.0,0.0,99.67741935483872,0.0,0.0,0.0,2.6363693531785044,4.0799681528662415,0.0,,,,
2012-08-06,307.0,6.0,1.0,0.0,0.0,98.08306709265176,0.0,0.0,0.0,2.3910337722354185,4.185605095541401,0.0,,,,
2012-08-07,195.0,81.0,39.0,0.0,0.0,70.65217391304348,0.0,0.0,0.0,0.5328596802841963,4.199904761904762,0.0,,,,
2012-08-08,73.0,216.0,27.0,0.0,0.0,25.259515570934255,0.0,0.0,0.0,-0.7560109401151208,4.175601265822785,0.0,,,,
2012-08-09,286.0,15.0,15.0,0.0,0.0,95.01661129568106,0.0,0.0,0.0,1.6657748181620033,4.25512658227848,0.0,,,,
2012-08-10,95.0,189.0,32.0,0.0,0.0,33.45070422535211,0.0,0.0,0.0,-0.577294086716311,4.243259493670886,0.0,,,,
2012-08-13,40.0,267.0,8.0,0.0,0.0,13.029315960912053,0.0,0.0,0.0,-2.1739130434782497,4.142380952380952,0.0,,,,
2012-08-14,232.0,67.0,15.0,0.0,0.0,77.59197324414716,0.0,0.0,0.0,1.010101010101011,4.208630573248407,0.0,,,,
2012-08-15,49.0,247.0,19.0,0.0,0.0,16.554054054054053,0.0,0.0,0.0,-1.393188854489162,4.166761904761905,0.0,,,,
2012-08-16,61.0,220.0,34.0,0.0,0.0,21.70818505338078,0.0,0.0,0.0,-0.7782101167315182,4.12615873015873,0.0,,,,
2012-08-17,177.0,104.0,34.0,0.0,0.0,62.989323843416365,0.0,0.0,0.0,0.3952569169960566,4.136158730158731,0.0,,,,
2012-08-20,230.0,59.0,29.0,0.0,0.0,79.58477508650519,0.0,0.0,0.0,0.9662061239731151,4.178459119496855,0.0,,,,
2012-08-21,303.0,13.0,2.0,0.0,0.0,95.88607594936708,0.0,0.0,0.0,2.4116004962779125,4.29251572327044,0.0,,,,
2012-08-22,112.0,183.0,24.0,0.0,0.0,37.96610169491525,0.0,0.0,1.0,-0.4065040650406418,4.293699059561129,0.0,,,,
2012-08-23,228.0,73.0,18.0,0.0,0.0,75.74750830564784,0.0,0.0,0.0,1.269841269841271,4.33755485893417,0.0,,,,
2012-08-24,32.0,277.0,10.0,0.0,0.0,10.355987055016183,0.0,0.0,1.0,-2.622950819672119,4.23166144200627,0.0,,,,
2012-08-27,42.0,262.0,14.0,0.0,0.0,13.815789473684212,0.0,0.0,0.0,-2.3036103477684056,4.141635220125786,0.0,,,,
2012-08-28,254.0,52.0,13.0,0.0,0.0,83.00653594771242,0.0,0.0,0.0,1.3415892672858698,4.203699059561129,0.0,,,,
2012-08-29,178.0,103.0,38.0,0.0,0.0,63.345195729537366,0.0,0.0,0.0,0.3984063745020013,4.232758620689655,0.0,,,,
2012-08-30,38.0,275.0,5.0,0.0,0.0,12.140575079872203,0.0,0.0,5.0,-2.952069716775594,4.104528301886792,0.0,,,,
2012-08-31,196.0,78.0,44.0,0.0,0.0,71.53284671532847,0.0,0.0,1.0,0.5352470444431736,4.136509433962265,0.0,,,,
2012-09-03,301.0,9.0,8.0,0.0,0.0,97.09677419354838,0.0,0.0,0.0,1.9580457881476598,4.231069182389938,0.0,,,,
2012-09-04,125.0,159.0,33.0,0.0,0.0,44.014084507042256,0.0,0.0,0.0,-0.0897666068222602,4.23391167192429,0.0,,,,
2012-09-05,244.0,63.0,9.0,0.0,0.0,79.47882736156352,0.0,0.0,0.0,1.4329221345834755,4.296677215189874,0.0,,,,
2012-09-06,236.0,57.0,23.0,0.0,0.0,80.54607508532423,0.0,0.0,0.0,0.9600614439324089,4.347689873417722,0.0,,,,
2012-09-07,296.0,11.0,9.0,0.0,0.0,96.41693811074919,0.0,0.0,0.0,2.3863759907640754,4.434177215189874,0.0,,,,
2012-09-10,194.0,91.0,32.0,0.0,0.0,68.0701754385965,0.0,0.0,0.0,0.5628517823639821,4.495078864353313,0.0,,,,
2012-09-11,105.0,196.0,15.0,0.0,0.0,34.883720930232556,0.0,0.0,0.0,-0.661375661375662,4.485854430379747,0.0,,,,
2012-09-12,126.0,146.0,44.0,0.0,0.0,46.32352941176471,0.0,0.0,0.0,0.0,4.488449367088608,0.0,,,,
2012-09-13,35.0,271.0,11.0,0.0,0.0,11.437908496732026,0.0,0.0,0.0,-1.960784313725492,4.396845425867507,0.0,,,,
2012-09-14,118.0,169.0,31.0,0.0,0.0,41.11498257839721,0.0,0.0,0.0,-0.29286202185793025,4.372075471698113,0.0,,,,
2012-09-17,5.0,307.0,6.0,0.0,0.0,1.6025641025641024,0.0,0.0,0.0,-3.605041416738075,4.219842767295598,0.0,,,,
2012-09-18,163.0,117.0,38.0,0.0,0.0,58.214285714285715,0.0,0.0,1.0,0.24025581194365725,4.226352201257861,0.0,,,,
2012-09-19,230.0,60.0,27.0,0.0,0.0,79.3103448275862,0.0,0.0,0.0,0.7518796992481209,4.243406940063092,0.0,,,,
2012-09-20,10.0,304.0,3.0,0.0,0.0,3.1847133757961785,0.0,0.0,3.0,-3.951367781155012,4.079022082018927,0.0,,,,
2012-09-21,29.0,267.0,23.0,0.0,0.0,9.797297297297296,0.0,0.0,1.0,-1.793721973094172,4.00705329153605,0.0,,,,
2012-09-24,189.0,90.0,40.0,0.0,0.0,67.74193548387096,0.0,0.0,0.0,0.4149377593360907,4.0200000000000005,0.0,,,,
2012-09-25,49.0,250.0,20.0,0.0,0.0,16.387959866220736,0.0,0.0,0.0,-1.2931034482758537,3.9631974921630095,0.0,,,,
2012-09-26,19.0,297.0,2.0,0.0,0.0,6.012658227848101,0.0,0.0,5.0,-3.1307656826568273,3.8323584905660377,0.0,,,,
2012-09-27,300.0,12.0,7.0,0.0,0.0,96.15384615384616,0.0,0.0,0.0,2.3999999999999964,3.922100313479624,0.0,,,,
2012-09-28,302.0,13.0,6.0,0.0,0.0,95.87301587301587,0.0,0.0,0.0,1.8058690744921009,3.989376947040498,0.0,,,,
2012-10-08,110.0,174.0,37.0,0.0,0.0,38.732394366197184,0.0,0.0,0.0,-0.2898550724637748,3.987757009345794,0.0,,,,
2012-10-09,316.0,2.0,3.0,0.0,0.0,99.37106918238993,0.0,0.0,0.0,3.061224489795921,4.119034267912773,0.0,,,,
2012-10-10,256.0,35.0,31.0,0.0,0.0,87.97250859106529,0.0,0.0,0.0,0.9337037642316292,4.163012422360248,0.0,,,,
2012-10-11,30.0,286.0,6.0,0.0,0.0,9.49367088607595,0.0,0.0,2.0,-2.4178950494739904,4.065310559006211,0.0,,,,
2012-10-12,111.0,183.0,28.0,0.0,0.0,37.755102040816325,0.0,0.0,1.0,-0.3985075811701203,4.045465838509317,0.0,,,,
2012-10-15,68.0,243.0,10.0,0.0,0.0,21.864951768488748,0.0,0.0,0.0,-1.754385964912288,3.959532710280374,0.0,,,,
2012-10-16,181.0,100.0,40.0,0.0,0.0,64.41281138790036,0.0,0.0,0.0,0.404858299595133,3.9757943925233645,0.0,,,,
2012-10-17,203.0,78.0,40.0,0.0,0.0,72.24199288256227,0.0,0.0,0.0,0.448430493273553,4.002585669781931,0.0,,,,
2012-10-18,299.0,9.0,14.0,0.0,0.0,97.07792207792207,0.0,0.0,0.0,1.4018768117128837,4.068602484472049,0.0,,,,
2012-10-19,113.0,165.0,44.0,0.0,0.0,40.647482014388494,0.0,0.0,0.0,-0.1501210113650273,4.060310559006211,0.0,,,,
2012-10-22,197.0,77.0,48.0,0.0,0.0,71.8978102189781,0.0,0.0,0.0,0.4489795918367251,4.087329192546584,0.0,,,,
2012-10-23,38.0,271.0,13.0,0.0,0.0,12.297734627831716,0.0,0.0,0.0,-1.4760348583878007,4.024472049689441,0.0,,,,
2012-10-24,75.0,209.0,38.0,0.0,0.0,26.408450704225352,0.0,0.0,0.0,-0.5579332347677228,4.002453416149068,0.0,,,,
2012-10-25,63.0,226.0,33.0,0.0,0.0,21.79930795847751,0.0,0.0,1.0,-1.1140436516472731,3.958105590062112,0.0,,,,
2012-10-26,40.0,274.0,8.0,0.0,0.0,12.738853503184714,0.0,0.0,0.0,-2.160418198154054,3.875403726708075,0.0,,,,
2012-10-29,146.0,125.0,52.0,0.0,0.0,53.874538745387454,0.0,0.0,0.0,0.0,3.8930340557275542,0.0,,,,
2012-10-30,155.0,116.0,52.0,0.0,0.0,57.19557195571956,0.0,0.0,1.0,0.0,3.9028792569659445,0.0,,,,
2012-10-31,190.0,92.0,41.0,0.0,0.0,67.37588652482269,0.0,0.0,0.0,0.3984063745020013,3.910278637770898,0.0,,,,
2012-11-01,297.0,13.0,14.0,0.0,0.0,95.80645161290322,0.0,0.0,0.0,1.6499756927564455,3.9691358024691357,0.0,,,,
2012-11-02,143.0,112.0,68.0,0.0,0.0,56.07843137254902,0.0,0.0,0.0,0.0,3.9841176470588238,0.0,,,,
2012-11-05,76.0,213.0,35.0,0.0,0.0,26.297577854671278,0.0,0.0,1.0,-0.7326892109500731,3.9471604938271607,0.0,,,,
2012-11-06,84.0,217.0,21.0,0.0,0.0,27.906976744186046,0.0,0.0,0.0,-0.7952569169960495,3.934254658385093,0.0,,,,
2012-11-07,139.0,138.0,46.0,0.0,0.0,50.18050541516246,0.0,0.0,0.0,0.0,3.928637770897833,0.0,,,,
2012-11-08,18.0,297.0,9.0,0.0,0.0,5.714285714285714,0.0,0.0,0.0,-2.6859755260795,3.8260802469135804,0.0,,,,
2012-11-09,112.0,174.0,37.0,0.0,0.0,39.16083916083916,0.0,0.0,0.0,-0.3350083752093731,3.8133126934984523,0.0,,,,
2012-11-12,232.0,61.0,31.0,0.0,0.0,79.18088737201366,0.0,0.0,0.0,0.8219239776616802,3.845493827160494,0.0,,,,
2012-11-13,48.0,265.0,10.0,0.0,0.0,15.335463258785943,0.0,0.0,0.0,-1.8633540372670825,3.7857585139318886,0.0,,,,
2012-11-14,170.0,119.0,34.0,0.0,0.0,58.82352941176471,0.0,0.0,0.0,0.267857142857153,3.800619195046439,0.0,,,,
2012-11-15,35.0,274.0,14.0,0.0,0.0,11.326860841423949,0.0,0.0,0.0,-2.027027027027029,3.7317956656346754,0.0,,,,
2012-11-16,125.0,161.0,36.0,0.0,0.0,43.70629370629371,0.0,0.0,0.0,-0.0603864734299504,3.7284161490683227,0.0,,,,
2012-11-19,217.0,81.0,25.0,0.0,0.0,72.81879194630872,0.0,0.0,0.0,0.6872852233676982,3.7443962848297216,0.0,,,,
2012-11-20,155.0,129.0,39.0,0.0,0.0,54.5774647887324,0.0,0.0,0.0,0.0,3.7561609907120745,0.0,,,,
2012-11-21,240.0,59.0,23.0,0.0,0.0,80.2675585284281,0.0,0.0,0.0,0.9274961597542265,3.799285714285714,0.0,,,,
2012-11-22,53.0,247.0,20.0,0.0,0.0,17.666666666666668,0.0,0.0,0.0,-1.212165736115197,3.7655625,0.0,,,,
2012-11-23,142.0,131.0,47.0,0.0,0.0,52.01465201465202,0.0,0.0,0.0,0.0,3.76603125,0.0,,,,
2012-11-26,21.0,277.0,20.0,0.0,0.0,7.046979865771812,0.0,0.0,0.0,-1.6990391356344636,3.6739937106918235,0.0,,,,
2012-11-27,15.0,300.0,4.0,0.0,0.0,4.761904761904762,0.0,0.0,2.0,-4.602510460251059,3.5145454545454546,0.0,,,,
2012-11-28,34.0,275.0,10.0,0.0,0.0,11.003236245954692,0.0,0.0,0.0,-1.941747572815536,3.4430094043887145,0.0,,,,
2012-11-29,48.0,251.0,21.0,0.0,0.0,16.05351170568562,0.0,0.0,1.0,-1.4652211249463267,3.39690625,0.0,,,,
2012-11-30,257.0,30.0,33.0,0.0,0.0,89.54703832752612,0.0,0.0,0.0,0.9042959166984722,3.4311875,0.0,,,,
2012-12-03,23.0,290.0,7.0,0.0,0.0,7.348242811501597,0.0,0.0,5.0,-3.271505838732488,3.3250625,0.0,,,,
2012-12-04,251.0,50.0,18.0,0.0,0.0,83.38870431893687,0.0,0.0,0.0,1.4905149051490558,3.3711285266457685,0.0,,,,
2012-12-05,318.0,0.0,0.0,0.0,0.0,100.0,0.0,0.0,0.0,3.7228581694984775,3.5040566037735847,0.0,,,,
2012-12-06,104.0,168.0,47.0,0.0,0.0,38.23529411764706,0.0,0.0,0.0,-0.3125000000000072,3.503636363636364,0.0,,,,
2012-12-07,312.0,3.0,3.0,0.0,0.0,99.04761904761905,0.0,0.0,0.0,2.383793612910555,3.598647798742138,0.0,,,,
2012-12-10,303.0,8.0,7.0,0.0,0.0,97.42765273311898,0.0,0.0,0.0,1.7817460317460234,3.69437106918239,0.0,,,,
2012-12-11,44.0,266.0,11.0,0.0,0.0,14.193548387096774,0.0,0.0,0.0,-1.2987012987013091,3.6387538940809967,0.0,,,,
2012-12-12,127.0,162.0,32.0,0.0,0.0,43.944636678200695,0.0,0.0,0.0,-0.2320185614849138,3.650498442367601,0.0,,,,
2012-12-13,44.0,262.0,15.0,0.0,0.0,14.37908496732026,0.0,0.0,0.0,-1.5267175572519098,3.5965732087227416,0.0,,,,
2012-12-14,321.0,0.0,0.0,0.0,0.0,100.0,0.0,0.0,0.0,4.011461318051566,3.7441744548286606,0.0,,,,
2012-12-17,142.0,133.0,45.0,0.0,0.0,51.63636363636363,0.0,0.0,0.0,0.0,3.736625,0.0,,,,
2012-12-18,83.0,202.0,35.0,0.0,0.0,29.122807017543863,0.0,0.0,1.0,-0.6003183278777078,3.7243749999999998,0.0,,,,
2012-12-19,217.0,64.0,39.0,0.0,0.0,77.22419928825623,0.0,0.0,0.0,0.5830953352373207,3.7620937499999996,0.0,,,,
2012-12-20,221.0,68.0,32.0,0.0,0.0,76.47058823529412,0.0,0.0,0.0,0.8510638297872347,3.832897196261682,0.0,,,,
2012-12-21,248.0,54.0,19.0,0.0,0.0,82.11920529801324,0.0,0.0,0.0,1.49700598802396,3.904735202492212,0.0,,,,
2012-12-24,237.0,52.0,32.0,0.0,0.0,82.00692041522491,0.0,0.0,0.0,1.2448132780082906,3.977819314641745,0.0,,,,
2012-12-25,297.0,14.0,7.0,0.0,0.0,95.4983922829582,0.0,0.0,0.0,2.0182721030375905,4.062735849056604,0.0,,,,
2012-12-26,300.0,13.0,6.0,0.0,0.0,95.84664536741214,0.0,0.0,0.0,2.857142857142855,4.1969278996865205,0.0,,,,
2012-12-27,28.0,277.0,14.0,0.0,0.0,9.180327868852459,0.0,0.0,2.0,-2.8469750889679744,4.0771159874608145,0.0,,,,
2012-12-28,245.0,48.0,26.0,0.0,0.0,83.61774744027304,0.0,0.0,0.0,0.8695652173913052,4.127993730407523,0.0,,,,
2012-12-31,135.0,149.0,37.0,0.0,0.0,47.53521126760563,0.0,0.0,0.0,0.0,4.12809968847352,0.0,,,,
2013-01-04,129.0,174.0,18.0,0.0,0.0,42.57425742574257,0.0,0.0,0.0,-0.4424778761061853,4.147383177570093,0.0,,,,
2013-01-07,260.0,47.0,14.0,0.0,0.0,84.69055374592834,0.0,0.0,0.0,1.6806722689075646,4.233208722741432,0.0,,,,
2013-01-08,236.0,61.0,23.0,0.0,0.0,79.46127946127946,0.0,0.0,0.0,1.4131476649448889,4.3025,0.0,,,,
2013-01-09,111.0,190.0,21.0,0.0,0.0,36.87707641196013,0.0,0.0,1.0,-0.6101230171777419,4.2868633540372665,0.0,,,,
2013-01-10,192.0,108.0,22.0,0.0,0.0,64.0,0.0,0.0,1.0,0.4348154869933555,4.324037267080745,0.0,,,,
2013-01-11,103.0,203.0,15.0,0.0,0.0,33.66013071895425,0.0,0.0,0.0,-1.2367491166077789,4.317289719626168,0.0,,,,
2013-01-14,319.0,2.0,0.0,0.0,0.0,99.37694704049844,0.0,0.0,0.0,3.754266211604091,4.491059190031153,0.0,,,,
2013-01-15,255.0,48.0,18.0,0.0,0.0,84.15841584158416,0.0,0.0,0.0,1.6759776536312865,4.566604361370717,0.0,,,,
2013-01-16,59.0,254.0,8.0,0.0,0.0,18.849840255591054,0.0,0.0,0.0,-1.5401540154015465,4.506853582554517,0.0,,,,
2013-01-17,90.0,221.0,9.0,0.0,0.0,28.938906752411576,0.0,0.0,0.0,-1.4744404952120136,4.44934375,0.0,,,,
2013-01-18,258.0,49.0,15.0,0.0,0.0,84.03908794788273,0.0,0.0,0.0,1.2717255358606145,4.52639751552795,0.0,,,,
2013-01-21,184.0,110.0,26.0,0.0,0.0,62.585034013605444,0.0,0.0,0.0,0.4424778761062049,4.563750000000001,0.0,,,,
2013-01-22,31.0,286.0,4.0,0.0,0.0,9.779179810725552,0.0,0.0,0.0,-3.059581320450892,4.414018691588785,0.0,,,,
2013-01-23,141.0,158.0,22.0,0.0,0.0,47.15719063545151,0.0,0.0,0.0,0.0,4.422990654205607,0.0,,,,
2013-01-24,24.0,291.0,6.0,0.0,0.0,7.6190476190476195,0.0,0.0,0.0,-3.269230769230768,4.294205607476636,0.0,,,,
2013-01-25,179.0,114.0,29.0,0.0,0.0,61.092150170648466,0.0,0.0,0.0,0.28136129798179677,4.3091925465838505,0.0,,,,
2013-01-28,311.0,7.0,3.0,0.0,0.0,97.79874213836479,0.0,0.0,0.0,2.564102564102558,4.423582554517134,0.0,,,,
2013-01-29,226.0,62.0,34.0,0.0,0.0,78.47222222222221,0.0,0.0,0.0,0.7250779111914705,4.4750310559006214,0.0,,,,
2013-01-30,71.0,225.0,26.0,0.0,0.0,23.986486486486484,0.0,0.0,0.0,-1.1278354886580422,4.429099378881988,0.0,,,,
2013-01-31,87.0,224.0,12.0,0.0,0.0,27.974276527331188,0.0,0.0,0.0,-1.1472275334608124,4.377554179566563,0.0,,,,
2013-02-01,196.0,99.0,28.0,0.0,0.0,66.44067796610169,0.0,0.0,0.0,0.4672897196261582,4.396625386996904,0.0,,,,
2013-02-04,65.0,239.0,17.0,0.0,0.0,21.38157894736842,0.0,0.0,1.0,-1.6157989228007157,4.3277881619937695,0.0,,,,
2013-02-05,254.0,52.0,17.0,0.0,0.0,83.00653594771242,0.0,0.0,0.0,1.0638297872340436,4.361052631578947,0.0,,,,
2013-02-06,215.0,82.0,26.0,0.0,0.0,72.39057239057239,0.0,0.0,0.0,0.6396588486140588,4.397337461300309,0.0,,,,
2013-02-07,221.0,65.0,37.0,0.0,0.0,77.27272727272727,0.0,0.0,0.0,0.6622516556291397,4.448513931888544,0.0,,,,
2013-02-08,292.0,16.0,15.0,0.0,0.0,94.8051948051948,0.0,0.0,0.0,1.425661914460291,4.52953560371517,0.0,,,,
2013-02-18,229.0,72.0,22.0,0.0,0.0,76.0797342192691,0.0,0.0,0.0,1.0256410256410264,4.590526315789473,0.0,,,,
2013-02-19,48.0,263.0,12.0,0.0,0.0,15.434083601286176,0.0,0.0,0.0,-2.167182662538695,4.508142414860681,0.0,,,,
2013-02-20,316.0,6.0,1.0,0.0,0.0,98.13664596273291,0.0,0.0,0.0,2.5423728813559343,4.639009287925697,0.0,,,,
2013-02-21,69.0,237.0,16.0,0.0,0.0,22.54901960784314,0.0,0.0,0.0,-1.6744466405932383,4.563726708074534,0.0,,,,
2013-02-22,118.0,170.0,34.0,0.0,0.0,40.97222222222222,0.0,0.0,0.0,-0.3357592003406997,4.555403726708074,0.0,,,,
2013-02-25,261.0,45.0,15.0,0.0,0.0,85.29411764705883,0.0,0.0,0.0,1.3888888888888902,4.633426791277258,0.0,,,,
2013-02-26,94.0,205.0,20.0,0.0,0.0,31.438127090301005,0.0,0.0,0.0,-1.1278195488721898,4.589529780564263,0.0,,,,
2013-02-27,102.0,210.0,10.0,0.0,0.0,32.69230769230769,0.0,0.0,0.0,-1.0989010989010932,4.55832298136646,0.0,,,,
2013-02-28,279.0,30.0,12.0,0.0,0.0,90.29126213592234,0.0,0.0,0.0,1.7667844522968137,4.623956386292835,0.0,,,,
2013-03-01,301.0,15.0,5.0,0.0,0.0,95.25316455696202,0.0,0.0,0.0,2.2222222222222143,4.739470404984424,0.0,,,,
2013-03-04,39.0,274.0,3.0,0.0,0.0,12.460063897763577,0.0,0.0,0.0,-3.1018747789175807,4.6416772151898735,0.0,,,,
2013-03-05,301.0,13.0,4.0,0.0,0.0,95.85987261146497,0.0,0.0,0.0,2.6272648835202785,4.755691823899371,0.0,,,,
2013-03-06,267.0,43.0,9.0,0.0,0.0,86.12903225806451,0.0,0.0,0.0,1.986754966887419,4.8482131661442,0.0,,,,
2013-03-07,32.0,278.0,8.0,0.0,0.0,10.32258064516129,0.0,0.0,2.0,-2.4557273243879534,4.7306603773584905,0.0,,,,
2013-03-08,69.0,229.0,20.0,0.0,0.0,23.154362416107382,0.0,0.0,1.0,-1.239551171021919,4.669748427672956,0.0,,,,
2013-03-11,168.0,122.0,30.0,0.0,0.0,57.931034482758626,0.0,0.0,0.0,0.2089707048784482,4.679625,0.0,,,,
2013-03-12,18.0,301.0,1.0,0.0,0.0,5.6426332288401255,0.0,0.0,1.0,-4.1820987654320945,4.4905625,0.0,,,,
2013-03-13,97.0,198.0,25.0,0.0,0.0,32.88135593220339,0.0,0.0,0.0,-0.795019737240582,4.4568125,0.0,,,,
2013-03-14,143.0,122.0,55.0,0.0,0.0,53.9622641509434,0.0,0.0,0.0,0.0,4.4675312499999995,0.0,,,,
2013-03-15,194.0,90.0,36.0,0.0,0.0,68.30985915492957,0.0,0.0,0.0,0.46136162876086917,4.501156249999999,0.0,,,,
2013-03-18,79.0,229.0,10.0,0.0,0.0,25.649350649350648,0.0,0.0,0.0,-1.142387976923862,4.4615408805031445,0.0,,,,
2013-03-19,146.0,152.0,20.0,0.0,0.0,48.99328859060403,0.0,0.0,2.0,0.0,4.448584905660377,0.0,,,,
2013-03-20,309.0,6.0,3.0,0.0,0.0,98.09523809523809,0.0,0.0,0.0,2.784740012462792,4.576666666666666,0.0,,,,
2013-03-21,260.0,33.0,25.0,0.0,0.0,88.73720136518772,0.0,0.0,0.0,1.1117565630098465,4.645691823899371,0.0,,,,
2013-03-22,138.0,131.0,49.0,0.0,0.0,51.301115241635685,0.0,0.0,0.0,0.0,4.64937106918239,0.0,,,,
2013-03-25,106.0,182.0,27.0,0.0,0.0,36.80555555555556,0.0,0.0,0.0,-0.4065040650406418,4.648,0.0,,,,
2013-03-26,87.0,216.0,12.0,0.0,0.0,28.71287128712871,0.0,0.0,0.0,-1.4051522248243469,4.6285396825396825,0.0,,,,
2013-03-27,176.0,104.0,36.0,0.0,0.0,62.857142857142854,0.0,0.0,0.0,0.25677368316962235,4.651930379746835,0.0,,,,
2013-03-28,22.0,290.0,5.0,0.0,0.0,7.051282051282051,0.0,0.0,0.0,-3.3898305084745712,4.499842271293375,0.0,,,,
2013-03-29,114.0,167.0,35.0,0.0,0.0,40.569395017793596,0.0,0.0,0.0,-0.2387419707530569,4.487088607594937,0.0,,,,
2013-04-01,236.0,55.0,26.0,0.0,0.0,81.09965635738831,0.0,0.0,0.0,0.827814569536421,4.5426498422712935,0.0,,,,
2013-04-02,26.0,282.0,9.0,0.0,0.0,8.441558441558442,0.0,0.0,4.0,-2.1253985122210337,4.418801261829653,0.0,,,,
2013-04-03,70.0,227.0,18.0,0.0,0.0,23.56902356902357,0.0,0.0,1.0,-1.3953488372092933,4.362349206349207,0.0,,,,
2013-04-08,206.0,79.0,28.0,0.0,0.0,72.28070175438597,0.0,0.0,0.0,0.9523809523809532,4.424345047923323,0.0,,,,
2013-04-09,232.0,60.0,21.0,0.0,0.0,79.45205479452055,0.0,0.0,0.0,0.7905138339920956,4.457955271565495,0.0,,,,
2013-04-10,67.0,226.0,18.0,0.0,0.0,22.866894197952217,0.0,0.0,0.0,-0.9259259259259336,4.402250803858521,0.0,,,,
2013-04-11,99.0,174.0,38.0,0.0,0.0,36.26373626373626,0.0,0.0,0.0,-0.3577817531305827,4.387813504823151,0.0,,,,
2013-04-12,76.0,215.0,24.0,0.0,0.0,26.11683848797251,0.0,0.0,0.0,-0.8389261744966413,4.344253968253969,0.0,,,,
2013-04-15,46.0,249.0,18.0,0.0,0.0,15.593220338983052,0.0,0.0,0.0,-1.562500000000001,4.274888178913738,0.0,,,,
2013-04-16,251.0,41.0,22.0,0.0,0.0,85.95890410958904,0.0,0.0,0.0,1.2517227338219619,4.325127388535032,0.0,,,,
2013-04-17,274.0,18.0,22.0,0.0,0.0,93.83561643835617,0.0,0.0,0.0,1.164931867961473,4.4012420382165605,0.0,,,,
2013-04-18,194.0,88.0,32.0,0.0,0.0,68.79432624113475,0.0,0.0,0.0,0.5134864344662119,4.438057324840764,0.0,,,,
2013-04-19,296.0,9.0,8.0,0.0,0.0,97.04918032786885,0.0,0.0,0.0,1.9900497512437831,4.53258785942492,0.0,,,,
2013-04-22,237.0,55.0,19.0,0.0,0.0,81.16438356164383,0.0,0.0,0.0,1.188118811881198,4.614887459807074,0.0,,,,
2013-04-23,28.0,280.0,4.0,0.0,0.0,9.090909090909092,0.0,0.0,0.0,-3.196516690856313,4.480641025641026,0.0,,,,
2013-04-24,301.0,8.0,4.0,0.0,0.0,97.41100323624595,0.0,0.0,0.0,2.880658436213985,4.628466453674122,0.0,,,,
2013-04-25,66.0,234.0,12.0,0.0,0.0,22.0,0.0,0.0,1.0,-1.7513188565820121,4.539647435897436,0.0,,,,
2013-04-26,32.0,272.0,9.0,0.0,0.0,10.526315789473683,0.0,0.0,0.0,-2.357563850687625,4.434600638977636,0.0,,,,
2013-05-02,250.0,38.0,23.0,0.0,0.0,86.80555555555556,0.0,0.0,0.0,1.2539184952978069,4.530836012861736,0.0,,,,
2013-05-03,297.0,11.0,5.0,0.0,0.0,96.42857142857143,0.0,0.0,0.0,2.150537634408592,4.65297124600639,0.0,,,,
2013-05-06,284.0,26.0,4.0,0.0,0.0,91.61290322580645,0.0,0.0,0.0,2.1505376344085976,4.766910828025478,0.0,,,,
2013-05-07,126.0,163.0,26.0,0.0,0.0,43.59861591695502,0.0,0.0,0.0,-0.2398081534772131,4.753619047619048,0.0,,,,
2013-05-08,272.0,28.0,14.0,0.0,0.0,90.66666666666666,0.0,0.0,0.0,1.6694744143987938,4.866592356687898,0.0,,,,
2013-05-09,200.0,98.0,17.0,0.0,0.0,67.11409395973155,0.0,0.0,0.0,0.8264462809917426,4.9286666666666665,0.0,,,,
2013-05-10,142.0,148.0,23.0,0.0,0.0,48.96551724137931,0.0,0.0,1.0,0.0,4.920287539936102,0.0,,,,
2013-05-13,182.0,109.0,21.0,0.0,0.0,62.54295532646048,0.0,0.0,0.0,0.6446518827886714,4.983173076923077,0.0,,,,
2013-05-14,61.0,251.0,4.0,0.0,0.0,19.55128205128205,0.0,0.0,0.0,-2.1788767865297514,4.866455696202531,0.0,,,,
2013-05-15,302.0,11.0,3.0,0.0,0.0,96.48562300319489,0.0,0.0,0.0,2.4941766832323036,5.019050632911393,0.0,,,,
2013-05-16,78.0,219.0,19.0,0.0,0.0,26.262626262626267,0.0,0.0,0.0,-1.1940298507462697,4.976107594936709,0.0,,,,
2013-05-17,245.0,47.0,23.0,0.0,0.0,83.9041095890411,0.0,0.0,0.0,1.319261213720312,5.071460317460318,0.0,,,,
2013-05-20,284.0,25.0,5.0,0.0,0.0,91.9093851132686,0.0,0.0,0.0,2.936386280896735,5.240668789808917,0.0,,,,
2013-05-21,269.0,33.0,12.0,0.0,0.0,89.0728476821192,0.0,0.0,0.0,1.6142060555526607,5.365859872611465,0.0,,,,
2013-05-22,34.0,275.0,2.0,0.0,0.0,11.003236245954692,0.0,0.0,2.0,-3.052866716306777,5.203215434083601,0.0,,,,
2013-05-23,139.0,142.0,31.0,0.0,0.0,49.46619217081851,0.0,0.0,0.0,0.0,5.239871794871795,0.0,,,,
2013-05-24,293.0,12.0,5.0,0.0,0.0,96.06557377049181,0.0,0.0,0.0,2.63692768506632,5.432,0.0,,,,
2013-05-27,199.0,90.0,20.0,0.0,0.0,68.85813148788927,0.0,0.0,1.0,0.7168458781362014,5.4745954692556635,0.0,,,,
2013-05-28,15.0,291.0,3.0,0.0,0.0,4.901960784313726,0.0,0.0,0.0,-3.296703296703291,5.29378640776699,0.0,,,,
2013-05-29,228.0,62.0,18.0,0.0,0.0,78.62068965517241,0.0,0.0,0.0,0.9238072379123672,5.346266233766234,0.0,,,,
2013-05-30,192.0,102.0,17.0,0.0,0.0,65.3061224489796,0.0,0.0,0.0,0.5882352941176475,5.398778135048231,0.0,,,,
2013-05-31,130.0,175.0,5.0,0.0,0.0,42.62295081967213,0.0,0.0,0.0,-0.4809470958194709,5.404580645161291,0.0,,,,
2013-06-03,56.0,248.0,9.0,0.0,0.0,18.421052631578945,0.0,0.0,0.0,-2.0408163265306016,5.292651757188498,0.0,,,,
2013-06-04,46.0,259.0,7.0,0.0,0.0,15.081967213114755,0.0,0.0,2.0,-2.9550868711707885,5.147019230769231,0.0,,,,
2013-06-05,201.0,83.0,29.0,0.0,0.0,70.77464788732394,0.0,0.0,0.0,0.6048387096774244,5.1960063897763575,0.0,,,,
2013-06-06,50.0,257.0,7.0,0.0,0.0,16.286644951140065,0.0,0.0,1.0,-2.031128613142604,5.103407643312102,0.0,,,,
2013-06-07,109.0,194.0,10.0,0.0,0.0,35.973597359735976,0.0,0.0,2.0,-0.87912087912088,5.091884984025559,0.0,,,,
2013-06-13,86.0,219.0,7.0,0.0,0.0,28.196721311475407,0.0,0.0,0.0,-2.207358847153323,5.004423076923077,0.0,,,,
2013-06-14,304.0,7.0,2.0,0.0,0.0,97.7491961414791,0.0,0.0,0.0,3.3962264150943517,5.193865814696486,0.0,,,,
2013-06-17,147.0,141.0,21.0,0.0,0.0,51.041666666666664,0.0,0.0,1.0,0.0,5.201553398058253,0.0,,,,
2013-06-18,125.0,157.0,29.0,0.0,0.0,44.32624113475177,0.0,0.0,0.0,-0.2392344497607604,5.200096463022508,0.0,,,,
2013-06-19,129.0,165.0,18.0,0.0,0.0,43.87755102040816,0.0,0.0,0.0,-0.2950115439299799,5.219358974358975,0.0,,,,
2013-06-20,23.0,287.0,2.0,0.0,0.0,7.419354838709677,0.0,0.0,4.0,-3.821191035099479,5.012948717948718,0.0,,,,
2013-06-21,107.0,192.0,12.0,0.0,0.0,35.785953177257525,0.0,0.0,0.0,-0.8695652173913052,5.003183279742765,0.0,,,,
2013-06-24,23.0,288.0,0.0,0.0,0.0,7.395498392282958,0.0,0.0,18.0,-5.874316939890719,4.7299999999999995,0.0,,,,
2013-06-25,174.0,114.0,23.0,0.0,0.0,60.416666666666664,0.0,0.0,0.0,0.4878048780487701,4.808906752411575,0.0,,,,
2013-06-26,309.0,1.0,1.0,0.0,0.0,99.67741935483872,0.0,0.0,0.0,4.166666666666671,5.0505466237942125,0.0,,,,
2013-06-27,61.0,245.0,4.0,0.0,0.0,19.934640522875817,0.0,0.0,3.0,-2.877846790890276,4.953032258064517,0.0,,,,
2013-06-28,51.0,242.0,18.0,0.0,0.0,17.4061433447099,0.0,0.0,0.0,-1.7817371937639217,4.85427652733119,0.0,,,,
2013-07-01,304.0,4.0,2.0,0.0,0.0,98.7012987012987,0.0,0.0,1.0,3.4097514974314382,5.03858064516129,0.0,,,,
2013-07-02,275.0,28.0,7.0,0.0,0.0,90.75907590759076,0.0,0.0,0.0,2.2529430654876093,5.176935483870968,0.0,,,,
2013-07-03,183.0,112.0,15.0,0.0,0.0,62.03389830508475,0.0,0.0,0.0,0.491497400843255,5.234354838709677,0.0,,,,
2013-07-04,97.0,197.0,15.0,0.0,0.0,32.99319727891156,0.0,0.0,0.0,-0.836820083682009,5.117540453074433,0.0,,,,
2013-07-05,30.0,275.0,5.0,0.0,0.0,9.836065573770492,0.0,0.0,5.0,-2.3652817770464747,4.990451612903225,0.0,,,,
2013-07-08,31.0,278.0,1.0,0.0,0.0,10.032362459546926,0.0,0.0,2.0,-5.249379994488843,4.777129032258065,0.0,,,,
2013-07-09,227.0,64.0,18.0,0.0,0.0,78.00687285223368,0.0,0.0,0.0,1.0912698412698356,4.844757281553398,0.0,,,,
2013-07-10,276.0,25.0,7.0,0.0,0.0,91.69435215946844,0.0,0.0,0.0,2.3838748906088423,4.957142857142857,0.0,,,,
2013-07-11,267.0,32.0,10.0,0.0,0.0,89.29765886287625,0.0,0.0,0.0,1.9108280254777088,5.0413592233009705,0.0,,,,
2013-07-12,185.0,95.0,29.0,0.0,0.0,66.07142857142857,0.0,0.0,0.0,0.5305039787798413,5.081521035598706,0.0,,,,
2013-07-15,295.0,10.0,5.0,0.0,0.0,96.72131147540983,0.0,0.0,0.0,3.1638954519692932,5.306258064516129,0.0,,,,
2013-07-16,203.0,83.0,24.0,0.0,0.0,70.97902097902097,0.0,0.0,0.0,1.2368815592203921,5.376032258064516,0.0,,,,
2013-07-17,84.0,219.0,6.0,0.0,0.0,27.722772277227726,0.0,0.0,0.0,-1.6011644832605576,5.317411003236246,0.0,,,,
2013-07-18,210.0,78.0,20.0,0.0,0.0,72.91666666666666,0.0,0.0,0.0,1.0598071943343794,5.38801948051948,0.0,,,,
2013-07-19,55.0,245.0,8.0,0.0,0.0,18.333333333333332,0.0,0.0,2.0,-2.826384662203288,5.283636363636363,0.0,,,,
2013-07-22,292.0,8.0,7.0,0.0,0.0,97.33333333333334,0.0,0.0,0.0,3.346456692913384,5.508273615635179,0.0,,,,
2013-07-23,281.0,20.0,7.0,0.0,0.0,93.35548172757476,0.0,0.0,0.0,2.3085805649316042,5.65762987012987,0.0,,,,
2013-07-24,230.0,61.0,17.0,0.0,0.0,79.03780068728523,0.0,0.0,0.0,1.5042736800962708,5.779090909090909,0.0,,,,
2013-07-25,23.0,285.0,1.0,0.0,0.0,7.467532467532467,0.0,0.0,6.0,-4.895104895104894,5.491779935275081,0.0,,,,
2013-07-26,157.0,135.0,15.0,0.0,0.0,53.76712328767124,0.0,0.0,0.0,0.1984126984126941,5.4776872964169385,0.0,,,,
2013-07-29,76.0,219.0,12.0,0.0,0.0,25.76271186440678,0.0,0.0,0.0,-1.6789791806581598,5.358664495114006,0.0,,,,
2013-07-30,78.0,221.0,8.0,0.0,0.0,26.08695652173913,0.0,0.0,1.0,-1.829268292682915,5.287491856677525,0.0,,,,
2013-07-31,187.0,94.0,26.0,0.0,0.0,66.54804270462633,0.0,0.0,0.0,0.4366812227074143,5.325765472312703,0.0,,,,
2013-08-01,305.0,1.0,0.0,0.0,0.0,99.67320261437908,0.0,0.0,0.0,4.436676846726471,5.594411764705883,0.0,,,,
2013-08-02,169.0,125.0,16.0,0.0,0.0,57.48299319727891,0.0,0.0,1.0,0.6149410346701965,5.682032258064516,0.0,,,,
2013-08-05,247.0,52.0,9.0,0.0,0.0,82.6086956521739,0.0,0.0,1.0,1.4945166621995938,5.790974025974027,0.0,,,,
2013-08-06,155.0,132.0,22.0,0.0,0.0,54.00696864111498,0.0,0.0,0.0,0.0947867298578178,5.826051779935275,0.0,,,,
2013-08-07,29.0,268.0,9.0,0.0,0.0,9.764309764309765,0.0,0.0,0.0,-3.3071097768860547,5.622516339869281,0.0,,,,
2013-08-08,205.0,75.0,24.0,0.0,0.0,73.21428571428571,0.0,0.0,0.0,0.7433778448259178,5.687467105263158,0.0,,,,
2013-08-09,80.0,211.0,14.0,0.0,0.0,27.491408934707906,0.0,0.0,0.0,-1.104972375690609,5.637147540983606,0.0,,,,
2013-08-12,152.0,139.0,14.0,0.0,0.0,52.23367697594502,0.0,0.0,1.0,0.0,5.632786885245902,0.0,,,,
2013-08-13,230.0,57.0,18.0,0.0,0.0,80.13937282229965,0.0,0.0,0.0,1.0771992818671383,5.70072131147541,0.0,,,,
2013-08-14,152.0,142.0,13.0,0.0,0.0,51.70068027210885,0.0,0.0,0.0,0.0,5.789381107491856,0.0,,,,
2013-08-15,83.0,210.0,14.0,0.0,0.0,28.327645051194537,0.0,0.0,0.0,-1.280558789289865,5.737785016286645,0.0,,,,
2013-08-16,23.0,280.0,3.0,0.0,0.0,7.590759075907591,0.0,0.0,6.0,-3.4951588091575365,5.498529411764705,0.0,,,,
2013-08-19,296.0,8.0,2.0,0.0,0.0,97.36842105263158,0.0,0.0,0.0,3.089083506510029,5.740424836601307,0.0,,,,
2013-08-20,184.0,110.0,10.0,0.0,0.0,62.585034013605444,0.0,0.0,1.0,0.769500256582327,5.787697368421052,0.0,,,,
2013-08-21,190.0,103.0,12.0,0.0,0.0,64.84641638225256,0.0,0.0,0.0,0.7293354943273895,5.852852459016393,0.0,,,,
2013-08-22,165.0,114.0,25.0,0.0,0.0,59.13978494623656,0.0,0.0,0.0,0.3546143882901726,5.921217105263158,0.0,,,,
2013-08-23,119.0,180.0,6.0,0.0,0.0,39.79933110367893,0.0,0.0,0.0,-0.680272108843538,5.944098360655738,0.0,,,,
2013-08-26,259.0,35.0,12.0,0.0,0.0,88.09523809523809,0.0,0.0,0.0,1.510781514557943,6.038692810457516,0.0,,,,
2013-08-27,160.0,133.0,14.0,0.0,0.0,54.60750853242321,0.0,0.0,0.0,0.2024291497975665,6.093811074918567,0.0,,,,
2013-08-28,55.0,246.0,5.0,0.0,0.0,18.272425249169437,0.0,0.0,0.0,-2.6224602820347505,5.9432679738562095,0.0,,,,
2013-08-29,117.0,177.0,12.0,0.0,0.0,39.795918367346935,0.0,0.0,0.0,-0.4425253708040499,5.939542483660131,0.0,,,,
2013-08-30,12.0,292.0,4.0,0.0,0.0,3.9473684210526314,0.0,0.0,9.0,-4.3765562152844355,5.661883116883117,0.0,,,,
2013-09-02,264.0,29.0,13.0,0.0,0.0,90.10238907849829,0.0,0.0,0.0,2.036926055688737,5.794509803921568,0.0,,,,
2013-09-03,259.0,37.0,11.0,0.0,0.0,87.5,0.0,0.0,0.0,1.4035087719298258,5.933029315960912,0.0,,,,
2013-09-04,103.0,191.0,13.0,0.0,0.0,35.034013605442176,0.0,0.0,0.0,-0.7858546168958749,5.934071661237785,0.0,,,,
2013-09-05,236.0,60.0,12.0,0.0,0.0,79.72972972972973,0.0,0.0,0.0,1.3216917154853518,6.049545454545455,0.0,,,,
2013-09-06,159.0,131.0,19.0,0.0,0.0,54.82758620689655,0.0,0.0,0.0,0.2181025081788394,6.124660194174758,0.0,,,,
2013-09-09,125.0,169.0,14.0,0.0,0.0,42.517006802721085,0.0,0.0,0.0,-0.3965780085183046,6.110681818181818,0.0,,,,
2013-09-10,107.0,179.0,23.0,0.0,0.0,37.41258741258741,0.0,0.0,0.0,-0.5376344086021582,6.102653721682848,0.0,,,,
2013-09-11,31.0,279.0,1.0,0.0,0.0,10.0,0.0,0.0,2.0,-3.1818181818181945,5.870385852090032,0.0,,,,
2013-09-12,132.0,148.0,29.0,0.0,0.0,47.14285714285714,0.0,0.0,0.0,0.0,5.73915857605178,0.0,,,,
2013-09-13,264.0,29.0,16.0,0.0,0.0,90.10238907849829,0.0,0.0,0.0,1.2315270935960767,5.982362459546925,0.0,,,,
2013-09-16,202.0,84.0,24.0,0.0,0.0,70.62937062937063,0.0,0.0,1.0,0.6711409395973185,6.0768387096774195,0.0,,,,
2013-09-17,71.0,228.0,10.0,0.0,0.0,23.745819397993312,0.0,0.0,0.0,-1.8978102189781008,6.017864077669903,0.0,,,,
2013-09-18,232.0,66.0,13.0,0.0,0.0,77.85234899328859,0.0,0.0,0.0,1.3100436681222625,6.096270096463023,0.0,,,,
2013-09-23,292.0,11.0,6.0,0.0,0.0,96.36963696369637,0.0,0.0,0.0,2.6372059871703564,6.291165048543689,0.0,,,,
2013-09-24,139.0,155.0,15.0,0.0,0.0,47.27891156462585,0.0,0.0,0.0,-0.1522070015220802,6.326148867313916,0.0,,,,
2013-09-25,84.0,207.0,18.0,0.0,0.0,28.865979381443296,0.0,0.0,1.0,-1.1441647597253897,6.272459546925567,0.0,,,,
2013-09-26,92.0,198.0,18.0,0.0,0.0,31.724137931034484,0.0,0.0,0.0,-1.0041848036167504,6.217337662337663,0.0,,,,
2013-09-27,172.0,115.0,21.0,0.0,0.0,59.93031358885017,0.0,0.0,2.0,0.359239901922829,6.258051948051948,0.0,,,,
2013-09-30,256.0,42.0,10.0,0.0,0.0,85.90604026845638,0.0,0.0,0.0,1.457518409200009,6.399577922077922,0.0,,,,
2013-10-08,238.0,51.0,19.0,0.0,0.0,82.35294117647058,0.0,0.0,0.0,1.5135986752997241,6.50762987012987,0.0,,,,
2013-10-09,227.0,62.0,18.0,0.0,0.0,78.54671280276817,0.0,0.0,0.0,1.1876484560570029,6.65928338762215,0.0,,,,
2013-10-10,58.0,239.0,11.0,0.0,0.0,19.52861952861953,0.0,0.0,4.0,-2.071120134976691,6.480389610389611,0.0,,,,
2013-10-11,199.0,96.0,13.0,0.0,0.0,67.45762711864407,0.0,0.0,1.0,0.7929273084479378,6.527922077922078,0.0,,,,
2013-10-14,206.0,81.0,19.0,0.0,0.0,71.77700348432056,0.0,0.0,0.0,1.2286289714402332,6.637254901960785,0.0,,,,
2013-10-15,96.0,205.0,5.0,0.0,0.0,31.893687707641195,0.0,0.0,1.0,-1.3737611750369334,6.590032679738562,0.0,,,,
2013-10-16,35.0,271.0,1.0,0.0,0.0,11.437908496732026,0.0,0.0,9.0,-3.619528619528632,6.347459283387622,0.0,,,,
2013-10-17,165.0,126.0,16.0,0.0,0.0,56.70103092783505,0.0,0.0,3.0,0.2710027100271065,6.353322475570033,0.0,,,,
2013-10-18,209.0,75.0,25.0,0.0,0.0,73.59154929577466,0.0,0.0,0.0,0.8498583569405169,6.408381877022654,0.0,,,,
2013-10-21,301.0,4.0,2.0,0.0,0.0,98.68852459016394,0.0,0.0,0.0,3.1185031185031264,6.64970684039088,0.0,,,,
2013-10-22,85.0,211.0,9.0,0.0,0.0,28.716216216216218,0.0,0.0,9.0,-1.8766756032171537,6.421901639344263,0.0,,,,
2013-10-23,43.0,259.0,4.0,0.0,0.0,14.23841059602649,0.0,0.0,1.0,-3.16514984940249,6.246078431372549,0.0,,,,
2013-10-24,112.0,179.0,16.0,0.0,0.0,38.48797250859107,0.0,0.0,0.0,-0.3891050583657505,6.191335504885994,0.0,,,,
2013-10-25,64.0,235.0,4.0,0.0,0.0,21.40468227424749,0.0,0.0,4.0,-2.147239263803676,6.067425742574257,0.0,,,,
2013-10-28,163.0,120.0,22.0,0.0,0.0,57.59717314487632,0.0,0.0,0.0,0.3086419753086353,6.204,0.0,,,,
2013-10-29,45.0,256.0,4.0,0.0,0.0,14.950166112956811,0.0,0.0,12.0,-3.9156626506024064,6.022426229508197,0.0,,,,
2013-10-30,249.0,44.0,12.0,0.0,0.0,84.98293515358361,0.0,0.0,0.0,1.68067226890757,6.134590163934426,0.0,,,,
2013-10-31,76.0,214.0,14.0,0.0,0.0,26.20689655172414,0.0,0.0,7.0,-1.5292207792207804,5.910953947368421,0.0,,,,
2013-11-01,101.0,181.0,22.0,0.0,0.0,35.815602836879435,0.0,0.0,1.0,-0.49793463974780394,5.920592105263157,0.0,,,,
2013-11-04,225.0,67.0,13.0,0.0,0.0,77.05479452054794,0.0,0.0,0.0,0.9960159362549944,5.976688524590164,0.0,,,,
2013-11-05,276.0,20.0,10.0,0.0,0.0,93.24324324324324,0.0,0.0,0.0,1.9203771608171851,6.144640522875817,0.0,,,,
2013-11-06,73.0,215.0,18.0,0.0,0.0,25.34722222222222,0.0,0.0,0.0,-1.1008853681267436,6.086372549019608,0.0,,,,
2013-11-07,63.0,232.0,9.0,0.0,0.0,21.35593220338983,0.0,0.0,0.0,-1.7418343614116631,5.945559210526316,0.0,,,,
2013-11-08,64.0,225.0,16.0,0.0,0.0,22.145328719723185,0.0,0.0,0.0,-1.3262599469495973,5.898655737704917,0.0,,,,
2013-11-11,239.0,58.0,7.0,0.0,0.0,80.47138047138047,0.0,0.0,0.0,1.7557761775655873,5.993815789473683,0.0,,,,
2013-11-12,239.0,55.0,12.0,0.0,0.0,81.29251700680273,0.0,0.0,0.0,1.4099391480730281,6.084281045751634,0.0,,,,
2013-11-13,55.0,239.0,13.0,0.0,0.0,18.70748299319728,0.0,0.0,1.0,-1.6666666666666683,6.02185667752443,0.0,,,,
2013-11-14,292.0,14.0,2.0,0.0,0.0,95.42483660130719,0.0,0.0,1.0,3.1078022033301416,6.216168831168831,0.0,,,,
2013-11-15,263.0,33.0,10.0,0.0,0.0,88.85135135135135,0.0,0.0,0.0,1.9444444444444535,6.341732026143791,0.0,,,,
2013-11-18,255.0,44.0,3.0,0.0,0.0,85.28428093645485,0.0,0.0,0.0,1.7834423845874112,6.4790728476821196,0.0,,,,
2013-11-19,156.0,121.0,22.0,0.0,0.0,56.317689530685925,0.0,0.0,2.0,0.2583979328165319,6.53561872909699,0.0,,,,
2013-11-20,156.0,120.0,25.0,0.0,0.0,56.52173913043478,0.0,0.0,0.0,0.2257336343115276,6.570099667774086,0.0,,,,
2013-11-21,81.0,210.0,9.0,0.0,0.0,27.835051546391753,0.0,0.0,0.0,-1.3110152012833192,6.514266666666667,0.0,,,,
2013-11-22,115.0,172.0,14.0,0.0,0.0,40.069686411149824,0.0,0.0,0.0,-0.559701492537318,6.487109634551495,0.0,,,,
2013-11-25,180.0,107.0,13.0,0.0,0.0,62.7177700348432,0.0,0.0,1.0,0.4282831988261174,6.503966666666667,0.0,,,,
2013-11-26,209.0,73.0,17.0,0.0,0.0,74.11347517730496,0.0,0.0,0.0,1.1494252873563229,6.594648829431438,0.0,,,,
2013-11-27,236.0,58.0,6.0,0.0,0.0,80.27210884353741,0.0,0.0,0.0,1.6262073524551046,6.729233333333333,0.0,,,,
2013-11-28,178.0,111.0,12.0,0.0,0.0,61.5916955017301,0.0,0.0,1.0,0.5794701986754991,6.806843853820599,0.0,,,,
2013-11-29,257.0,37.0,7.0,0.0,0.0,87.41496598639455,0.0,0.0,0.0,2.3554603854389797,7.002325581395349,0.0,,,,
2013-12-02,3.0,299.0,0.0,0.0,0.0,0.9933774834437087,0.0,0.0,5.0,-9.94802980087736,6.380960264900662,0.0,,,,
2013-12-03,131.0,166.0,6.0,0.0,0.0,44.107744107744104,0.0,0.0,0.0,-0.7272727272727278,6.314224422442244,0.0,,,,
2013-12-04,122.0,163.0,17.0,0.0,0.0,42.80701754385965,0.0,0.0,3.0,-0.3050169712186731,6.260794701986755,0.0,,,,
2013-12-05,79.0,209.0,14.0,0.0,0.0,27.430555555555557,0.0,0.0,5.0,-1.5024850165354233,6.111092715231788,0.0,,,,
2013-12-06,162.0,121.0,20.0,0.0,0.0,57.243816254416956,0.0,0.0,1.0,0.2538071065989793,6.11072607260726,0.0,,,,
2013-12-09,270.0,22.0,9.0,0.0,0.0,92.46575342465754,0.0,0.0,0.0,2.0785219399538075,6.277308970099668,0.0,,,,
2013-12-10,87.0,203.0,13.0,0.0,0.0,30.0,0.0,0.0,0.0,-0.9560229445506828,6.197062706270628,0.0,,,,
2013-12-11,143.0,138.0,21.0,0.0,0.0,50.88967971530249,0.0,0.0,0.0,0.0,6.221357615894039,0.0,,,,
2013-12-12,264.0,26.0,11.0,0.0,0.0,91.0344827586207,0.0,0.0,0.0,1.5267175572519098,6.3695016611295685,0.0,,,,
2013-12-13,200.0,90.0,13.0,0.0,0.0,68.96551724137932,0.0,0.0,0.0,0.7389162561576417,6.435907590759076,0.0,,,,
2013-12-16,93.0,196.0,12.0,0.0,0.0,32.17993079584775,0.0,0.0,3.0,-1.0893246187363796,6.382325581395349,0.0,,,,
2013-12-17,107.0,180.0,14.0,0.0,0.0,37.282229965156795,0.0,0.0,0.0,-0.6880733944954185,6.338039867109635,0.0,,,,
2013-12-18,132.0,152.0,17.0,0.0,0.0,46.478873239436616,0.0,0.0,1.0,-0.1438848920863278,6.320332225913622,0.0,,,,
2013-12-19,111.0,163.0,26.0,0.0,0.0,40.51094890510949,0.0,0.0,1.0,-0.2817102590147348,6.309266666666667,0.0,,,,
2013-12-20,92.0,197.0,11.0,0.0,0.0,31.833910034602077,0.0,0.0,0.0,-0.8043820491255288,6.277566666666667,0.0,,,,
2013-12-23,109.0,179.0,12.0,0.0,0.0,37.84722222222222,0.0,0.0,0.0,-0.7878891337409593,6.240066666666666,0.0,,,,
2013-12-24,244.0,45.0,12.0,0.0,0.0,84.42906574394463,0.0,0.0,0.0,1.782820097244738,6.366212624584717,0.0,,,,
2013-12-25,284.0,18.0,0.0,0.0,0.0,94.03973509933775,0.0,0.0,0.0,3.523739064302679,6.604569536423841,0.0,,,,
2013-12-26,64.0,225.0,10.0,0.0,0.0,22.145328719723185,0.0,0.0,2.0,-1.8450184501844955,6.496688963210702,0.0,,,,
2013-12-27,275.0,20.0,5.0,0.0,0.0,93.22033898305084,0.0,0.0,0.0,2.6535498018387838,6.670333333333333,0.0,,,,
2013-12-30,208.0,82.0,9.0,0.0,0.0,71.72413793103448,0.0,0.0,1.0,1.2903225806451528,6.735117056856187,0.0,,,,
2013-12-31,80.0,210.0,10.0,0.0,0.0,27.586206896551722,0.0,0.0,0.0,-1.4857738533235163,6.695166666666666,0.0,,,,
2014-01-02,279.0,19.0,3.0,0.0,0.0,93.6241610738255,0.0,0.0,0.0,2.4737167594310363,6.883754152823921,0.0,,,,
2014-01-03,167.0,116.0,15.0,0.0,0.0,59.01060070671378,0.0,0.0,0.0,0.36734693877550234,6.939328859060403,0.0,,,,
2014-01-06,37.0,257.0,4.0,0.0,0.0,12.585034013605442,0.0,0.0,2.0,-3.232157206516178,6.699765100671141,0.0,,,,
2014-01-07,246.0,49.0,8.0,0.0,0.0,83.38983050847457,0.0,0.0,0.0,1.7732401934443949,6.815940594059406,0.0,,,,
2014-01-08,267.0,29.0,7.0,0.0,0.0,90.2027027027027,0.0,0.0,0.0,2.277039848197345,7.014257425742575,0.0,,,,
2014-01-09,43.0,256.0,4.0,0.0,0.0,14.381270903010032,0.0,0.0,5.0,-3.321033210332098,6.8592079207920795,0.0,,,,
2014-01-10,68.0,229.0,3.0,0.0,0.0,22.895622895622896,0.0,0.0,1.0,-2.450742085847471,6.692433333333334,0.0,,,,
2014-01-13,178.0,106.0,12.0,0.0,0.0,62.676056338028175,0.0,0.0,0.0,0.7135420311244309,6.656959459459459,0.0,,,,
2014-01-14,279.0,13.0,4.0,0.0,0.0,95.54794520547945,0.0,0.0,0.0,3.344078910583555,6.892466216216216,0.0,,,,
2014-01-15,233.0,54.0,9.0,0.0,0.0,81.18466898954703,0.0,0.0,0.0,1.559644790180086,7.005777027027027,0.0,,,,
2014-01-16,87.0,196.0,9.0,0.0,0.0,30.742049469964666,0.0,0.0,1.0,-0.9349060725207488,6.954280821917808,0.0,,,,
2014-01-17,142.0,141.0,12.0,0.0,0.0,50.17667844522968,0.0,0.0,0.0,0.0,6.9750169491525424,0.0,,,,
2014-01-20,84.0,205.0,6.0,0.0,0.0,29.06574394463668,0.0,0.0,6.0,-1.8867924528301845,6.888067796610169,0.0,,,,
2014-01-21,261.0,32.0,2.0,0.0,0.0,89.07849829351537,0.0,0.0,0.0,2.145922746781108,7.055152542372881,0.0,,,,
2014-01-22,231.0,57.0,13.0,0.0,0.0,80.20833333333334,0.0,0.0,1.0,1.3709063214013686,7.180398671096346,0.0,,,,
2014-01-23,251.0,35.0,16.0,0.0,0.0,87.76223776223776,0.0,0.0,0.0,1.6491153851964881,7.314735099337749,0.0,,,,
2014-01-24,203.0,92.0,13.0,0.0,0.0,68.8135593220339,0.0,0.0,0.0,1.0741448376437635,7.411038961038961,0.0,,,,
2014-01-27,116.0,181.0,10.0,0.0,0.0,39.05723905723906,0.0,0.0,0.0,-0.9184845005740536,7.389674267100977,0.0,,,,
2014-01-28,98.0,209.0,6.0,1.0,0.0,31.921824104234524,0.0,0.0,1.0,-1.304863582443647,7.306773162939297,1.0,,,0.0,
2014-01-29,245.0,64.0,8.0,1.0,1.0,79.28802588996764,2.0,2.0,2.0,1.5873015873015848,7.52750788643533,1.0,,,66.67,4.918
2014-01-30,106.0,209.0,10.0,0.0,4.0,33.65079365079365,6.0,0.0,1.0,-1.3888888888888902,7.421692307692308,0.0,,,,-7.334
2014-02-07,300.0,20.0,2.0,0.0,0.0,93.75,1.0,0.0,0.0,2.705753157220433,7.638478260869566,0.0,,,,
2014-02-10,289.0,27.0,4.0,1.0,0.0,91.45569620253164,0.0,2.0,0.0,2.6029134522362503,7.82259375,1.0,,,66.67,
2014-02-11,114.0,192.0,12.0,5.0,0.0,37.254901960784316,0.0,1.0,1.0,-0.8247221183588844,7.788238993710691,2.0,,,16.67,10.101
2014-02-12,247.0,64.0,8.0,4.0,0.0,79.42122186495176,0.0,0.0,0.0,2.036199095022621,7.992006269592476,3.0,,,0.0,9.027
2014-02-13,34.0,282.0,2.0,1.0,0.0,10.759493670886076,0.0,0.0,4.0,-4.067108321134077,7.690786163522013,3.0,,,0.0,1.671
2014-02-14,288.0,22.0,6.0,3.0,0.0,92.90322580645162,0.0,2.0,0.0,2.2670169026952944,7.906329113924051,4.0,,,40.0,10.0
2014-02-17,298.0,16.0,5.0,6.0,0.0,94.90445859872611,0.0,0.0,0.0,2.901785714285712,8.174576802507838,5.0,,,0.0,10.0
2014-02-18,154.0,156.0,11.0,2.0,0.0,49.67741935483871,0.0,2.0,0.0,0.0,8.161059190031152,5.0,,,50.0,6.433
2014-02-19,97.0,212.0,10.0,1.0,0.0,31.3915857605178,1.0,0.0,0.0,-1.1009174311926695,8.132257053291536,6.0,,,0.0,9.819
2014-02-20,61.0,251.0,5.0,2.0,0.0,19.55128205128205,0.0,0.0,1.0,-2.6865671641791136,7.975488958990536,6.0,,,0.0,5.012
2014-02-21,179.0,129.0,11.0,1.0,0.0,58.11688311688312,0.0,1.0,2.0,0.3590664272890408,7.992068965517241,2.0,,,50.0,3.186
2014-02-24,253.0,59.0,9.0,2.0,0.0,81.08974358974359,0.0,0.0,0.0,1.6697588126159693,8.140996884735204,3.0,,,0.0,10.069
2014-02-25,22.0,299.0,0.0,2.0,0.0,6.853582554517133,0.0,0.0,137.0,-7.051826677994903,7.608785046728972,4.0,,,0.0,9.88
2014-02-26,123.0,183.0,12.0,1.0,0.0,40.19607843137255,3.0,0.0,0.0,-0.770628617579753,7.583930817610063,3.0,,,0.0,10.013
2014-02-27,41.0,274.0,5.0,2.0,0.0,13.015873015873018,0.0,0.0,28.0,-3.384578946235175,7.33521875,4.0,,,0.0,10.031
2014-02-28,250.0,63.0,12.0,7.0,0.0,79.87220447284345,0.0,0.0,1.0,1.6877637130801704,7.48643076923077,5.0,,,0.0,10.052
2014-03-03,295.0,26.0,4.0,6.0,0.0,91.90031152647975,0.0,0.0,0.0,2.406417112299461,7.750123076923077,6.0,,,0.0,9.643
2014-03-04,110.0,203.0,14.0,0.0,0.0,35.14376996805112,0.0,3.0,3.0,-0.8421052631578954,7.651345565749235,0.0,,,100.0,-0.857
2014-03-05,147.0,152.0,29.0,0.0,0.0,49.163879598662206,0.0,0.0,0.0,0.0,7.673749999999999,0.0,,,,
2014-03-06,159.0,154.0,13.0,1.0,0.0,50.798722044728436,0.0,0.0,1.0,0.0,7.719110429447852,1.0,,,0.0,
2014-03-07,118.0,190.0,17.0,0.0,1.0,38.311688311688314,4.0,0.0,0.0,-0.6979062811565155,7.652215384615384,0.0,,,,-8.398
2014-03-10,22.0,301.0,4.0,0.0,1.0,6.811145510835913,1.0,0.0,5.0,-4.385964912280699,7.400428134556575,0.0,,,,-10.006
2014-03-11,143.0,172.0,13.0,0.0,1.0,45.3968253968254,1.0,1.0,0.0,-0.24859579460059844,7.356280487804878,0.0,,,100.0,
2014-03-12,144.0,171.0,12.0,0.0,0.0,45.714285714285715,2.0,1.0,2.0,-0.245098039215681,7.302629969418961,0.0,,,100.0,
2014-03-13,272.0,37.0,14.0,0.0,1.0,88.02588996763754,1.0,0.0,0.0,1.7424975798644695,7.480835913312693,0.0,,,,
2014-03-14,156.0,147.0,18.0,0.0,0.0,51.48514851485149,0.0,0.0,0.0,0.0,7.484517133956387,0.0,,,,
2014-03-17,303.0,16.0,2.0,0.0,0.0,94.98432601880877,0.0,0.0,0.0,3.0592734225621268,7.7173831775700945,0.0,,,,
2014-03-18,186.0,115.0,19.0,0.0,0.0,61.79401993355482,0.0,0.0,0.0,0.31034067653785996,7.799875,0.0,,,,
2014-03-19,145.0,168.0,8.0,0.0,0.0,46.325878594249204,0.0,0.0,0.0,-0.2430133657351102,7.7683800623052965,0.0,,,,
2014-03-20,26.0,293.0,3.0,0.0,0.0,8.150470219435736,0.0,0.0,7.0,-3.9115165894625825,7.491708074534161,0.0,,,,
2014-03-21,224.0,90.0,9.0,0.0,0.0,71.3375796178344,0.0,1.0,0.0,1.2084592145015116,7.574365325077399,0.0,,,100.0,
2014-03-24,73.0,234.0,17.0,0.0,0.0,23.778501628664493,0.0,0.0,1.0,-1.4153978776620308,7.4060802469135805,0.0,,,,
2014-03-25,164.0,143.0,18.0,0.0,0.0,53.420195439739416,0.0,0.0,0.0,0.1023541453428842,7.404830769230769,0.0,,,,
2014-03-26,247.0,64.0,14.0,0.0,0.0,79.42122186495176,0.0,0.0,1.0,1.0895883777239692,7.523784615384615,0.0,,,,
2014-03-27,22.0,298.0,3.0,0.0,0.0,6.875000000000001,0.0,0.0,5.0,-4.157043879907615,7.164736842105263,0.0,,,,
2014-03-28,31.0,287.0,4.0,1.0,0.0,9.748427672955975,0.0,2.0,7.0,-4.134112713276263,6.888509316770186,1.0,,,66.67,
2014-03-31,131.0,174.0,15.0,0.0,2.0,42.950819672131146,3.0,0.0,4.0,-0.29194810947095856,6.78021875,0.0,,,,-6.969
2014-04-01,301.0,16.0,3.0,1.0,0.0,94.95268138801262,0.0,0.0,0.0,2.228511939618716,6.9623125,1.0,,,0.0,
2014-04-02,63.0,244.0,13.0,2.0,0.0,20.521172638436482,0.0,1.0,3.0,-1.387755289197829,6.8625625,2.0,,,33.33,9.935
2014-04-03,203.0,95.0,22.0,1.0,0.0,68.12080536912751,0.0,0.0,0.0,0.54496317415063,6.921843749999999,2.0,,,0.0,7.548
2014-04-04,280.0,31.0,12.0,0.0,0.0,90.03215434083602,0.0,0.0,0.0,1.1792452830188638,7.05656346749226,0.0,,,,-2.051
2014-04-08,202.0,99.0,20.0,1.0,0.0,67.109634551495,0.0,1.0,0.0,0.4434589800443561,7.105202492211838,1.0,,,50.0,
2014-04-09,290.0,27.0,5.0,0.0,0.0,91.48264984227129,0.0,1.0,0.0,1.7190429314589437,7.268571428571429,0.0,,,100.0,2.922
2014-04-10,136.0,161.0,23.0,0.0,0.0,45.79124579124579,0.0,0.0,0.0,-0.11557562314195091,7.22525,0.0,,,,
2014-04-11,80.0,233.0,6.0,0.0,0.0,25.559105431309902,0.0,0.0,1.0,-1.4270032930845116,7.031912225705328,0.0,,,,
2014-04-14,233.0,73.0,14.0,0.0,0.0,76.1437908496732,0.0,1.0,2.0,0.989158528995295,7.23628125,0.0,,,100.0,
2014-04-15,113.0,194.0,11.0,0.0,0.0,36.807817589576544,0.0,1.0,0.0,-0.4681750481864384,7.220157232704403,0.0,,,100.0,
2014-04-16,104.0,195.0,20.0,0.0,0.0,34.78260869565217,0.0,0.0,0.0,-0.3913894324853318,7.141065830721003,0.0,,,,
2014-04-17,206.0,90.0,24.0,0.0,0.0,69.5945945945946,0.0,0.0,0.0,0.5017332603539559,7.185,0.0,,,,
2014-04-18,205.0,96.0,20.0,0.0,0.0,68.10631229235881,0.0,0.0,1.0,0.5847953216374318,7.23822429906542,0.0,,,,
2014-04-21,83.0,220.0,16.0,0.0,0.0,27.39273927392739,0.0,1.0,0.0,-1.360544217687076,7.158996865203761,0.0,,,100.0,
2014-04-22,49.0,267.0,5.0,0.0,0.0,15.50632911392405,0.0,0.0,2.0,-2.1052631578947296,6.999065420560747,0.0,,,,
2014-04-23,118.0,176.0,28.0,0.0,0.0,40.136054421768705,0.0,0.0,0.0,-0.3001970277640956,6.9700621118012425,0.0,,,,
2014-04-24,98.0,211.0,12.0,0.0,0.0,31.715210355987054,0.0,0.0,1.0,-1.0710808179162554,6.903021806853582,0.0,,,,
2014-04-25,40.0,268.0,12.0,0.0,0.0,12.987012987012985,0.0,0.0,2.0,-2.523287199701124,6.7205312500000005,0.0,,,,
2014-04-28,29.0,290.0,1.0,0.0,4.0,9.090909090909092,4.0,0.0,6.0,-4.308772619554659,6.447562499999999,0.0,,,,
2014-04-29,279.0,39.0,4.0,1.0,0.0,87.73584905660378,0.0,1.0,0.0,1.7834423845874112,6.572298136645963,1.0,,,50.0,
2014-04-30,247.0,60.0,15.0,0.0,0.0,80.45602605863192,0.0,1.0,0.0,1.1443143974910317,6.633322981366459,0.0,,,100.0,7.081
2014-05-05,293.0,20.0,8.0,0.0,0.0,93.61022364217251,0.0,1.0,0.0,1.630434782608697,6.75841121495327,0.0,,,100.0,
2014-05-06,250.0,53.0,18.0,1.0,0.0,82.50825082508251,0.0,0.0,0.0,1.3048016701461378,6.873520249221184,1.0,,,0.0,
2014-05-07,52.0,262.0,8.0,1.0,0.0,16.560509554140125,0.0,1.0,0.0,-2.38247272004881,6.74695652173913,1.0,,,50.0,4.79
2014-05-08,137.0,165.0,20.0,0.0,0.0,45.36423841059602,0.0,0.0,0.0,-0.1382378492940165,6.71472049689441,0.0,,,,2.169
2014-05-09,69.0,243.0,9.0,0.0,0.0,22.115384615384613,1.0,0.0,1.0,-1.64141414141414,6.593395638629284,0.0,,,,
2014-05-12,299.0,18.0,4.0,1.0,0.0,94.3217665615142,0.0,0.0,0.0,2.110817941952509,6.734548286604361,1.0,,,0.0,
2014-05-13,140.0,155.0,27.0,0.0,0.0,47.45762711864407,0.0,0.0,1.0,0.0,6.719006211180124,0.0,,,,-1.945
2014-05-14,163.0,134.0,25.0,1.0,0.0,54.882154882154886,0.0,0.0,1.0,0.15329640123482563,6.74447204968944,1.0,,,0.0,
2014-05-15,49.0,264.0,11.0,0.0,0.0,15.654952076677317,0.0,1.0,0.0,-2.261656502065704,6.639475308641975,0.0,,,100.0,0.347
2014-05-16,91.0,217.0,16.0,0.0,0.0,29.545454545454547,0.0,0.0,1.0,-0.9876784070332466,6.53574074074074,0.0,,,,
2014-05-19,159.0,133.0,30.0,0.0,0.0,54.45205479452054,0.0,1.0,0.0,0.0,6.553944099378882,0.0,,,100.0,
2014-05-20,253.0,48.0,22.0,0.0,0.0,84.0531561461794,0.0,2.0,0.0,1.0610079575596827,6.655386996904025,0.0,,,100.0,
2014-05-21,267.0,43.0,13.0,0.0,0.0,86.12903225806451,0.0,0.0,0.0,1.1019283746556483,6.7481424148606814,0.0,,,,
2014-05-22,161.0,135.0,26.0,0.0,0.0,54.391891891891895,0.0,0.0,0.0,0.0524109014675134,6.782236024844721,0.0,,,,
2014-05-23,296.0,19.0,8.0,0.0,0.0,93.96825396825396,0.0,0.0,0.0,1.7333333333333318,6.930092879256966,0.0,,,,
2014-05-26,282.0,28.0,12.0,0.0,0.0,90.96774193548387,0.0,0.0,0.0,1.5196753627013457,7.0710869565217385,0.0,,,,
2014-05-27,84.0,226.0,13.0,0.0,0.0,27.09677419354839,0.0,0.0,0.0,-0.9084027252081832,7.006996904024769,0.0,,,,
2014-05-28,284.0,25.0,12.0,0.0,0.0,91.9093851132686,0.0,0.0,0.0,1.7605633802816996,7.174984423676013,0.0,,,,
2014-05-29,55.0,254.0,11.0,0.0,0.0,17.79935275080906,0.0,1.0,0.0,-1.9837452585782835,7.07203125,0.0,,,100.0,
2014-05-30,169.0,123.0,26.0,0.0,0.0,57.87671232876712,0.0,0.0,0.0,0.2002004008015989,7.1002515723270445,0.0,,,,
2014-06-03,133.0,158.0,26.0,0.0,0.0,45.70446735395189,0.0,0.0,1.0,0.0,7.108801261829652,0.0,,,,
2014-06-04,131.0,183.0,4.0,0.0,0.0,41.71974522292994,0.0,0.0,0.0,-0.5719707639619859,7.114748427672955,0.0,,,,
2014-06-05,273.0,30.0,12.0,0.0,0.0,90.0990099009901,0.0,0.0,0.0,1.739130434782597,7.271015873015872,0.0,,,,
2014-06-06,122.0,180.0,13.0,0.0,0.0,40.397350993377486,0.0,0.0,0.0,-0.369913686806404,7.25568253968254,0.0,,,,
2014-06-09,83.0,222.0,12.0,0.0,0.0,27.21311475409836,0.0,0.0,0.0,-1.2371134020618475,7.155047318611988,0.0,,,,
2014-06-10,284.0,24.0,11.0,0.0,0.0,92.20779220779221,0.0,0.0,0.0,1.705756929637509,7.307460815047022,0.0,,,,
2014-06-11,196.0,105.0,17.0,0.0,0.0,65.11627906976744,0.0,0.0,0.0,0.47752969121140887,7.360566037735849,0.0,,,,
2014-06-12,114.0,189.0,14.0,0.0,0.0,37.62376237623762,0.0,0.0,0.0,-0.5586592178770954,7.366119873817034,0.0,,,,
2014-06-13,268.0,41.0,7.0,0.0,0.0,86.73139158576052,0.0,0.0,0.0,1.3283184435413231,7.484493670886076,0.0,,,,
2014-06-16,216.0,84.0,16.0,0.0,0.0,72.0,0.0,0.0,0.0,0.8250422589537907,7.590411392405064,0.0,,,,
2014-06-17,68.0,245.0,8.0,0.0,0.0,21.72523961661342,0.0,0.0,1.0,-1.425661914460291,7.536230529595016,0.0,,,,
2014-06-18,61.0,247.0,13.0,0.0,0.0,19.805194805194805,0.0,0.0,0.0,-1.5300546448087493,7.433831775700935,0.0,,,,
2014-06-19,17.0,301.0,2.0,0.0,0.0,5.345911949685535,0.0,0.0,6.0,-4.03551579969422,7.14553125,0.0,,,,
2014-06-20,284.0,30.0,8.0,0.0,0.0,90.44585987261146,0.0,1.0,0.0,1.5120421755117421,7.276645962732919,0.0,,,100.0,
2014-06-23,296.0,19.0,5.0,1.0,0.0,93.96825396825396,0.0,0.0,0.0,2.427720268329794,7.45334375,1.0,,,0.0,
2014-06-24,190.0,103.0,27.0,0.0,0.0,64.84641638225256,0.0,0.0,0.0,0.39332317474068557,7.522499999999999,0.0,,,,3.84
2014-06-25,117.0,190.0,12.0,0.0,0.0,38.11074918566775,0.0,1.0,2.0,-0.4730368968779631,7.5345768025078375,0.0,,,100.0,
2014-06-26,300.0,15.0,5.0,1.0,0.0,95.23809523809523,0.0,0.0,0.0,2.6595828290290617,7.7543750000000005,1.0,,,0.0,
2014-06-27,182.0,124.0,17.0,1.0,0.0,59.47712418300654,0.0,0.0,0.0,0.327868852459024,7.785634674922601,1.0,,,0.0,2.393
2014-06-30,235.0,72.0,16.0,1.0,0.0,76.54723127035831,0.0,0.0,0.0,0.956937799043063,7.911702786377709,2.0,,,0.0,9.88
2014-07-01,155.0,153.0,16.0,1.0,0.0,50.324675324675326,0.0,0.0,0.0,0.0,7.945617283950618,3.0,,,0.0,10.082
2014-07-02,159.0,145.0,19.0,1.0,0.0,52.30263157894737,0.0,0.0,0.0,0.0,8.01452012383901,4.0,,,0.0,9.901
2014-07-03,145.0,160.0,16.0,2.0,0.0,47.540983606557376,0.0,0.0,0.0,0.0,8.057538940809968,5.0,,,0.0,10.135
2014-07-04,154.0,156.0,11.0,2.0,0.0,49.67741935483871,0.0,0.0,0.0,0.0,8.059190031152648,6.0,,,0.0,10.016
2014-07-07,137.0,168.0,13.0,1.0,0.0,44.91803278688525,0.0,0.0,0.0,-0.2190012010903264,8.027672955974843,3.0,,,0.0,9.989
2014-07-08,228.0,79.0,15.0,1.0,0.0,74.2671009771987,0.0,1.0,0.0,1.0279408762892763,8.184658385093169,4.0,,,50.0,8.805
2014-07-09,50.0,261.0,11.0,1.0,0.0,16.077170418006432,1.0,0.0,0.0,-2.690473013543265,8.011739130434783,5.0,,,0.0,10.0
2014-07-10,123.0,172.0,23.0,2.0,0.0,41.69491525423729,0.0,0.0,0.0,-0.21188168137932328,7.98254716981132,6.0,,,0.0,10.008
2014-07-11,180.0,124.0,10.0,1.0,0.0,59.210526315789465,0.0,0.0,1.0,0.4005654286282815,7.995031847133758,7.0,,,0.0,4.189
2014-07-14,235.0,71.0,9.0,1.0,0.0,76.79738562091504,0.0,0.0,1.0,1.2366034624896831,8.087333333333333,8.0,,,0.0,9.993
2014-07-15,55.0,254.0,6.0,0.0,0.0,17.79935275080906,0.0,1.0,1.0,-2.07325501036628,7.9207301587301595,0.0,,,100.0,1.378
2014-07-16,48.0,260.0,10.0,0.0,0.0,15.584415584415584,1.0,0.0,2.0,-1.9174222004410697,7.749591194968553,0.0,,,,
2014-07-17,163.0,134.0,16.0,0.0,0.0,54.882154882154886,0.0,0.0,0.0,0.1702127659574432,7.809009584664536,0.0,,,,
2014-07-18,90.0,202.0,21.0,0.0,0.0,30.82191780821918,0.0,0.0,0.0,-0.5076142131979737,7.751565495207667,0.0,,,,
2014-07-21,120.0,176.0,13.0,0.0,0.0,40.54054054054054,0.0,0.0,0.0,-0.5747126436781614,7.766278317152104,0.0,,,,
2014-07-22,270.0,28.0,11.0,0.0,0.0,90.60402684563759,0.0,1.0,0.0,1.217391304347831,7.882686084142395,0.0,,,100.0,
2014-07-23,14.0,296.0,2.0,0.0,0.0,4.516129032258064,0.0,0.0,1.0,-3.292494260904284,7.638942307692307,0.0,,,,
2014-07-24,80.0,220.0,13.0,0.0,0.0,26.666666666666668,0.0,0.0,1.0,-1.438848920863307,7.525175718849841,0.0,,,,
2014-07-25,242.0,60.0,13.0,0.0,0.0,80.13245033112582,0.0,0.0,0.0,0.8695652173913012,7.534126984126984,0.0,,,,
2014-07-28,302.0,7.0,5.0,0.0,0.0,97.73462783171522,0.0,0.0,0.0,1.9998545670491392,7.693853503184713,0.0,,,,
2014-07-29,267.0,33.0,13.0,0.0,0.0,89.0,0.0,0.0,0.0,1.1337868480725584,7.815782747603834,0.0,,,,
2014-07-30,222.0,72.0,19.0,0.0,0.0,75.51020408163265,0.0,0.0,0.0,0.6279434850863428,7.925431309904153,0.0,,,,
2014-07-31,164.0,129.0,21.0,0.0,0.0,55.972696245733786,0.0,0.0,0.0,0.13516369015090585,7.939522292993631,0.0,,,,
2014-08-01,61.0,250.0,6.0,1.0,0.0,19.614147909967848,0.0,0.0,0.0,-1.722158438576353,7.777665615141956,1.0,,,0.0,
2014-08-04,245.0,60.0,15.0,1.0,0.0,80.32786885245902,0.0,0.0,0.0,0.8719663023864095,7.771906250000001,2.0,,,0.0,10.0
2014-08-05,284.0,24.0,12.0,1.0,0.0,92.20779220779221,0.0,0.0,0.0,1.8493547209134564,7.919,3.0,,,0.0,9.957
2014-08-06,135.0,159.0,23.0,1.0,0.0,45.91836734693878,0.0,0.0,1.0,-0.1094091903719889,7.913280757097793,4.0,,,0.0,10.039
2014-08-07,84.0,224.0,10.0,1.0,0.0,27.27272727272727,0.0,0.0,0.0,-0.9217453309665794,7.894150943396227,5.0,,,0.0,9.839
2014-08-08,261.0,46.0,10.0,1.0,0.0,85.01628664495115,0.0,0.0,1.0,0.8670520231213945,8.012712933753944,6.0,,,0.0,10.098
2014-08-11,276.0,34.0,8.0,1.0,0.0,89.03225806451613,0.0,0.0,0.0,1.220084736058624,8.144245283018867,7.0,,,0.0,10.059
2014-08-12,158.0,136.0,24.0,0.0,0.0,53.74149659863946,0.0,1.0,0.0,0.0,8.16814465408805,0.0,,,100.0,0.806
2014-08-13,105.0,202.0,10.0,0.0,1.0,34.20195439739413,1.0,0.0,0.0,-0.8138903960933185,8.12820189274448,0.0,,,,
2014-08-14,124.0,173.0,19.0,0.0,0.0,41.75084175084175,0.0,0.0,0.0,-0.192112612786761,8.115632911392405,0.0,,,,
2014-08-15,250.0,56.0,10.0,0.0,0.0,81.69934640522875,0.0,0.0,0.0,0.9611609376804384,8.215474683544304,0.0,,,,
2014-08-18,286.0,23.0,7.0,0.0,0.0,92.55663430420712,0.0,0.0,0.0,1.8742657079749923,8.397816455696203,0.0,,,,
2014-08-19,167.0,128.0,22.0,0.0,0.0,56.61016949152542,0.0,0.0,0.0,0.2631578947368482,8.419274447949526,0.0,,,,
2014-08-20,113.0,197.0,8.0,0.0,0.0,36.45161290322581,0.0,0.0,0.0,-0.588527325101458,8.404716981132076,0.0,,,,
2014-08-21,182.0,126.0,13.0,0.0,0.0,59.09090909090909,0.0,0.0,0.0,0.3929273084479462,8.496043613707165,0.0,,,,
2014-08-22,228.0,77.0,14.0,0.0,0.0,74.75409836065575,0.0,0.0,0.0,0.932835820895519,8.602288401253919,0.0,,,,
2014-08-25,94.0,216.0,8.0,2.0,0.0,30.32258064516129,0.0,0.0,0.0,-1.3605668843573695,8.596540880503143,1.0,,,0.0,
2014-08-26,29.0,284.0,3.0,0.0,0.0,9.26517571884984,0.0,0.0,1.0,-2.850720903459235,8.320443037974684,0.0,,,,-2.086
2014-08-27,221.0,76.0,18.0,1.0,0.0,74.41077441077442,0.0,0.0,0.0,0.5484460694698401,8.38784126984127,1.0,,,0.0,
2014-08-28,76.0,228.0,10.0,0.0,0.0,25.0,0.0,0.0,1.0,-1.2637214853665582,8.366847133757961,0.0,,,,-6.419
2014-08-29,273.0,36.0,6.0,0.0,0.0,88.3495145631068,0.0,1.0,1.0,1.408450704225364,8.534761904761904,0.0,,,100.0,
2014-09-01,298.0,15.0,1.0,0.0,0.0,95.2076677316294,0.0,0.0,0.0,2.321083172147004,8.772929936305731,0.0,,,,
2014-09-02,273.0,24.0,19.0,0.0,0.0,91.91919191919192,0.0,1.0,0.0,1.1870445670115473,8.907816455696203,0.0,,,100.0,
2014-09-03,214.0,84.0,20.0,0.0,0.0,71.81208053691275,0.0,0.0,0.0,0.6847521998030657,8.990062893081761,0.0,,,,
2014-09-04,222.0,74.0,21.0,0.0,0.0,75.0,0.0,0.0,0.0,0.8948545861297548,9.046403785488959,0.0,,,,
2014-09-05,135.0,172.0,13.0,0.0,0.0,43.97394136807817,0.0,0.0,0.0,-0.2636793436696102,9.0416875,0.0,,,,
2014-09-09,174.0,133.0,11.0,0.0,0.0,56.67752442996743,0.0,0.0,0.0,0.27042112087665093,9.086540880503145,0.0,,,,
2014-09-10,204.0,98.0,15.0,0.0,0.0,67.54966887417218,0.0,1.0,0.0,0.7438016528925608,9.202334384858045,0.0,,,100.0,
2014-09-11,112.0,190.0,14.0,0.0,0.0,37.086092715231786,0.0,0.0,0.0,-0.6397772655430615,9.229588607594938,0.0,,,,
2014-09-12,233.0,73.0,12.0,0.0,0.0,76.1437908496732,0.0,0.0,0.0,0.9146426480020051,9.323050314465409,0.0,,,,
2014-09-15,212.0,95.0,10.0,1.0,0.0,69.05537459283387,0.0,0.0,0.0,0.7547169811320762,9.440883280757099,1.0,,,0.0,
2014-09-16,26.0,290.0,1.0,1.0,0.0,8.227848101265822,0.0,0.0,1.0,-4.482758620689651,9.083974763406939,2.0,,,0.0,9.955
2014-09-17,186.0,110.0,19.0,1.0,0.0,62.83783783783784,0.0,1.0,0.0,0.4956629491945371,9.188984126984128,3.0,,,50.0,10.0
2014-09-18,202.0,96.0,17.0,1.0,0.0,67.78523489932886,0.0,0.0,0.0,0.5044843049327347,9.248730158730158,4.0,,,0.0,10.074
2014-09-19,236.0,72.0,7.0,2.0,0.0,76.62337662337663,0.0,0.0,0.0,0.8273009307135478,9.376412698412699,5.0,,,0.0,9.933
2014-09-22,85.0,222.0,4.0,2.0,0.0,27.68729641693811,0.0,0.0,0.0,-1.9031141868512167,9.231929260450162,6.0,,,0.0,10.037
2014-09-23,269.0,39.0,4.0,1.0,0.0,87.33766233766234,0.0,0.0,0.0,1.4005477205971109,9.389166666666666,7.0,,,0.0,4.005
2014-09-24,258.0,42.0,12.0,0.0,0.0,86.0,0.0,1.0,0.0,1.3208651725033702,9.547724358974358,0.0,,,100.0,7.802
2014-09-25,112.0,198.0,7.0,0.0,0.0,36.12903225806451,0.0,0.0,0.0,-0.6578947368420912,9.547697160883281,0.0,,,,
2014-09-26,173.0,131.0,15.0,0.0,0.0,56.9078947368421,0.0,0.0,0.0,0.2164502164502118,9.597586206896553,0.0,,,,
2014-09-29,242.0,64.0,10.0,0.0,0.0,79.08496732026144,0.0,0.0,0.0,1.1912581156106274,9.722911392405063,0.0,,,,
2014-09-30,207.0,87.0,24.0,0.0,0.0,70.40816326530613,0.0,0.0,0.0,0.4393223675639655,9.865974842767296,0.0,,,,
2014-10-08,241.0,67.0,9.0,0.0,0.0,78.24675324675324,0.0,0.0,0.0,1.2524084778419942,10.047665615141955,0.0,,,,
2014-10-09,136.0,176.0,7.0,0.0,0.0,43.58974358974359,0.0,0.0,0.0,-0.3693444136657518,10.067241379310344,0.0,,,,
2014-10-10,109.0,216.0,0.0,1.0,0.0,33.53846153846154,0.0,1.0,0.0,-0.9966777408637808,9.911446153846153,1.0,,,50.0,
2014-10-13,140.0,173.0,8.0,1.0,0.0,44.72843450479233,0.0,0.0,0.0,-0.4249291784702459,9.899065420560747,2.0,,,0.0,10.0
2014-10-14,117.0,198.0,7.0,1.0,0.0,37.142857142857146,0.0,0.0,0.0,-0.7962843585868733,9.864316770186335,3.0,,,0.0,10.12
2014-10-15,170.0,144.0,7.0,1.0,0.0,54.14012738853503,0.0,0.0,0.0,0.3481894150417877,9.912429906542055,4.0,,,0.0,9.969
2014-10-16,75.0,245.0,5.0,1.0,0.0,23.4375,0.0,0.0,1.0,-1.6085790884718514,9.788523076923077,5.0,,,0.0,10.057
2014-10-17,94.0,223.0,9.0,5.0,0.0,29.652996845425868,0.0,0.0,1.0,-1.800370434681946,9.733588957055215,6.0,,,0.0,9.91
2014-10-20,272.0,48.0,8.0,0.0,0.0,85.0,0.0,1.0,0.0,1.3873295910184478,9.890365853658537,0.0,,,100.0,-0.686
2014-10-21,107.0,212.0,11.0,1.0,0.0,33.5423197492163,0.0,0.0,1.0,-0.9216867043597017,9.854606060606061,1.0,,,0.0,
2014-10-22,71.0,251.0,9.0,1.0,0.0,22.049689440993788,0.0,0.0,1.0,-1.5256588072121977,9.744471299093656,2.0,,,0.0,10.011
2014-10-23,60.0,261.0,6.0,0.0,1.0,18.69158878504673,1.0,1.0,0.0,-2.582159624413132,9.534097859327217,0.0,,,100.0,4.8
2014-10-24,193.0,122.0,12.0,0.0,0.0,61.26984126984127,0.0,1.0,0.0,0.3351955307262697,9.559174311926606,0.0,,,100.0,
2014-10-27,249.0,76.0,4.0,0.0,2.0,76.61538461538461,2.0,0.0,1.0,1.428571428571419,9.718419452887538,0.0,,,,
2014-10-28,329.0,1.0,0.0,0.0,0.0,99.69696969696969,0.0,2.0,0.0,2.8163005335768845,9.992848484848485,0.0,,,100.0,
2014-10-29,247.0,62.0,19.0,1.0,0.0,79.93527508090615,0.0,0.0,0.0,0.7048948454564443,10.105884146341463,1.0,,,0.0,
2014-10-30,109.0,210.0,12.0,0.0,0.0,34.1692789968652,0.0,0.0,0.0,-0.5430566330488773,10.081450151057401,0.0,,,,-3.759
2014-10-31,100.0,221.0,13.0,0.0,0.0,31.15264797507788,0.0,1.0,0.0,-1.08313413793609,9.978622754491019,0.0,,,100.0,
2014-11-03,254.0,63.0,15.0,0.0,0.0,80.12618296529969,0.0,1.0,0.0,1.135945558794266,10.062921686746988,0.0,,,100.0,
2014-11-04,85.0,235.0,14.0,0.0,0.0,26.5625,0.0,0.0,3.0,-1.3603539773832356,10.039491017964073,0.0,,,,
2014-11-05,163.0,167.0,9.0,2.0,0.0,49.3939393939394,0.0,0.0,0.0,0.0,9.99589970501475,1.0,,,0.0,
2014-11-06,289.0,44.0,5.0,3.0,0.0,86.78678678678679,0.0,0.0,0.0,1.7969466437621864,10.180147928994083,2.0,,,0.0,10.015
2014-11-07,87.0,243.0,10.0,2.0,0.0,26.36363636363636,0.0,1.0,0.0,-1.5161092594720926,10.090558823529411,3.0,,,33.33,7.165
2014-11-10,153.0,172.0,12.0,2.0,0.0,47.07692307692308,0.0,0.0,0.0,-0.1262626262626235,10.170593471810088,4.0,,,0.0,10.04
2014-11-11,37.0,298.0,2.0,3.0,0.0,11.044776119402986,0.0,1.0,2.0,-4.431017119838867,9.816587537091989,5.0,,,25.0,9.947
2014-11-12,291.0,40.0,6.0,4.0,0.0,87.91540785498489,0.0,0.0,0.0,1.3698630136986196,9.976498516320474,6.0,,,0.0,7.818
2014-11-13,45.0,291.0,1.0,2.0,0.0,13.392857142857142,0.0,0.0,1.0,-3.336921420882656,9.687151335311572,7.0,,,0.0,3.983
2014-11-14,138.0,181.0,18.0,2.0,2.0,43.260188087774296,5.0,0.0,7.0,-0.2415458937198016,9.582106824925816,8.0,,,0.0,9.999
2014-11-17,302.0,27.0,6.0,2.0,0.0,91.7933130699088,0.0,1.0,0.0,2.073515551366641,9.714089552238805,9.0,,,33.33,10.006
2014-11-18,195.0,121.0,20.0,2.0,0.0,61.70886075949367,0.0,0.0,0.0,0.3353082700004574,9.836339285714287,10.0,,,0.0,4.454
2014-11-19,243.0,74.0,20.0,1.0,0.0,76.65615141955836,0.0,0.0,0.0,0.95057034220532,9.97652818991098,1.0,,,0.0,0.218
2014-11-20,103.0,221.0,7.0,2.0,0.0,31.790123456790127,0.0,0.0,1.0,-0.8849557522124019,9.965196374622357,2.0,,,0.0,9.994
2014-11-21,261.0,58.0,12.0,0.0,0.0,81.81818181818183,0.0,0.0,0.0,0.964630225080394,10.20190332326284,0.0,,,,-1.857
2014-11-24,205.0,111.0,11.0,1.0,0.0,64.87341772151899,0.0,0.0,0.0,0.5494505494505517,10.211467889908258,1.0,,,0.0,
2014-11-25,256.0,66.0,6.0,0.0,0.0,79.5031055900621,1.0,0.0,0.0,1.728609761490692,10.351189024390244,0.0,,,,-8.783
2014-11-26,208.0,109.0,9.0,0.0,0.0,65.61514195583597,0.0,0.0,0.0,0.5146176117505792,10.496840490797545,0.0,,,,
2014-11-27,203.0,112.0,10.0,0.0,0.0,64.44444444444444,0.0,1.0,0.0,0.6295907660021038,10.621753846153847,0.0,,,100.0,
2014-11-28,145.0,176.0,6.0,0.0,0.0,45.17133956386293,0.0,0.0,0.0,-0.2364066193853587,10.705137614678899,0.0,,,,
2014-12-01,84.0,238.0,3.0,0.0,0.0,26.08695652173913,0.0,0.0,1.0,-2.3157894736842173,10.61556923076923,0.0,,,,
2014-12-02,254.0,70.0,7.0,0.0,0.0,78.39506172839506,0.0,0.0,0.0,1.0416666666666752,10.740181268882175,0.0,,,,
2014-12-03,185.0,135.0,13.0,0.0,0.0,57.8125,0.0,0.0,1.0,0.4862236628849311,10.794564564564565,0.0,,,,
2014-12-04,166.0,149.0,19.0,2.0,0.0,52.6984126984127,0.0,0.0,0.0,0.0,10.806347305389222,1.0,,,0.0,
2014-12-05,44.0,290.0,0.0,2.0,0.0,13.17365269461078,0.0,0.0,5.0,-4.62995668042986,10.383383233532935,2.0,,,0.0,10.0
2014-12-08,68.0,266.0,0.0,3.0,0.0,20.35928143712575,0.0,0.0,0.0,-2.059341869750792,10.178083832335329,3.0,,,0.0,10.0
2014-12-09,17.0,317.0,1.0,3.0,1.0,5.089820359281437,2.0,1.0,31.0,-5.962521294718918,9.54844776119403,4.0,,,25.0,9.994
2014-12-10,326.0,8.0,2.0,3.0,0.0,97.60479041916167,0.0,0.0,1.0,3.6273726219409403,9.904107142857143,5.0,,,0.0,10.04
2014-12-11,240.0,79.0,15.0,3.0,0.0,75.23510971786834,0.0,0.0,0.0,0.8937855966343223,10.047155688622755,6.0,,,0.0,9.969
2014-12-12,283.0,44.0,10.0,3.0,0.0,86.54434250764525,0.0,0.0,0.0,1.630434782608697,10.248219584569734,7.0,,,0.0,10.015
2014-12-15,306.0,26.0,5.0,2.0,0.0,92.16867469879519,0.0,0.0,0.0,1.897983392645316,10.544718100890208,8.0,,,0.0,6.832
2014-12-16,68.0,262.0,8.0,2.0,0.0,20.606060606060606,0.0,0.0,0.0,-1.3220124978599526,10.489112426035504,9.0,,,0.0,10.042
2014-12-17,77.0,259.0,1.0,2.0,0.0,22.916666666666664,0.0,0.0,0.0,-2.2312373225152013,10.382967359050445,10.0,,,0.0,10.021
2014-12-18,106.0,219.0,13.0,0.0,1.0,32.61538461538461,1.0,0.0,0.0,-0.7930618097657893,10.29301775147929,0.0,,,,-9.741
2014-12-19,29.0,306.0,3.0,0.0,1.0,8.656716417910449,2.0,0.0,1.0,-3.0979614335915553,9.96171597633136,0.0,,,,
2014-12-22,11.0,325.0,1.0,0.0,11.0,3.273809523809524,14.0,0.0,21.0,-7.579672695951757,9.244836795252226,0.0,,,,
2014-12-23,146.0,181.0,14.0,0.0,0.0,44.64831804281346,1.0,1.0,7.0,-0.4166666666666578,9.129061583577712,0.0,,,100.0,
2014-12-24,317.0,19.0,4.0,1.0,0.0,94.34523809523809,0.0,0.0,0.0,3.099226474053572,9.382235294117647,1.0,,,0.0,
2014-12-25,190.0,126.0,24.0,0.0,0.0,60.12658227848101,0.0,0.0,1.0,0.18818422580691263,9.508588235294118,0.0,,,,-0.219
2014-12-26,108.0,218.0,14.0,0.0,0.0,33.12883435582822,0.0,0.0,1.0,-0.5041232450949249,9.465617647058824,0.0,,,,
2014-12-29,29.0,309.0,3.0,0.0,0.0,8.579881656804734,0.0,0.0,5.0,-3.5830618892508106,9.153020527859237,0.0,,,,
2014-12-30,77.0,265.0,3.0,1.0,0.0,22.514619883040936,0.0,0.0,2.0,-2.0637898686679232,8.900202898550726,1.0,,,0.0,
2014-12-31,268.0,70.0,9.0,4.0,0.0,79.28994082840237,0.0,0.0,0.0,1.2793176972281364,8.952824207492796,2.0,,,0.0,10.0
2015-01-05,106.0,239.0,7.0,3.0,0.0,30.72463768115942,0.0,0.0,1.0,-1.228130655864861,8.700710227272728,3.0,,,0.0,7.406
2015-01-06,341.0,7.0,3.0,3.0,0.0,97.98850574712644,0.0,1.0,0.0,4.15512465373961,9.114900284900285,4.0,,,25.0,9.995
2015-01-07,66.0,280.0,7.0,2.0,0.0,19.07514450867052,0.0,0.0,0.0,-1.445086705202307,9.015410764872522,5.0,,,0.0,4.347
2015-01-08,233.0,98.0,21.0,2.0,0.0,70.39274924471299,0.0,1.0,1.0,0.5215451088094363,9.139431818181817,6.0,,,33.33,10.0
2015-01-09,114.0,217.0,22.0,2.0,0.0,34.44108761329305,0.0,0.0,0.0,-0.53667262969589,9.155949008498585,7.0,,,0.0,9.913
2015-01-12,121.0,224.0,9.0,2.0,0.0,35.07246376811594,0.0,0.0,1.0,-1.3972932526514406,9.114209039548022,8.0,,,0.0,10.1
2015-01-13,311.0,37.0,6.0,2.0,0.0,89.36781609195403,0.0,0.0,0.0,2.478733459357276,9.346920903954802,9.0,,,0.0,10.004
2015-01-14,108.0,239.0,5.0,2.0,0.0,31.12391930835735,0.0,0.0,1.0,-1.1686045697645122,9.3084375,10.0,,,0.0,9.986
2015-01-15,155.0,179.0,18.0,2.0,0.0,46.40718562874252,0.0,0.0,0.0,-0.14739709998499267,9.285170454545455,11.0,,,0.0,10.016
2015-01-16,334.0,13.0,4.0,2.0,0.0,96.25360230547551,0.0,0.0,0.0,1.9543973941368096,9.584472934472934,11.0,,,0.0,4.371
2015-01-19,122.0,217.0,11.0,2.0,1.0,35.9882005899705,1.0,0.0,2.0,-0.893712861797967,9.585314285714286,12.0,,,0.0,6.75
2015-01-20,349.0,2.0,0.0,7.0,0.0,99.43019943019942,0.0,1.0,0.0,4.753028890959923,10.063504273504273,13.0,,,12.5,9.96
2015-01-21,269.0,70.0,11.0,0.0,0.0,79.35103244837758,0.0,2.0,1.0,1.3282543228096757,10.117885714285714,0.0,,,100.0,0.767
2015-01-22,284.0,62.0,9.0,0.0,0.0,82.08092485549133,0.0,0.0,0.0,1.111111111111112,10.21143661971831,0.0,,,,
2015-01-23,49.0,304.0,4.0,1.0,0.0,13.881019830028329,0.0,0.0,1.0,-2.380952380952376,9.97624649859944,1.0,,,0.0,
2015-01-26,317.0,35.0,7.0,1.0,0.0,90.05681818181817,0.0,0.0,0.0,1.4981273408239717,10.210974930362116,2.0,,,0.0,9.982
2015-01-27,179.0,168.0,12.0,1.0,0.0,51.5850144092219,0.0,0.0,0.0,0.0,10.31883008356546,3.0,,,0.0,10.057
2015-01-28,183.0,171.0,11.0,3.0,0.0,51.69491525423729,0.0,1.0,0.0,0.0682593856655275,10.363698630136986,4.0,,,25.0,9.955
2015-01-29,90.0,261.0,14.0,2.0,0.0,25.64102564102564,0.0,0.0,1.0,-1.084990958408689,10.262109589041096,5.0,,,0.0,5.55
2015-01-30,82.0,276.0,7.0,2.0,1.0,22.905027932960895,1.0,0.0,5.0,-1.9251336898395688,9.949561643835617,6.0,,,0.0,10.016
2015-02-02,196.0,150.0,14.0,2.0,0.0,56.64739884393064,0.0,0.0,0.0,0.26383526383526396,10.014833333333334,7.0,,,0.0,10.006
2015-02-03,337.0,18.0,7.0,2.0,0.0,94.92957746478872,0.0,0.0,0.0,2.388621479007161,10.406408839779004,8.0,,,0.0,9.967
2015-02-04,153.0,195.0,14.0,2.0,0.0,43.96551724137931,0.0,0.0,0.0,-0.37265571437249156,10.489171270718233,9.0,,,0.0,10.052
2015-02-05,181.0,164.0,16.0,2.0,0.0,52.46376811594203,0.0,1.0,2.0,0.0901713255184832,10.59853185595568,10.0,,,33.33,10.006
2015-02-06,42.0,313.0,5.0,1.0,1.0,11.830985915492958,2.0,1.0,5.0,-3.1596900330409565,10.294611111111111,11.0,,,50.0,0.144
2015-02-09,87.0,257.0,12.0,0.0,1.0,25.290697674418606,2.0,0.0,3.0,-1.5663901266175846,10.17311797752809,0.0,,,,-1.386
2015-02-10,291.0,58.0,8.0,0.0,0.0,83.3810888252149,0.0,1.0,0.0,1.5203531142716955,10.368543417366947,0.0,,,100.0,
2015-02-11,276.0,70.0,12.0,0.0,0.0,79.76878612716763,0.0,2.0,1.0,0.9488795518207296,10.524832402234637,0.0,,,100.0,
2015-02-12,277.0,74.0,9.0,1.0,0.0,78.91737891737893,0.0,0.0,0.0,1.117879829220034,10.684416666666666,1.0,,,0.0,
2015-02-13,322.0,30.0,6.0,0.0,0.0,91.47727272727273,0.0,0.0,0.0,1.737893889056679,10.965530726256983,0.0,,,,3.717
2015-02-16,330.0,24.0,3.0,0.0,0.0,93.22033898305084,0.0,0.0,0.0,2.1782178217821846,11.383697478991596,0.0,,,,
2015-02-17,126.0,220.0,14.0,2.0,0.0,36.41618497109826,0.0,1.0,0.0,-0.48614498606556655,11.277527777777777,1.0,,,33.33,
2015-02-25,134.0,224.0,10.0,5.0,0.0,37.43016759776536,1.0,0.0,8.0,-0.8222934562119624,10.994320652173913,2.0,,,0.0,10.288
2015-02-26,202.0,157.0,9.0,5.0,0.0,56.26740947075209,0.0,0.0,0.0,0.32681134654818167,11.040271739130436,3.0,,,0.0,9.955
2015-02-27,316.0,46.0,7.0,5.0,0.0,87.29281767955801,0.0,0.0,0.0,1.5909090909090773,11.281355013550135,4.0,,,0.0,10.041
2015-03-02,345.0,21.0,2.0,5.0,0.0,94.26229508196722,0.0,0.0,0.0,2.406030150753773,11.699510869565218,5.0,,,0.0,9.916
2015-03-03,110.0,251.0,7.0,3.0,0.0,30.47091412742382,1.0,2.0,0.0,-1.3744798580783155,11.58741847826087,6.0,,,40.0,7.59
2015-03-04,321.0,42.0,6.0,3.0,0.0,88.42975206611571,0.0,0.0,0.0,2.3072252580449457,11.894579945799459,7.0,,,0.0,7.137
2015-03-05,184.0,179.0,4.0,3.0,0.0,50.688705234159784,0.0,0.0,0.0,0.1423994304022753,11.934223433242506,8.0,,,0.0,5.627
2015-03-06,51.0,313.0,4.0,2.0,0.0,14.010989010989011,0.0,0.0,9.0,-3.1359265734265698,11.579483695652174,9.0,,,0.0,7.15
2015-03-09,290.0,70.0,4.0,0.0,0.0,80.55555555555556,1.0,1.0,0.0,1.4651154782129594,11.860714285714286,0.0,,,100.0,-1.097
2015-03-10,285.0,66.0,13.0,2.0,0.0,81.19658119658119,0.0,0.0,0.0,1.424296979993405,12.108543956043956,1.0,,,0.0,
2015-03-11,130.0,229.0,4.0,1.0,0.0,36.211699164345404,0.0,0.0,2.0,-0.9917355371900762,12.081873278236916,2.0,,,0.0,3.831
2015-03-12,95.0,262.0,6.0,0.0,0.0,26.610644257703083,1.0,1.0,5.0,-1.4522821576763545,11.9167217630854,0.0,,,100.0,-8.65
2015-03-13,319.0,31.0,9.0,0.0,0.0,91.14285714285715,0.0,1.0,0.0,2.289281997918841,12.323203342618383,0.0,,,100.0,
2015-03-16,349.0,6.0,2.0,1.0,0.0,98.30985915492958,0.0,0.0,0.0,3.3613445378151288,12.715854341736696,1.0,,,0.0,
2015-03-17,192.0,150.0,15.0,0.0,0.0,56.14035087719298,0.0,2.0,1.0,0.1694915254237252,12.823697478991598,0.0,,,100.0,4.526
2015-03-18,302.0,50.0,8.0,0.0,0.0,85.79545454545455,0.0,2.0,0.0,1.8957499263263013,13.094444444444445,0.0,,,100.0,
2015-03-19,196.0,159.0,5.0,2.0,0.0,55.21126760563381,0.0,1.0,0.0,0.3814264556545897,13.285777777777778,1.0,,,33.33,
2015-03-20,245.0,109.0,11.0,3.0,0.0,69.2090395480226,0.0,0.0,0.0,1.1433597185576148,13.637205479452055,1.0,,,0.0,-2.305
2015-03-23,347.0,19.0,3.0,3.0,0.0,94.80874316939891,0.0,0.0,0.0,3.229974160206718,14.178130081300813,2.0,,,0.0,5.815
2015-03-24,180.0,183.0,2.0,4.0,0.0,49.586776859504134,0.0,0.0,0.0,-0.0962463907603444,14.53882191780822,3.0,,,0.0,10.145
2015-03-25,261.0,99.0,3.0,4.0,0.0,72.5,0.0,1.0,2.0,2.087682672233813,14.834986225895317,4.0,,,20.0,6.527
2015-03-26,75.0,285.0,3.0,4.0,0.0,20.833333333333336,0.0,0.0,10.0,-3.906249999999998,14.211818181818183,5.0,,,0.0,9.057
2015-03-27,252.0,105.0,9.0,3.0,0.0,70.58823529411765,0.0,0.0,1.0,1.1189079988371171,14.253661202185793,5.0,,,0.0,2.484
2015-03-30,124.0,233.0,7.0,1.0,0.0,34.73389355742297,0.0,0.0,10.0,-1.1990476628634483,13.936895604395604,6.0,,,0.0,2.732
2015-03-31,268.0,83.0,14.0,1.0,0.0,76.35327635327636,1.0,0.0,0.0,1.5576323987538885,14.177424657534248,7.0,,,0.0,10.036
2015-04-01,352.0,10.0,2.0,1.0,0.0,97.23756906077348,0.0,0.0,0.0,2.7792460345707637,14.762060439560441,8.0,,,0.0,10.098
2015-04-02,312.0,47.0,1.0,1.0,0.0,86.90807799442896,0.0,1.0,0.0,2.433799304991426,15.025722222222223,9.0,,,50.0,10.059
2015-04-03,266.0,94.0,3.0,1.0,0.0,73.88888888888889,0.0,2.0,0.0,2.4221453287197177,15.483085399449035,10.0,,,66.67,9.946
2015-04-07,282.0,74.0,4.0,3.0,0.0,79.21348314606742,0.0,1.0,1.0,2.260361383560028,16.090083333333332,11.0,,,25.0,9.78
2015-04-08,87.0,273.0,1.0,4.0,0.0,24.166666666666668,0.0,0.0,1.0,-3.3829499323410013,15.660775623268698,12.0,,,0.0,1.733
2015-04-09,132.0,225.0,3.0,2.0,0.0,36.97478991596639,5.0,4.0,0.0,-1.7048451037723977,15.739305555555555,13.0,,,66.67,7.484
2015-04-10,294.0,65.0,5.0,3.0,0.0,81.89415041782729,0.0,2.0,0.0,2.3938444391348312,16.158873626373627,14.0,,,40.0,7.351
2015-04-13,270.0,95.0,1.0,4.0,0.0,73.97260273972603,0.0,1.0,1.0,1.7810342845134775,16.476092896174862,15.0,,,20.0,5.85
2015-04-14,126.0,240.0,3.0,2.0,0.0,34.42622950819672,0.0,0.0,6.0,-1.8696311268317205,16.434525745257453,16.0,,,0.0,3.685
2015-04-15,39.0,326.0,2.0,3.0,0.0,10.684931506849315,0.0,0.0,25.0,-6.344410876132929,15.459536784741143,17.0,,,0.0,9.983
2015-04-16,228.0,131.0,8.0,3.0,0.0,63.50974930362116,1.0,0.0,1.0,0.8317929759704239,15.57158038147139,18.0,,,0.0,10.024
2015-04-17,160.0,196.0,9.0,1.0,0.0,44.9438202247191,0.0,1.0,7.0,-0.3215434083601217,15.45317808219178,19.0,,,50.0,4.08
2015-04-20,90.0,274.0,0.0,2.0,1.0,24.725274725274726,2.0,0.0,7.0,-3.1796868703889536,14.989725274725275,20.0,,,0.0,9.959
2015-04-21,362.0,4.0,0.0,3.0,0.0,98.90710382513662,0.0,1.0,3.0,5.128272780841307,15.82016393442623,2.0,,,25.0,4.442
2015-04-22,335.0,27.0,4.0,2.0,0.0,92.5414364640884,0.0,1.0,0.0,2.238066637476565,16.384371584699455,2.0,,,33.33,6.005
2015-04-23,240.0,124.0,8.0,5.0,0.0,65.93406593406593,0.0,1.0,1.0,0.9733836569760899,16.60282258064516,3.0,,,16.67,4.209
2015-04-24,154.0,220.0,1.0,2.0,0.0,41.17647058823529,1.0,2.0,0.0,-0.9771986970683976,16.505493333333334,2.0,,,50.0,4.742
2015-04-27,192.0,179.0,11.0,3.0,0.0,51.75202156334232,0.0,0.0,8.0,0.04281725691623685,16.28670157068063,3.0,,,0.0,10.018
2015-04-28,62.0,321.0,1.0,2.0,3.0,16.187989556135772,3.0,2.0,6.0,-4.830172292380642,15.59671875,4.0,,,50.0,9.253
2015-04-29,358.0,18.0,1.0,3.0,0.0,95.2127659574468,2.0,0.0,1.0,3.199517054029566,16.20151193633952,5.0,,,0.0,1.694
2015-04-30,211.0,164.0,3.0,1.0,0.0,56.266666666666666,0.0,0.0,2.0,0.5605055540291205,16.452116402116403,6.0,,,0.0,3.721
2015-05-04,219.0,155.0,5.0,1.0,0.0,58.55614973262032,1.0,1.0,4.0,0.6779661016949159,16.521451187335092,7.0,,,50.0,10.073
2015-05-05,127.0,244.0,2.0,1.0,0.0,34.23180592991914,1.0,0.0,3.0,-1.9790454016298011,16.290857908847183,8.0,,,0.0,10.08
2015-05-06,228.0,140.0,5.0,1.0,0.0,61.95652173913043,0.0,1.0,1.0,0.7755474452554659,16.638605898123323,9.0,,,50.0,9.88
2015-05-07,133.0,235.0,5.0,1.0,1.0,36.141304347826086,2.0,1.0,7.0,-2.029769959404593,16.553672922252012,10.0,,,50.0,10.088
2015-05-08,371.0,2.0,0.0,2.0,0.0,99.46380697050938,0.0,2.0,0.0,7.02191235059761,17.805308310991958,11.0,,,50.0,9.96
2015-05-11,371.0,3.0,1.0,4.0,0.0,99.19786096256684,0.0,2.0,0.0,5.988857938718672,18.955093333333334,12.0,,,33.33,10.031
2015-05-12,282.0,86.0,8.0,7.0,0.0,76.63043478260869,0.0,1.0,0.0,2.1627843596617318,19.62803191489362,13.0,,,12.5,4.283
2015-05-13,168.0,198.0,3.0,5.0,0.0,45.90163934426229,0.0,3.0,1.0,-0.6657789613848178,19.65360433604336,14.0,,,37.5,8.668
2015-05-14,246.0,115.0,5.0,7.0,0.0,68.14404432132964,0.0,2.0,7.0,1.9853810639414933,19.4498087431694,15.0,,,22.22,7.854
2015-05-15,207.0,163.0,1.0,1.0,0.0,55.945945945945944,2.0,1.0,1.0,0.8606173994387161,19.87353099730458,16.0,,,50.0,1.171
2015-05-18,350.0,22.0,2.0,11.0,0.0,94.08602150537635,0.0,4.0,4.0,7.28789756604219,20.69644385026738,17.0,,,26.67,10.006
2015-05-19,252.0,122.0,3.0,5.0,0.0,67.37967914438502,1.0,4.0,5.0,1.7675050985723983,21.11676392572944,18.0,,,44.44,3.841
2015-05-20,290.0,85.0,6.0,5.0,0.0,77.33333333333333,0.0,2.0,1.0,3.2490974729241824,21.656509186351705,19.0,,,28.57,7.528
2015-05-21,329.0,48.0,2.0,4.0,0.0,87.26790450928382,0.0,1.0,1.0,5.1535087719298325,22.707335092348284,20.0,,,20.0,8.181
2015-05-22,151.0,221.0,5.0,8.0,0.0,40.59139784946236,0.0,2.0,33.0,-1.3112164296998394,22.788328912466845,21.0,,,20.0,10.002
2015-05-25,208.0,167.0,1.0,8.0,0.0,55.46666666666666,0.0,1.0,2.0,0.4402170402428853,22.827313829787233,22.0,,,11.11,6.152
2015-05-26,373.0,7.0,0.0,12.0,0.0,98.15789473684211,0.0,6.0,0.0,6.5654976477057545,24.150052631578948,23.0,,,33.33,8.119
2015-05-27,261.0,117.0,2.0,22.0,0.0,69.04761904761905,0.0,4.0,1.0,4.295849716033205,24.957368421052628,24.0,,,15.38,10.017
2015-05-28,75.0,309.0,1.0,6.0,5.0,19.53125,9.0,17.0,215.0,-6.673960612691479,23.515532467532466,9.0,,,73.91,-2.267
2015-05-29,283.0,106.0,3.0,7.0,0.0,72.75064267352185,20.0,1.0,7.0,2.994974316787836,23.904744897959183,10.0,,,12.5,7.526
2015-06-01,341.0,47.0,2.0,6.0,1.0,87.88659793814433,1.0,0.0,5.0,5.839887346913605,25.011589743589745,11.0,,,0.0,7.13
2015-06-02,323.0,64.0,2.0,8.0,1.0,83.4625322997416,1.0,1.0,3.0,5.636978579481398,26.05061696658098,12.0,,,11.11,10.004
2015-06-03,189.0,190.0,3.0,7.0,0.0,49.86807387862797,1.0,0.0,6.0,0.0,26.21589005235602,13.0,,,0.0,7.741
2015-06-04,105.0,277.0,1.0,6.0,3.0,27.486910994764397,17.0,0.0,12.0,-3.369839932603189,25.21595300261097,14.0,,,0.0,5.632
2015-06-05,192.0,183.0,7.0,5.0,0.0,51.2,1.0,0.0,15.0,0.0524237722873327,25.230890052356024,15.0,,,0.0,9.328
2015-06-08,71.0,309.0,1.0,5.0,1.0,18.684210526315788,3.0,1.0,22.0,-5.531686358754033,23.83771653543307,16.0,,,16.67,8.982
2015-06-09,221.0,165.0,0.0,5.0,1.0,57.2538860103627,1.0,0.0,3.0,0.6242913573022182,23.828471502590677,17.0,,,0.0,10.023
2015-06-10,370.0,17.0,1.0,6.0,0.0,95.60723514211887,2.0,0.0,0.0,3.4505361481227173,24.683969072164945,18.0,,,0.0,10.001
2015-06-11,287.0,109.0,1.0,10.0,0.0,72.47474747474747,0.0,0.0,1.0,2.397049784880151,24.848866498740556,19.0,,,0.0,9.984
2015-06-12,245.0,163.0,1.0,9.0,1.0,60.049019607843135,2.0,2.0,12.0,1.028277634961442,24.807897310513447,12.0,,,18.18,5.263
2015-06-15,112.0,301.0,0.0,10.0,5.0,27.11864406779661,6.0,2.0,31.0,-4.898266767143936,23.491404358353513,13.0,,,16.67,8.51
2015-06-16,103.0,309.0,1.0,10.0,2.0,25.0,7.0,1.0,3.0,-5.662100456620998,22.557457627118644,14.0,,,9.09,9.998
2015-06-17,359.0,52.0,2.0,9.0,2.0,87.34793187347933,4.0,2.0,2.0,3.7753222836095777,23.52411622276029,5.0,,,18.18,4.249
2015-06-18,65.0,346.0,1.0,7.0,6.0,15.815085158150852,9.0,0.0,68.0,-6.0322969064740075,22.223033980582525,6.0,,,0.0,6.18
2015-06-19,56.0,356.0,1.0,7.0,17.0,13.592233009708737,22.0,1.0,35.0,-8.377896613190721,20.92053268765133,7.0,,,12.5,10.008
2015-06-23,305.0,106.0,2.0,9.0,2.0,74.20924574209245,7.0,0.0,4.0,2.985074626865672,21.583050847457624,8.0,,,0.0,9.99
2015-06-24,275.0,126.0,10.0,8.0,0.0,68.5785536159601,2.0,1.0,5.0,1.2842965557501602,21.845206812652066,9.0,,,11.11,8.905
2015-06-25,56.0,352.0,2.0,7.0,2.0,13.725490196078432,8.0,3.0,68.0,-6.1728216873708295,20.63934146341463,10.0,,,30.0,8.221
2015-06-26,20.0,394.0,0.0,5.0,32.0,4.830917874396135,33.0,0.0,29.0,-9.997190070706765,18.86987922705314,11.0,,,0.0,4.348
2015-06-29,27.0,385.0,0.0,4.0,29.0,6.553398058252427,34.0,3.0,325.0,-9.988701480827194,17.16118932038835,11.0,,,42.86,-2.746
2015-06-30,370.0,40.0,2.0,14.0,1.0,90.2439024390244,31.0,1.0,6.0,5.810280518219342,17.813131067961166,12.0,,,6.67,8.125
2015-07-01,62.0,351.0,3.0,7.0,9.0,15.012106537530268,15.0,7.0,297.0,-8.295280262053378,16.594927884615384,3.0,,,50.0,3.291
2015-07-02,45.0,362.0,2.0,7.0,21.0,11.056511056511056,26.0,0.0,196.0,-9.970674486803526,15.49750611246944,4.0,,,0.0,7.31
2015-07-03,61.0,333.0,1.0,7.0,20.0,15.48223350253807,32.0,1.0,222.0,-9.87055016181229,14.75126582278481,5.0,,,12.5,7.952
2015-07-06,64.0,319.0,1.0,6.0,15.0,16.710182767624023,24.0,35.0,311.0,-8.76920728370913,13.864869791666665,6.0,,,85.37,9.802
2015-07-07,12.0,314.0,0.0,3.0,38.0,3.6809815950920246,42.0,1.0,7.0,-10.0,12.316349693251533,6.0,,,25.0,-0.338
2015-07-08,51.0,193.0,0.0,1.0,25.0,20.901639344262296,39.0,1.0,9.0,-8.437675025719264,11.757008196721312,7.0,,,50.0,-3.338
2015-07-09,217.0,0.0,0.0,34.0,0.0,100.0,19.0,0.0,0.0,9.999999999999996,12.790921658986175,8.0,,,0.0,10.0
2015-07-10,228.0,0.0,0.0,33.0,0.0,100.0,0.0,1.0,0.0,10.000000000000007,14.290394736842105,9.0,,,2.94,9.961
2015-07-13,265.0,2.0,0.0,35.0,0.0,99.25093632958801,0.0,0.0,0.0,10.000000000000012,15.654119850187264,10.0,,,0.0,9.985
2015-07-14,289.0,41.0,2.0,21.0,0.0,87.57575757575758,0.0,2.0,16.0,9.969378356017335,16.276536144578316,11.0,,,8.7,4.803
2015-07-15,67.0,284.0,2.0,4.0,29.0,19.08831908831909,33.0,7.0,96.0,-9.97757847533633,14.893881019830028,12.0,,,63.64,-5.21
2015-07-16,240.0,114.0,1.0,6.0,3.0,67.79661016949152,27.0,4.0,24.0,2.5611175785797515,14.900112676056338,13.0,,,40.0,7.662
2015-07-17,362.0,4.0,0.0,10.0,0.0,98.90710382513662,1.0,6.0,0.0,8.142997163520793,16.191174863387978,14.0,,,37.5,9.999
2015-07-20,268.0,121.0,5.0,5.0,0.0,68.89460154241645,0.0,0.0,5.0,2.084327301642714,16.520989847715736,3.0,,,0.0,4.196
2015-07-21,305.0,81.0,7.0,6.0,0.0,79.01554404145078,0.0,3.0,0.0,2.7956989247311803,17.08419847328244,4.0,,,33.33,8.446
2015-07-22,232.0,158.0,6.0,4.0,0.0,59.48717948717949,1.0,2.0,1.0,0.707917507863103,17.204217171717172,5.0,,,33.33,5.149
2015-07-23,382.0,13.0,0.0,23.0,0.0,96.70886075949367,0.0,3.0,0.0,5.215004574565419,18.1,6.0,,,11.54,5.682
2015-07-24,103.0,282.0,10.0,5.0,1.0,26.75324675324675,1.0,6.0,12.0,-2.429667519181591,17.931367088607598,7.0,,,54.55,1.544
2015-07-27,17.0,374.0,2.0,1.0,29.0,4.3478260869565215,34.0,3.0,280.0,-9.995737425404954,16.316692111959288,3.0,,,75.0,-3.037
2015-07-28,65.0,326.0,2.0,6.0,2.0,16.624040920716112,29.0,2.0,58.0,-7.086614173228354,15.376081424936388,4.0,,,25.0,9.959
2015-07-29,377.0,15.0,1.0,23.0,0.0,96.1734693877551,4.0,1.0,0.0,7.524059492563424,16.31211195928753,5.0,,,4.17,7.624
2015-07-30,45.0,350.0,0.0,2.0,2.0,11.39240506329114,3.0,12.0,38.0,-4.867986798679867,15.500455696202533,3.0,,,85.71,2.218
2015-07-31,117.0,276.0,5.0,8.0,1.0,29.770992366412212,6.0,3.0,8.0,-2.299185806294817,15.243969849246232,3.0,,,27.27,8.398
2015-08-03,51.0,346.0,0.0,8.0,7.0,12.846347607052897,11.0,2.0,33.0,-9.16334661354582,14.255163727959697,2.0,,,20.0,8.554
2015-08-04,370.0,25.0,1.0,3.0,4.0,93.67088607594937,13.0,4.0,12.0,9.692689069017074,15.227550505050504,1.0,,,57.14,-5.923
2015-08-05,192.0,200.0,5.0,4.0,1.0,48.97959183673469,1.0,3.0,1.0,-0.0626566416040198,15.329471032745593,1.0,,,42.86,0.855
2015-08-06,164.0,230.0,4.0,3.0,1.0,41.62436548223351,9.0,1.0,3.0,-1.3598461737570884,15.180527638190956,2.0,,,25.0,3.837
2015-08-07,377.0,16.0,2.0,5.0,0.0,95.92875318066157,1.0,2.0,0.0,5.199999999999996,16.006911392405062,2.0,,,28.57,5.713
2015-08-10,393.0,2.0,0.0,6.0,0.0,99.49367088607595,1.0,0.0,0.0,6.116774791473588,17.019189873417723,2.0,,,0.0,5.398
2015-08-11,192.0,199.0,6.0,6.0,0.0,49.10485933503836,0.0,2.0,0.0,-0.058513750731431,17.107153652392945,2.0,,,25.0,1.25
2015-08-12,66.0,334.0,0.0,1.0,0.0,16.5,0.0,2.0,2.0,-3.5453920597658595,16.636300000000002,3.0,,,66.67,1.554
2015-08-13,366.0,33.0,1.0,1.0,0.0,91.72932330827066,0.0,0.0,1.0,3.064024003450811,17.145775,4.0,,,0.0,10.011
2015-08-14,152.0,241.0,11.0,2.0,0.0,38.67684478371501,0.0,0.0,2.0,-0.7053360849056565,17.083366336633663,5.0,,,0.0,9.98
2015-08-17,154.0,243.0,8.0,0.0,2.0,38.79093198992443,3.0,1.0,1.0,-1.033295063145828,16.865506172839506,0.0,,,100.0,-4.777
2015-08-18,14.0,393.0,0.0,0.0,24.0,3.43980343980344,37.0,0.0,328.0,-9.975238769013089,15.386658476658477,0.0,,,,
2015-08-19,364.0,40.0,3.0,6.0,0.0,90.0990099009901,9.0,1.0,0.0,2.481902792140644,15.873857493857493,1.0,,,14.29,
2015-08-20,65.0,341.0,3.0,2.0,3.0,16.00985221674877,4.0,0.0,1.0,-4.102259215219984,15.33435207823961,2.0,,,0.0,-0.976
2015-08-21,10.0,397.0,3.0,0.0,9.0,2.457002457002457,13.0,0.0,27.0,-7.70875366837857,14.25119512195122,0.0,,,,-5.569
2015-08-24,3.0,409.0,0.0,1.0,41.0,0.7281553398058253,46.0,1.0,12.0,-9.992832170614875,12.924660194174757,1.0,,,50.0,
2015-08-25,9.0,404.0,0.0,0.0,34.0,2.1791767554479415,43.0,3.0,56.0,-9.993979530403372,11.732154963680388,0.0,,,100.0,-2.151
2015-08-26,123.0,284.0,7.0,11.0,4.0,30.22113022113022,10.0,12.0,200.0,-5.496505830124946,11.29574879227053,1.0,,,52.17,
2015-08-27,360.0,49.0,2.0,4.0,1.0,88.01955990220048,5.0,3.0,5.0,4.814004376367609,11.780973236009732,2.0,,,42.86,5.364
2015-08-28,412.0,1.0,0.0,4.0,0.0,99.75786924939467,0.0,3.0,0.0,8.000000000000007,12.679128329297821,1.0,,,42.86,5.311
2015-08-31,31.0,384.0,2.0,1.0,16.0,7.46987951807229,21.0,0.0,15.0,-7.44580584354382,11.86863309352518,1.0,,,0.0,-1.198
2015-09-01,9.0,407.0,1.0,1.0,27.0,2.1634615384615383,32.0,0.0,57.0,-9.967141292442498,10.832997601918464,1.0,,,0.0,-10.0
2015-09-02,66.0,348.0,2.0,0.0,6.0,15.942028985507244,13.0,3.0,197.0,-4.933485341140602,10.351634615384615,0.0,,,100.0,-3.333
2015-09-07,359.0,53.0,3.0,0.0,1.0,87.13592233009709,3.0,2.0,21.0,4.146341463414633,10.680891566265059,0.0,,,100.0,
2015-09-08,416.0,3.0,0.0,9.0,0.0,99.28400954653938,1.0,4.0,0.0,8.443908323281075,11.511957040572792,1.0,,,30.77,
2015-09-09,408.0,8.0,1.0,6.0,0.0,98.07692307692307,0.0,2.0,0.0,5.214007782101167,12.146810551558753,2.0,,,25.0,6.262
2015-09-10,76.0,336.0,6.0,1.0,0.0,18.446601941747574,1.0,1.0,0.0,-2.782479269895849,11.902966507177032,1.0,,,50.0,-4.356
2015-09-11,341.0,69.0,9.0,1.0,0.0,83.17073170731707,0.0,1.0,0.0,1.5209125475285186,12.116181384248211,2.0,,,50.0,10.036
2015-09-14,5.0,413.0,0.0,0.0,40.0,1.1961722488038278,45.0,0.0,351.0,-9.989682868843644,10.973636363636363,0.0,,,,-9.935
2015-09-15,22.0,395.0,1.0,0.0,14.0,5.275779376498801,17.0,1.0,19.0,-8.824910245788455,10.212990430622009,0.0,,,100.0,
2015-09-16,418.0,1.0,0.0,25.0,0.0,99.76133651551312,2.0,20.0,0.0,9.982935153583616,11.167732696897374,1.0,,,44.44,
2015-09-17,139.0,274.0,6.0,0.0,2.0,33.65617433414044,2.0,1.0,13.0,-1.1248593925759438,11.07947494033413,0.0,,,100.0,-1.894
2015-09-18,367.0,43.0,10.0,0.0,0.0,89.51219512195122,0.0,0.0,1.0,2.696697961803875,11.433666666666667,0.0,,,,
2015-09-21,414.0,7.0,0.0,4.0,0.0,98.33729216152018,1.0,2.0,0.0,6.064356435643567,12.287363420427553,1.0,,,33.33,
2015-09-22,226.0,192.0,7.0,2.0,0.0,54.066985645933016,0.0,1.0,0.0,0.2500000000000035,12.37689411764706,2.0,,,33.33,4.197
2015-09-23,217.0,193.0,10.0,2.0,0.0,52.926829268292686,0.0,1.0,0.0,0.1094216268345598,12.40559523809524,2.0,,,33.33,8.727
2015-09-24,324.0,86.0,9.0,1.0,0.0,79.02439024390245,0.0,1.0,3.0,1.417322834645681,12.571288782816229,2.0,,,50.0,4.733
2015-09-25,25.0,395.0,1.0,0.0,4.0,5.952380952380952,8.0,1.0,20.0,-6.343906510851418,11.795724465558195,0.0,,,100.0,7.26
2015-09-28,414.0,7.0,1.0,1.0,0.0,98.33729216152018,1.0,2.0,0.0,5.583594999133142,12.52478672985782,1.0,,,66.67,
2015-09-29,97.0,326.0,1.0,1.0,0.0,22.93144208037825,0.0,0.0,1.0,-2.3322593596161987,12.311367924528303,1.0,,,0.0,-4.16
2015-09-30,193.0,219.0,15.0,1.0,0.0,46.84466019417476,0.0,4.0,2.0,-0.1337792642140439,12.201147540983607,1.0,,,80.0,2.959
2015-10-08,422.0,6.0,0.0,4.0,0.0,98.5981308411215,0.0,1.0,0.0,5.506816186752078,12.976098130841123,2.0,,,20.0,9.979
2015-10-09,351.0,73.0,7.0,3.0,0.0,82.78301886792453,0.0,0.0,0.0,1.538461538461542,13.321786542923434,1.0,,,0.0,2.182
2015-10-12,417.0,12.0,1.0,6.0,0.0,97.2027972027972,0.0,6.0,1.0,5.40041815240349,14.104209302325582,1.0,,,50.0,6.877
2015-10-13,313.0,114.0,5.0,2.0,0.0,73.30210772833723,0.0,1.0,1.0,1.3421655033135997,14.473564814814814,2.0,,,33.33,1.204
2015-10-14,113.0,313.0,7.0,2.0,0.0,26.525821596244132,0.0,0.0,1.0,-2.3801310796826414,14.298591224018475,2.0,,,0.0,3.192
2015-10-15,415.0,13.0,0.0,1.0,0.0,96.96261682242991,0.0,2.0,0.0,4.088054489452029,14.904065420560746,1.0,,,66.67,5.556
2015-10-16,265.0,149.0,11.0,1.0,0.0,64.00966183574879,0.0,1.0,0.0,0.6749156355455423,15.091529411764705,1.0,,,50.0,
2015-10-19,122.0,298.0,2.0,1.0,0.0,29.04761904761905,0.0,3.0,1.0,-2.0853668624369286,14.978009478672986,1.0,,,75.0,-1.624
2015-10-20,378.0,42.0,4.0,1.0,0.0,90.0,0.0,0.0,0.0,2.9277381642268594,15.47502358490566,1.0,,,0.0,-3.187
2015-10-21,27.0,398.0,0.0,1.0,20.0,6.352941176470588,25.0,1.0,222.0,-9.688581314878896,14.332635294117647,1.0,,,50.0,-10.0
2015-10-22,430.0,0.0,0.0,2.0,0.0,100.0,0.0,0.0,0.0,5.07001566784175,15.110534883720929,2.0,,,0.0,10.0
2015-10-23,411.0,22.0,1.0,5.0,0.0,94.91916859122402,0.0,2.0,1.0,4.2694535585530815,15.800023041474654,3.0,,,28.57,6.861
2015-10-26,253.0,178.0,5.0,6.0,0.0,58.70069605568445,0.0,2.0,8.0,0.6780734519536439,15.850848623853212,2.0,,,25.0,3.398
2015-10-27,253.0,170.0,11.0,2.0,0.0,59.810874704491724,2.0,2.0,0.0,0.6190859288204393,16.17232718894009,2.0,,,50.0,2.483
2015-10-28,77.0,352.0,5.0,0.0,0.0,17.94871794871795,1.0,2.0,5.0,-3.4682756608479135,15.695645161290322,0.0,,,100.0,-4.685
2015-10-29,286.0,134.0,14.0,2.0,0.0,68.0952380952381,0.0,1.0,0.0,0.8083571230710245,15.817027649769585,1.0,,,33.33,
2015-10-30,194.0,230.0,8.0,3.0,0.0,45.75471698113208,0.0,2.0,2.0,-0.24109765992046764,15.88548611111111,2.0,,,40.0,6.906
2015-11-02,158.0,270.0,3.0,6.0,1.0,36.915887850467286,2.0,5.0,2.0,-1.6689847009735717,15.707726218097447,3.0,,,45.45,3.066
2015-11-03,229.0,200.0,5.0,2.0,0.0,53.379953379953385,0.0,2.0,4.0,0.2000128008192481,15.743179723502305,4.0,,,50.0,4.395
2015-11-04,436.0,2.0,0.0,6.0,0.0,99.54337899543378,0.0,1.0,0.0,6.2755284174871715,16.746552511415526,5.0,,,14.29,6.948
2015-11-05,142.0,293.0,6.0,3.0,0.0,32.64367816091954,0.0,3.0,2.0,-1.129032258064521,16.627029478458052,6.0,,,50.0,2.144
2015-11-06,433.0,5.0,2.0,6.0,0.0,98.85844748858447,0.0,4.0,0.0,3.6056861018661808,17.323522727272728,2.0,,,40.0,9.99
2015-11-09,381.0,62.0,2.0,4.0,0.0,86.00451467268623,0.0,4.0,1.0,2.892561983471074,17.897191011235954,3.0,,,50.0,4.992
2015-11-10,221.0,214.0,12.0,6.0,0.0,50.804597701149426,0.0,1.0,0.0,0.0,18.110738255033556,4.0,,,14.29,5.606
2015-11-11,391.0,51.0,4.0,11.0,0.0,88.46153846153845,0.0,4.0,0.0,3.9386087044234404,19.00230941704036,3.0,,,26.67,5.147
2015-11-12,268.0,174.0,4.0,8.0,0.0,60.633484162895925,0.0,4.0,0.0,1.1178197584119975,19.263004484304933,2.0,,,33.33,3.752
2015-11-13,48.0,397.0,3.0,2.0,17.0,10.786516853932584,23.0,0.0,23.0,-5.498120730940195,18.085401785714286,3.0,,,0.0,-1.812
2015-11-16,355.0,82.0,4.0,2.0,0.0,81.23569794050344,0.0,1.0,1.0,2.716688227684346,18.634739229024945,3.0,,,33.33,2.468
2015-11-17,99.0,344.0,0.0,1.0,0.0,22.34762979683973,0.0,4.0,11.0,-2.9235880398671177,18.17941309255079,4.0,,,80.0,2.854
2015-11-18,71.0,373.0,3.0,1.0,4.0,15.99099099099099,4.0,0.0,9.0,-3.575418994413392,17.54145413870246,5.0,,,0.0,10.003
2015-11-19,442.0,1.0,1.0,6.0,0.0,99.77426636568849,0.0,0.0,0.0,4.33648452683193,18.485382882882885,6.0,,,0.0,10.014
2015-11-20,324.0,117.0,5.0,2.0,0.0,73.46938775510205,0.0,4.0,0.0,1.570678200328326,18.849461883408072,7.0,,,66.67,4.733
2015-11-23,130.0,309.0,9.0,0.0,0.0,29.6127562642369,3.0,1.0,5.0,-1.8407420439440134,18.51997767857143,0.0,,,100.0,-9.336
2015-11-24,387.0,55.0,6.0,6.0,0.0,87.55656108597285,0.0,1.0,0.0,3.1358823968893423,19.277410714285715,1.0,,,14.29,
2015-11-25,384.0,56.0,9.0,1.0,0.0,87.27272727272727,0.0,3.0,0.0,2.344546381243615,19.881692650334074,1.0,,,75.0,2.549
2015-11-26,127.0,313.0,5.0,0.0,0.0,28.863636363636363,0.0,4.0,0.0,-2.185314685314685,19.670786516853934,0.0,,,100.0,-5.568
2015-11-27,35.0,410.0,0.0,0.0,15.0,7.865168539325842,20.0,1.0,98.0,-7.714285714285715,18.475685393258427,0.0,,,100.0,
2015-11-30,301.0,142.0,3.0,8.0,0.0,67.94582392776523,5.0,5.0,0.0,1.6297648625276229,18.993878923766818,1.0,,,38.46,
2015-12-01,153.0,290.0,5.0,1.0,2.0,34.537246049661405,5.0,5.0,31.0,-1.2851654606065521,18.531964285714285,2.0,,,83.33,-0.85
2015-12-02,68.0,376.0,5.0,0.0,2.0,15.315315315315313,7.0,2.0,5.0,-3.1734837799717863,18.055144766146995,0.0,,,100.0,-9.977
2015-12-03,440.0,11.0,2.0,2.0,0.0,97.5609756097561,0.0,1.0,0.0,3.475336322869961,18.809271523178808,1.0,,,33.33,
2015-12-04,180.0,268.0,6.0,1.0,0.0,40.17857142857143,0.0,2.0,0.0,-0.7971444709023612,18.786982378854628,1.0,,,66.67,-3.144
2015-12-07,340.0,106.0,8.0,4.0,0.0,76.23318385650224,0.0,0.0,0.0,1.262926350474995,19.081079295154183,2.0,,,0.0,10.064
2015-12-08,153.0,299.0,3.0,0.0,0.0,33.849557522123895,0.0,2.0,1.0,-2.3404255319148968,18.845076923076924,0.0,,,100.0,-1.371
2015-12-09,116.0,338.0,3.0,2.0,0.0,25.55066079295154,0.0,1.0,0.0,-2.146690518783544,18.5554704595186,1.0,,,33.33,
2015-12-10,197.0,256.0,6.0,5.0,0.0,43.4878587196468,0.0,0.0,3.0,-0.4000000000000033,18.41202614379085,1.0,,,0.0,-1.842
2015-12-11,148.0,307.0,5.0,3.0,0.0,32.527472527472526,0.0,0.0,5.0,-1.347750946946821,18.090934782608695,2.0,,,0.0,3.912
2015-12-14,384.0,73.0,3.0,3.0,0.0,84.02625820568927,0.0,1.0,1.0,2.47662598358745,18.505326086956522,3.0,,,25.0,10.011
2015-12-15,334.0,117.0,9.0,4.0,0.0,74.05764966740577,1.0,0.0,0.0,0.8681196811009799,18.75913043478261,4.0,,,0.0,9.975
2015-12-16,351.0,105.0,6.0,8.0,0.0,76.97368421052632,0.0,0.0,0.0,1.3551773744299211,19.110216450216452,5.0,,,0.0,8.592
2015-12-17,450.0,5.0,1.0,6.0,0.0,98.9010989010989,0.0,1.0,0.0,3.6366221999523543,19.85940789473684,6.0,,,14.29,7.383
2015-12-18,132.0,321.0,3.0,5.0,0.0,29.13907284768212,1.0,2.0,5.0,-1.6406320808660784,19.67359649122807,7.0,,,28.57,6.343
2015-12-21,257.0,189.0,13.0,4.0,0.0,57.62331838565022,0.0,1.0,0.0,0.2710027100271065,19.65607843137255,8.0,,,20.0,6.051
2015-12-22,312.0,139.0,8.0,5.0,0.0,69.17960088691795,0.0,0.0,0.0,0.7919201193618706,19.900501089324617,9.0,,,0.0,9.999
2015-12-23,107.0,351.0,6.0,8.0,1.0,23.362445414847162,1.0,1.0,4.0,-2.3766025845192154,19.454525862068966,10.0,,,11.11,4.44
2015-12-24,285.0,175.0,6.0,8.0,0.0,61.95652173913043,0.0,2.0,0.0,0.8662772373615084,19.648197424892704,11.0,,,20.0,5.609
2015-12-25,246.0,210.0,12.0,8.0,0.0,53.94736842105263,0.0,1.0,2.0,0.16516860469344397,19.639615384615386,12.0,,,11.11,8.034
2015-12-28,99.0,365.0,4.0,7.0,0.0,21.336206896551722,1.0,3.0,3.0,-2.999500559734064,19.133525641025642,13.0,,,30.0,8.914
2015-12-29,335.0,122.0,10.0,8.0,0.0,73.30415754923413,1.0,0.0,0.0,1.0561689870379376,19.350963597430408,14.0,,,0.0,8.087
2015-12-30,345.0,113.0,7.0,5.0,0.0,75.32751091703057,1.0,0.0,0.0,1.356673960612686,19.697505376344086,15.0,,,0.0,4.696
2015-12-31,81.0,383.0,5.0,4.0,1.0,17.45689655172414,2.0,1.0,3.0,-2.9025844930417373,19.11921108742004,16.0,,,20.0,9.496
2016-01-04,16.0,460.0,0.0,6.0,42.0,3.361344537815126,47.0,2.0,227.0,-9.985250448686573,17.19203781512605,17.0,,,25.0,9.973
2016-01-05,102.0,370.0,3.0,10.0,0.0,21.610169491525426,21.0,2.0,2.0,-4.433497536945806,16.627242105263157,18.0,,,16.67,9.98
2016-01-06,448.0,25.0,4.0,10.0,0.0,94.71458773784354,0.0,1.0,0.0,2.9190992493744754,17.204947589098534,19.0,,,9.09,8.262
2016-01-07,17.0,462.0,0.0,7.0,42.0,3.549060542797495,47.0,0.0,10.0,-9.980430528375743,15.504968684759916,20.0,,,0.0,2.494
2016-01-08,198.0,272.0,7.0,10.0,1.0,42.12765957446808,8.0,2.0,8.0,-0.4800000000000039,15.457421383647798,21.0,,,16.67,10.019
2016-01-11,28.0,449.0,0.0,7.0,33.0,5.870020964360587,34.0,1.0,63.0,-9.982638888888893,14.17614255765199,22.0,,,12.5,5.653
2016-01-12,319.0,153.0,4.0,7.0,5.0,67.58474576271186,7.0,2.0,9.0,1.425454939234792,14.264957983193277,14.0,,,22.22,5.586
2016-01-13,41.0,434.0,2.0,5.0,6.0,8.631578947368421,8.0,0.0,96.0,-5.339805825242723,13.534381551362683,15.0,,,0.0,6.093
2016-01-14,466.0,11.0,0.0,8.0,0.0,97.69392033542978,4.0,4.0,0.0,5.859626529298145,14.390377358490566,16.0,,,33.33,9.96
2016-01-15,66.0,409.0,3.0,3.0,8.0,13.894736842105262,13.0,3.0,11.0,-4.455614161427822,13.861443514644352,16.0,,,50.0,3.748
2016-01-18,449.0,26.0,0.0,4.0,2.0,94.52631578947368,3.0,3.0,0.0,3.678474114441424,14.395894736842106,17.0,,,42.86,10.009
2016-01-19,472.0,2.0,0.0,6.0,0.0,99.57805907172997,1.0,3.0,0.0,4.0624252571155175,15.036308016877637,18.0,,,33.33,7.763
2016-01-20,160.0,306.0,8.0,5.0,0.0,34.33476394849785,2.0,4.0,5.0,-1.1879354440426813,14.976582278481011,19.0,,,44.44,5.235
2016-01-21,31.0,438.0,3.0,4.0,6.0,6.609808102345416,6.0,0.0,45.0,-5.195066713391322,14.241186440677966,20.0,,,0.0,4.064
2016-01-22,419.0,49.0,7.0,8.0,0.0,89.52991452991454,0.0,1.0,2.0,2.233804914370817,14.629663157894738,21.0,,,11.11,7.814
2016-01-25,338.0,123.0,11.0,5.0,0.0,73.31887201735357,0.0,1.0,0.0,0.927314524196488,14.852775423728813,22.0,,,16.67,6.215
2016-01-26,7.0,466.0,0.0,0.0,38.0,1.4799154334038054,45.0,1.0,52.0,-9.962825278810408,13.501268498942919,0.0,,,100.0,-6.448
2016-01-27,179.0,284.0,8.0,1.0,3.0,38.66090712742981,18.0,0.0,3.0,-1.1748445058742218,13.424904458598727,1.0,,,0.0,
2016-01-28,18.0,448.0,4.0,0.0,20.0,3.862660944206009,22.0,0.0,26.0,-7.047077290428579,12.511382978723406,0.0,,,,-8.547
2016-01-29,453.0,16.0,2.0,3.0,0.0,96.58848614072495,2.0,6.0,0.0,5.008635578583766,13.14692144373673,1.0,,,66.67,
2016-02-01,164.0,304.0,2.0,2.0,0.0,35.04273504273504,1.0,2.0,4.0,-1.0849797835337347,12.981914893617022,1.0,,,50.0,1.7
2016-02-02,470.0,2.0,0.0,1.0,0.0,99.57627118644068,0.0,2.0,0.0,4.656565656565654,13.649258474576271,1.0,,,66.67,3.583
2016-02-03,278.0,178.0,18.0,2.0,0.0,60.96491228070175,0.0,0.0,0.0,0.3672392575984935,13.754008438818564,1.0,,,0.0,0.906
2016-02-04,460.0,10.0,3.0,7.0,0.0,97.87234042553192,0.0,3.0,0.0,2.4226804123711467,14.171458773784355,2.0,,,30.0,6.94
2016-02-05,75.0,390.0,10.0,2.0,0.0,16.129032258064516,0.0,2.0,5.0,-1.741105223315673,13.94277894736842,1.0,,,50.0,-0.222
2016-02-15,210.0,250.0,13.0,2.0,0.0,45.65217391304348,2.0,2.0,0.0,-0.217864923747272,13.992579281183932,1.0,,,50.0,3.782
2016-02-16,471.0,2.0,0.0,4.0,0.0,99.57716701902748,0.0,3.0,0.0,5.016722408026748,14.664545454545454,1.0,,,42.86,2.872
2016-02-17,361.0,105.0,8.0,1.0,0.0,77.46781115879828,0.0,0.0,0.0,1.2357468329830128,14.912510548523207,1.0,,,0.0,2.265
2016-02-18,132.0,340.0,5.0,1.0,0.0,27.966101694915253,0.0,3.0,0.0,-1.1627906976744098,14.834905660377359,1.0,,,75.0,3.427
2016-02-19,342.0,119.0,12.0,1.0,0.0,74.18655097613883,0.0,1.0,0.0,0.8035714285714273,14.979809725158562,1.0,,,50.0,-5.126
2016-02-22,436.0,24.0,10.0,3.0,0.0,94.78260869565217,0.0,2.0,0.0,1.7954176732718832,15.319574468085106,2.0,,,40.0,9.916
2016-02-23,145.0,320.0,4.0,1.0,0.0,31.182795698924732,0.0,1.0,0.0,-1.3822688274547146,15.228422174840086,3.0,,,50.0,3.625
2016-02-24,154.0,305.0,10.0,2.0,0.0,33.551198257080614,4.0,0.0,2.0,-1.0064043915827945,14.967377398720682,4.0,,,0.0,10.079
2016-02-25,11.0,453.0,0.0,2.0,38.0,2.3706896551724137,44.0,1.0,143.0,-9.978379153017343,13.645021551724138,5.0,,,33.33,9.977
2016-02-26,149.0,310.0,8.0,2.0,0.0,32.46187363834422,0.0,1.0,4.0,-1.5665796344647531,13.39573875802998,6.0,,,33.33,9.99
2016-02-29,10.0,459.0,0.0,1.0,20.0,2.1321961620469083,34.0,0.0,67.0,-9.88235294117647,12.239466950959489,7.0,,,0.0,0.0
2016-03-01,405.0,57.0,8.0,0.0,0.0,87.66233766233766,4.0,3.0,0.0,2.7227686673580607,12.539659574468086,0.0,,,100.0,2.024
2016-03-02,467.0,3.0,0.0,5.0,0.0,99.36170212765958,0.0,2.0,0.0,4.977433607946056,13.178191489361701,1.0,,,28.57,
2016-03-03,134.0,320.0,16.0,3.0,0.0,29.515418502202646,0.0,0.0,1.0,-0.7002804554569134,13.100191489361702,1.0,,,0.0,-2.311
2016-03-04,26.0,445.0,1.0,1.0,4.0,5.520169851380043,8.0,1.0,24.0,-6.367342173776764,12.232245762711864,1.0,,,50.0,-2.232
2016-03-07,457.0,12.0,1.0,2.0,0.0,97.44136460554371,0.0,3.0,0.0,3.01193203066567,12.635553191489361,1.0,,,60.0,5.012
2016-03-08,398.0,69.0,4.0,3.0,0.0,85.22483940042827,1.0,0.0,0.0,1.7424975798644695,12.896751592356688,1.0,,,0.0,2.286
2016-03-09,80.0,383.0,8.0,1.0,0.0,17.278617710583152,0.0,0.0,0.0,-2.4344569288389493,12.631549893842887,1.0,,,0.0,-4.713
2016-03-10,66.0,400.0,7.0,1.0,0.0,14.163090128755366,0.0,3.0,1.0,-1.739690721649482,12.444968287526427,2.0,,,75.0,9.951
2016-03-11,273.0,187.0,11.0,2.0,0.0,59.34782608695652,0.0,2.0,0.0,0.3045685279187933,12.549532908704883,3.0,,,50.0,10.056
2016-03-14,466.0,3.0,0.0,8.0,0.0,99.36034115138592,0.0,6.0,1.0,5.251141552511411,13.244648187633262,4.0,,,42.86,9.951
2016-03-15,108.0,347.0,12.0,3.0,0.0,23.736263736263734,0.0,0.0,0.0,-1.3539651837524234,13.049914346895076,5.0,,,0.0,0.443
2016-03-16,106.0,352.0,12.0,4.0,0.0,23.144104803493452,1.0,2.0,0.0,-1.2961811797516822,12.95123404255319,6.0,,,33.33,6.242
2016-03-17,468.0,2.0,0.0,5.0,0.0,99.57446808510639,0.0,3.0,0.0,5.273417059131352,13.712191489361702,7.0,,,37.5,6.052
2016-03-18,460.0,9.0,1.0,3.0,0.0,98.08102345415777,0.0,1.0,0.0,4.570162220820354,14.372425531914894,5.0,,,25.0,5.516
2016-03-21,446.0,18.0,4.0,3.0,0.0,96.12068965517241,0.0,1.0,0.0,2.4870123626195078,14.841880341880342,6.0,,,25.0,5.005
2016-03-22,177.0,278.0,11.0,0.0,0.0,38.901098901098905,0.0,3.0,0.0,-0.7648522914248078,14.80557939914163,0.0,,,100.0,-0.763
2016-03-23,378.0,79.0,10.0,2.0,0.0,82.71334792122538,0.0,1.0,0.0,1.450053705692801,15.103640256959315,1.0,,,33.33,
2016-03-24,118.0,338.0,7.0,3.0,0.0,25.877192982456144,0.0,3.0,0.0,-2.251655629139072,14.800237580993521,2.0,,,50.0,7.526
2016-03-25,258.0,199.0,7.0,2.0,0.0,56.455142231947484,0.0,1.0,3.0,0.24040684234858475,14.832004310344828,3.0,,,33.33,-0.553
2016-03-28,139.0,314.0,9.0,2.0,0.0,30.684326710816777,0.0,1.0,1.0,-1.209139301244567,14.653333333333334,1.0,,,33.33,-0.609
2016-03-29,67.0,395.0,0.0,1.0,0.0,14.502164502164502,1.0,0.0,0.0,-3.0904849436034,14.316731601731602,1.0,,,0.0,-3.887
2016-03-30,459.0,4.0,0.0,4.0,0.0,99.13606911447084,0.0,1.0,0.0,5.173427395649612,15.142030237580993,2.0,,,20.0,10.043
2016-03-31,244.0,209.0,12.0,4.0,1.0,53.86313465783664,1.0,2.0,0.0,0.1121076233183832,15.28694623655914,3.0,,,33.33,8.251
2016-04-01,133.0,322.0,6.0,2.0,0.0,29.230769230769234,0.0,1.0,1.0,-1.1999999999999935,15.240824295010848,4.0,,,33.33,3.959
2016-04-05,452.0,6.0,1.0,6.0,0.0,98.68995633187772,0.0,1.0,0.0,3.56589147286821,15.80723311546841,5.0,,,14.29,9.973
2016-04-06,297.0,150.0,12.0,3.0,0.0,66.44295302013423,0.0,0.0,1.0,0.7918025151374091,16.004880174291937,6.0,,,0.0,4.979
2016-04-07,87.0,371.0,0.0,5.0,0.0,18.995633187772924,1.0,1.0,0.0,-2.682585435868233,15.701048034934498,7.0,,,16.67,5.783
2016-04-08,158.0,297.0,4.0,3.0,0.0,34.72527472527472,0.0,3.0,0.0,-1.1834319526627175,15.59400871459695,8.0,,,50.0,2.809
2016-04-11,421.0,35.0,4.0,4.0,0.0,92.32456140350878,0.0,0.0,0.0,2.7670046628672953,16.180195652173914,9.0,,,0.0,9.979
2016-04-12,108.0,347.0,6.0,2.0,2.0,23.736263736263734,4.0,1.0,6.0,-1.7414248021108092,15.852711496746204,1.0,,,33.33,-0.051
2016-04-13,393.0,56.0,11.0,3.0,0.0,87.52783964365256,0.0,1.0,0.0,1.3976744186046597,16.16967391304348,2.0,,,25.0,10.014
2016-04-14,385.0,72.0,3.0,5.0,0.0,84.24507658643327,0.0,2.0,0.0,1.4702053275453377,16.53519565217391,3.0,,,28.57,5.8
2016-04-15,155.0,289.0,9.0,0.0,0.0,34.909909909909906,0.0,0.0,0.0,-0.7380073800738068,16.52346578366446,0.0,,,,-0.663
2016-04-18,92.0,357.0,3.0,1.0,0.0,20.489977728285076,0.0,1.0,1.0,-2.4645850454160847,16.164380530973453,1.0,,,50.0,
2016-04-19,277.0,162.0,16.0,2.0,0.0,63.097949886104786,0.0,1.0,0.0,0.4504504504504542,16.268065934065934,2.0,,,33.33,10.038
2016-04-20,30.0,425.0,1.0,2.0,4.0,6.593406593406594,28.0,1.0,58.0,-7.087171970965938,15.220263157894736,3.0,,,33.33,3.037
2016-04-21,68.0,387.0,3.0,2.0,0.0,14.945054945054945,0.0,1.0,0.0,-2.1728866444964554,14.88056768558952,4.0,,,33.33,2.793
2016-04-22,397.0,62.0,4.0,3.0,1.0,86.49237472766885,2.0,1.0,0.0,1.6438356164383698,15.159006479481642,5.0,,,25.0,5.933
2016-04-25,152.0,302.0,11.0,1.0,0.0,33.480176211453745,0.0,2.0,0.0,-0.9493670886075934,15.063053763440859,6.0,,,66.67,1.579
2016-04-26,401.0,57.0,5.0,2.0,0.0,87.55458515283843,0.0,1.0,0.0,1.89274447949527,15.302613390928725,7.0,,,33.33,9.977
2016-04-27,145.0,317.0,5.0,2.0,0.0,31.38528138528138,0.0,0.0,0.0,-0.9641873278236832,15.251991434689508,8.0,,,0.0,5.62
2016-04-28,247.0,206.0,13.0,1.0,0.0,54.52538631346579,0.0,0.0,0.0,0.20695222433492194,15.38793991416309,9.0,,,0.0,4.769
2016-04-29,159.0,294.0,14.0,3.0,0.0,35.099337748344375,0.0,1.0,1.0,-0.5706134094151218,15.312355460385438,10.0,,,25.0,9.965
2016-05-03,466.0,3.0,0.0,3.0,0.0,99.36034115138592,0.0,0.0,0.0,3.89610389610389,15.902963752665245,11.0,,,0.0,10.001
2016-05-04,219.0,233.0,17.0,2.0,0.0,48.451327433628315,0.0,0.0,0.0,0.0,16.031876332622602,12.0,,,0.0,7.195
2016-05-05,356.0,95.0,17.0,3.0,0.0,78.93569844789357,0.0,1.0,0.0,0.9271117605346243,16.258418803418802,13.0,,,25.0,10.003
2016-05-06,32.0,437.0,1.0,2.0,0.0,6.823027718550106,1.0,1.0,14.0,-5.0213142726467765,15.54808510638298,5.0,,,33.33,1.786
2016-05-09,42.0,428.0,0.0,1.0,4.0,8.936170212765958,6.0,1.0,2.0,-4.948371136530627,14.75468085106383,6.0,,,50.0,7.328
2016-05-10,250.0,206.0,13.0,1.0,4.0,54.824561403508774,5.0,0.0,4.0,0.1059322033898282,14.681364605543711,7.0,,,0.0,10.022
2016-05-11,94.0,369.0,7.0,4.0,2.0,20.302375809935207,2.0,0.0,13.0,-1.4214244551129733,14.409425531914895,8.0,,,0.0,10.0
2016-05-12,175.0,285.0,12.0,2.0,0.0,38.04347826086957,2.0,1.0,0.0,-0.573916445750424,14.31654661016949,2.0,,,33.33,3.339
2016-05-13,161.0,294.0,17.0,2.0,0.0,35.38461538461539,0.0,0.0,0.0,-0.558982364904203,14.230656779661016,3.0,,,0.0,9.985
2016-05-16,455.0,19.0,3.0,5.0,0.0,95.9915611814346,0.0,0.0,0.0,2.2756005056889976,14.6283857442348,4.0,,,0.0,9.959
2016-05-17,274.0,177.0,23.0,2.0,0.0,60.75388026607539,0.0,2.0,2.0,0.3398885327326734,14.691540084388185,5.0,,,50.0,4.321
2016-05-18,35.0,440.0,0.0,2.0,1.0,7.368421052631578,3.0,2.0,1.0,-4.44104134762634,14.065978947368421,6.0,,,50.0,10.031
2016-05-19,383.0,69.0,22.0,1.0,0.0,84.7345132743363,0.0,0.0,0.0,0.9069055671726924,14.285696202531646,7.0,,,0.0,3.356
2016-05-20,421.0,47.0,4.0,4.0,0.0,89.95726495726495,0.0,1.0,1.0,1.5999954791809423,14.6839406779661,8.0,,,20.0,10.013
2016-05-23,441.0,22.0,7.0,4.0,0.0,95.24838012958963,0.0,2.0,0.0,1.9260446343779707,15.110914893617021,9.0,,,33.33,3.258
2016-05-24,111.0,355.0,6.0,2.0,0.0,23.819742489270386,0.0,1.0,0.0,-1.499250374812593,14.987033898305086,10.0,,,33.33,5.671
2016-05-25,217.0,234.0,22.0,2.0,0.0,48.11529933481153,0.0,1.0,0.0,0.0,14.924334038054969,11.0,,,33.33,3.953
2016-05-26,315.0,138.0,20.0,2.0,0.0,69.5364238410596,0.0,0.0,0.0,0.6589785831960466,15.104122621564482,2.0,,,0.0,6.403
2016-05-27,172.0,282.0,20.0,3.0,0.0,37.88546255506608,0.0,0.0,0.0,-0.4843307404891093,14.998839662447256,2.0,,,0.0,3.97
2016-05-30,163.0,297.0,16.0,2.0,0.0,35.434782608695656,0.0,0.0,0.0,-0.6913359988530855,14.923151260504202,3.0,,,0.0,2.515
2016-05-31,476.0,1.0,0.0,4.0,0.0,99.79035639412997,0.0,2.0,0.0,5.20325203252033,15.746352201257862,4.0,,,33.33,6.712
2016-06-01,317.0,144.0,18.0,3.0,0.0,68.76355748373102,0.0,4.0,0.0,0.6048387096774184,15.975908141962421,5.0,,,57.14,8.676
2016-06-02,398.0,70.0,11.0,6.0,0.0,85.04273504273505,0.0,3.0,0.0,1.2378426171529513,16.309164926931107,6.0,,,33.33,9.991
2016-06-03,259.0,212.0,9.0,5.0,0.0,54.989384288747345,0.0,3.0,0.0,0.1952674453851727,16.350166666666667,7.0,,,37.5,5.218
2016-06-06,216.0,256.0,12.0,5.0,0.0,45.76271186440678,0.0,0.0,0.0,-0.15165761601817324,16.59987603305785,8.0,,,0.0,4.794
2016-06-07,279.0,194.0,12.0,7.0,0.0,58.985200845665965,0.0,3.0,0.0,0.4548408057180005,16.923092783505155,9.0,,,30.0,5.648
2016-06-08,173.0,303.0,7.0,3.0,0.0,36.344537815126046,0.0,4.0,0.0,-0.9004502251125548,16.72233954451346,10.0,,,57.14,3.805
2016-06-13,25.0,458.0,0.0,3.0,28.0,5.175983436853002,29.0,0.0,22.0,-7.389749702026233,15.519544513457555,11.0,,,0.0,6.882
2016-06-14,270.0,194.0,19.0,6.0,0.0,58.189655172413794,0.0,1.0,0.0,0.3019323671497628,15.601718426501035,12.0,,,14.29,9.998
2016-06-15,483.0,1.0,0.0,6.0,0.0,99.79338842975206,0.0,1.0,0.0,4.149908846737263,16.382561983471074,13.0,,,14.29,7.617
2016-06-16,191.0,281.0,9.0,4.0,0.0,40.46610169491525,0.0,1.0,0.0,-0.7133592736705541,16.35324324324324,14.0,,,20.0,7.149
2016-06-17,342.0,132.0,7.0,3.0,0.0,72.15189873417721,0.0,4.0,1.0,1.130369253956295,16.63106029106029,15.0,,,57.14,7.479
2016-06-20,301.0,170.0,10.0,5.0,0.0,63.90658174097664,0.0,2.0,0.0,0.708762886597946,16.914698544698545,16.0,,,28.57,9.978
2016-06-21,98.0,375.0,6.0,3.0,0.0,20.718816067653275,0.0,5.0,7.0,-1.822079314040728,16.641544885177453,17.0,,,62.5,7.016
2016-06-22,437.0,43.0,4.0,3.0,0.0,91.04166666666667,0.0,1.0,0.0,2.367031619745703,17.11435950413223,18.0,,,25.0,10.009
2016-06-23,175.0,305.0,5.0,4.0,0.0,36.45833333333333,0.0,0.0,0.0,-0.8670520231213995,17.108082474226805,16.0,,,0.0,6.506
2016-06-24,158.0,315.0,13.0,5.0,0.0,33.40380549682875,0.0,2.0,0.0,-1.193580323660357,17.104609053497942,17.0,,,28.57,6.741
2016-06-27,474.0,15.0,0.0,4.0,0.0,96.93251533742331,0.0,3.0,0.0,3.27868852459018,17.8259100204499,18.0,,,42.86,8.299
2016-06-28,344.0,141.0,5.0,5.0,0.0,70.9278350515464,0.0,0.0,1.0,1.0068208558569607,18.062979591836736,19.0,,,0.0,8.334
2016-06-29,202.0,279.0,8.0,6.0,0.0,41.995841995842,0.0,1.0,0.0,-0.3017501508750797,18.18955010224949,20.0,,,14.29,7.316
2016-06-30,221.0,254.0,14.0,5.0,2.0,46.526315789473685,3.0,1.0,1.0,-0.2332361516034936,17.843149284253577,21.0,,,16.67,3.994
2016-07-01,170.0,309.0,11.0,6.0,0.0,35.49060542797495,0.0,2.0,1.0,-0.7047785494181997,17.84626530612245,22.0,,,25.0,10.005
2016-07-04,448.0,36.0,6.0,8.0,0.0,92.56198347107438,0.0,1.0,0.0,1.718833657531349,18.281857142857145,16.0,,,11.11,8.304
2016-07-05,237.0,244.0,12.0,11.0,0.0,49.272349272349274,0.0,0.0,0.0,0.0,18.47823529411765,17.0,,,0.0,6.904
2016-07-06,235.0,257.0,5.0,11.0,0.0,47.764227642276424,0.0,2.0,0.0,-0.072780203784569,18.679476861167004,18.0,,,15.38,8.11
2016-07-07,220.0,266.0,11.0,6.0,0.0,45.267489711934154,0.0,1.0,0.0,-0.3571428571428622,18.64430583501006,19.0,,,14.29,4.871
2016-07-08,225.0,263.0,10.0,5.0,1.0,46.10655737704918,1.0,0.0,1.0,-0.1242864650093235,18.60301204819277,20.0,,,0.0,8.317
2016-07-11,90.0,402.0,7.0,7.0,4.0,18.29268292682927,5.0,1.0,12.0,-1.958797703478549,18.10050100200401,21.0,,,12.5,9.979
2016-07-12,348.0,145.0,6.0,8.0,0.0,70.58823529411765,2.0,1.0,0.0,0.9952854897852346,18.232224448897792,14.0,,,11.11,7.621
2016-07-13,329.0,157.0,13.0,4.0,0.0,67.6954732510288,0.0,1.0,0.0,0.6677796327212026,18.369238476953907,15.0,,,20.0,3.081
2016-07-14,269.0,215.0,16.0,7.0,0.0,55.578512396694215,0.0,1.0,1.0,0.11919938806731004,18.51772,16.0,,,12.5,10.028
2016-07-15,156.0,334.0,7.0,5.0,0.0,31.83673469387755,0.0,0.0,0.0,-1.0033444816053494,18.40599597585513,17.0,,,0.0,7.902
2016-07-18,183.0,305.0,8.0,5.0,0.0,37.5,0.0,1.0,0.0,-0.8601212994655683,18.268649193548388,18.0,,,16.67,8.067
2016-07-19,370.0,115.0,12.0,4.0,0.0,76.28865979381443,0.0,1.0,0.0,0.9852216748768554,18.537706237424548,14.0,,,20.0,6.881
2016-07-20,224.0,256.0,16.0,3.0,0.0,46.666666666666664,0.0,0.0,0.0,-0.1230619773509903,18.615322580645163,15.0,,,0.0,6.92
2016-07-21,163.0,317.0,17.0,3.0,0.0,33.958333333333336,1.0,0.0,1.0,-0.5602240896358622,18.484627766599598,16.0,,,0.0,10.025
2016-07-22,117.0,373.0,7.0,2.0,0.0,23.877551020408163,0.0,1.0,2.0,-1.3717421124828484,18.25364185110664,11.0,,,33.33,4.056
2016-07-25,231.0,248.0,15.0,2.0,0.0,48.22546972860125,2.0,0.0,2.0,-0.0521701979734296,18.20663967611336,12.0,,,0.0,10.106
2016-07-26,435.0,57.0,3.0,2.0,0.0,88.41463414634147,0.0,1.0,1.0,1.195899772209572,18.437757575757576,13.0,,,33.33,9.961
2016-07-27,21.0,478.0,1.0,3.0,7.0,4.208416833667335,18.0,0.0,50.0,-6.929380833998289,17.13082,14.0,,,0.0,9.949
2016-07-28,208.0,284.0,9.0,3.0,0.0,42.27642276422765,0.0,0.0,0.0,-0.5059021922428223,17.037165668662677,15.0,,,0.0,10.001
2016-07-29,136.0,353.0,13.0,3.0,0.0,27.811860940695297,0.0,1.0,0.0,-0.9405690412288924,16.900956175298806,16.0,,,25.0,9.985
2016-08-01,130.0,360.0,9.0,3.0,4.0,26.53061224489796,6.0,0.0,0.0,-1.6218721037998047,16.569579158316632,17.0,,,0.0,10.023
2016-08-02,430.0,53.0,18.0,3.0,0.0,89.02691511387164,0.0,0.0,0.0,0.8403361344537723,16.756247504990018,18.0,,,0.0,10.033
2016-08-03,234.0,252.0,15.0,5.0,0.0,48.148148148148145,0.0,0.0,1.0,-0.0705218617771494,16.897225548902195,19.0,,,0.0,9.973
2016-08-04,393.0,94.0,13.0,3.0,0.0,80.69815195071868,0.0,0.0,0.0,0.7978958387108954,17.07072,20.0,,,0.0,6.92
2016-08-05,91.0,398.0,9.0,4.0,0.0,18.609406952965234,0.0,0.0,0.0,-1.219354427617846,16.969939759036144,21.0,,,0.0,9.984
2016-08-08,399.0,90.0,12.0,3.0,0.0,81.59509202453987,2.0,0.0,0.0,1.081530782029957,17.140339321357285,19.0,,,0.0,1.47
2016-08-09,459.0,36.0,8.0,2.0,0.0,92.72727272727272,0.0,1.0,0.0,1.2590799031477071,17.42007952286282,10.0,,,33.33,7.05
2016-08-10,156.0,333.0,18.0,3.0,0.0,31.901840490797547,0.0,2.0,0.0,-0.5667506297229322,17.36378698224852,11.0,,,40.0,10.007
2016-08-11,56.0,448.0,4.0,1.0,0.0,11.11111111111111,0.0,0.0,1.0,-2.1935376415722843,16.991850393700787,12.0,,,0.0,2.952
2016-08-12,432.0,72.0,6.0,2.0,0.0,85.71428571428571,0.0,0.0,1.0,1.0186450492183001,17.189176470588233,13.0,,,0.0,9.988
2016-08-15,502.0,6.0,1.0,1.0,0.0,98.81889763779527,0.0,2.0,0.0,2.61690261690263,17.708133595284874,14.0,,,66.67,7.037
2016-08-16,331.0,150.0,27.0,3.0,0.0,68.81496881496881,0.0,1.0,0.0,0.3722065749376594,17.871811023622044,15.0,,,25.0,9.99
2016-08-17,301.0,188.0,18.0,5.0,0.0,61.554192229038854,0.0,2.0,1.0,0.2396357536544486,18.054102564102564,16.0,,,28.57,2.471
2016-08-18,177.0,311.0,18.0,1.0,0.0,36.27049180327869,0.0,0.0,0.0,-0.3573556955559474,18.076640316205534,17.0,,,0.0,0.964
2016-08-19,259.0,229.0,21.0,3.0,0.0,53.07377049180327,1.0,1.0,0.0,0.0635727908455167,18.099390962671905,18.0,,,25.0,9.996
2016-08-22,89.0,414.0,7.0,2.0,0.0,17.693836978131213,1.0,0.0,5.0,-1.972671125120225,17.653392156862743,19.0,,,0.0,4.356
2016-08-23,329.0,166.0,15.0,1.0,0.0,66.46464646464646,0.0,0.0,0.0,0.4655244644121246,17.803862745098037,20.0,,,0.0,4.546
2016-08-24,364.0,140.0,9.0,5.0,0.0,72.22222222222221,0.0,0.0,0.0,0.6637168141592976,17.925750487329434,21.0,,,0.0,10.014
2016-08-25,179.0,327.0,5.0,3.0,0.0,35.37549407114625,0.0,0.0,0.0,-0.9536194191590762,17.88197651663405,22.0,,,0.0,2.571
2016-08-26,307.0,190.0,14.0,4.0,0.0,61.77062374245473,0.0,2.0,2.0,0.3046127067014808,17.92968688845401,23.0,,,33.33,10.006
2016-08-29,262.0,235.0,16.0,3.0,1.0,52.716297786720325,2.0,1.0,0.0,0.0996015936255135,17.91945419103314,4.0,,,25.0,1.633
2016-08-30,243.0,250.0,22.0,2.0,0.0,49.290060851926974,0.0,0.0,2.0,0.0,17.968776699029128,5.0,,,0.0,8.292
2016-08-31,252.0,248.0,18.0,3.0,0.0,50.4,0.0,0.0,0.0,0.0,18.038011583011585,6.0,,,0.0,9.963
2016-09-01,134.0,376.0,13.0,2.0,0.0,26.27450980392157,0.0,0.0,1.0,-0.7785467128027669,17.966309751434032,7.0,,,0.0,7.072
2016-09-02,160.0,347.0,16.0,4.0,0.0,31.558185404339252,0.0,0.0,1.0,-0.7763975155279613,17.894760994263862,8.0,,,0.0,10.04
2016-09-05,269.0,222.0,32.0,4.0,0.0,54.78615071283096,0.0,2.0,0.0,0.0780640124902403,17.927552581261953,9.0,,,33.33,5.596
2016-09-06,483.0,33.0,6.0,6.0,0.0,93.6046511627907,0.0,1.0,0.0,1.8630142579888926,18.275555555555556,10.0,,,14.29,9.96
2016-09-07,156.0,358.0,8.0,3.0,0.0,30.35019455252918,0.0,2.0,0.0,-0.6862971445458197,18.15969348659004,11.0,,,40.0,6.276
2016-09-08,332.0,172.0,17.0,2.0,1.0,65.87301587301587,1.0,1.0,0.0,0.3953871499176192,18.216429942418426,9.0,,,33.33,8.553
2016-09-09,111.0,402.0,8.0,4.0,1.0,21.637426900584796,1.0,0.0,1.0,-1.305334846765042,18.0457773512476,10.0,,,0.0,9.985
2016-09-12,46.0,471.0,2.0,3.0,0.0,8.897485493230175,2.0,0.0,2.0,-3.7447988904299527,17.450789980732175,11.0,,,0.0,5.232
2016-09-13,358.0,145.0,15.0,3.0,1.0,71.17296222664015,1.0,1.0,1.0,0.44359664108072616,17.448976833976833,12.0,,,25.0,10.067
2016-09-14,180.0,315.0,20.0,3.0,0.0,36.36363636363637,1.0,1.0,0.0,-0.3105590062111845,17.376796116504853,13.0,,,25.0,5.543
2016-09-19,466.0,42.0,8.0,5.0,0.0,91.73228346456693,0.0,1.0,0.0,1.1516105686343607,17.618837209302324,14.0,,,16.67,9.992
2016-09-20,207.0,299.0,14.0,4.0,0.0,40.909090909090914,0.0,1.0,0.0,-0.2731123620732274,17.573346153846153,15.0,,,20.0,7.053
2016-09-21,321.0,178.0,21.0,3.0,0.0,64.32865731462925,0.0,0.0,0.0,0.29062401816209976,17.579923076923077,7.0,,,0.0,5.946
2016-09-22,282.0,205.0,32.0,2.0,0.0,57.90554414784395,0.0,1.0,0.0,0.1169590643274828,17.659152215799615,8.0,,,33.33,8.124
2016-09-23,162.0,346.0,12.0,3.0,1.0,31.88976377952756,1.0,0.0,0.0,-0.6794445958778883,17.50775,9.0,,,0.0,9.999
2016-09-26,51.0,468.0,2.0,1.0,3.0,9.826589595375722,4.0,1.0,2.0,-2.6061776061776025,17.027581573896356,6.0,,,50.0,-1.578
2016-09-27,427.0,92.0,5.0,1.0,0.0,82.27360308285164,3.0,1.0,0.0,1.1757026570419322,17.187385496183207,7.0,,,50.0,10.006
2016-09-28,148.0,357.0,20.0,0.0,0.0,29.306930693069305,0.0,0.0,0.0,-0.6770098730606544,17.091104761904763,0.0,,,,-1.507
2016-09-29,308.0,197.0,27.0,2.0,0.0,60.99009900990099,0.0,0.0,1.0,0.1591779867641902,17.23610902255639,1.0,,,0.0,
2016-09-30,347.0,172.0,15.0,0.0,0.0,66.85934489402698,0.0,0.0,0.0,0.3174832255507706,17.258370786516853,0.0,,,,0.503
2016-10-10,523.0,11.0,1.0,2.0,0.0,97.94007490636703,0.0,0.0,0.0,3.064699205448349,17.880990654205608,1.0,,,0.0,
2016-10-11,247.0,258.0,26.0,0.0,0.0,48.91089108910891,0.0,2.0,0.0,0.0,17.901468926553672,0.0,,,100.0,4.393
2016-10-12,266.0,244.0,21.0,2.0,0.0,52.156862745098046,0.0,3.0,0.0,0.0458926112895895,17.944482109227874,1.0,,,60.0,
2016-10-13,243.0,272.0,18.0,3.0,0.0,47.18446601941748,0.0,1.0,0.0,-0.0811030008110282,17.94425891181989,1.0,,,25.0,4.915
2016-10-14,239.0,286.0,8.0,4.0,0.0,45.52380952380952,0.0,0.0,0.0,-0.1956947162426746,17.9781425891182,2.0,,,0.0,6.184
2016-10-17,107.0,416.0,10.0,3.0,0.0,20.45889101338432,0.0,0.0,0.0,-1.3340174448434994,17.7771669793621,3.0,,,0.0,4.227
2016-10-18,499.0,25.0,6.0,4.0,0.0,95.22900763358778,0.0,2.0,0.0,1.6044554455445583,18.163018867924528,4.0,,,33.33,7.996
2016-10-19,187.0,334.0,12.0,3.0,0.0,35.892514395393476,1.0,2.0,1.0,-0.405186385737445,18.151350844277673,5.0,,,40.0,1.875
2016-10-20,335.0,191.0,10.0,6.0,0.0,63.68821292775665,0.0,1.0,0.0,0.39408905247789927,18.273563432835818,6.0,,,14.29,4.427
2016-10-21,170.0,358.0,7.0,2.0,0.0,32.196969696969695,0.0,4.0,0.0,-0.9063444108761404,18.283084112149535,7.0,,,66.67,3.564
2016-10-24,384.0,136.0,18.0,3.0,0.0,73.84615384615385,1.0,2.0,0.0,0.5721915142350422,18.458903345724906,8.0,,,40.0,7.788
2016-10-25,299.0,218.0,22.0,4.0,0.0,57.83365570599614,0.0,1.0,0.0,0.1290322580645133,18.630445269016697,9.0,,,20.0,4.029
2016-10-26,182.0,348.0,13.0,4.0,0.0,34.33962264150943,0.0,0.0,1.0,-0.6830601092896271,18.525193370165745,10.0,,,0.0,3.269
2016-10-27,278.0,247.0,19.0,3.0,0.0,52.95238095238095,0.0,0.0,0.0,0.0554179841383133,18.629283088235294,11.0,,,0.0,7.768
2016-10-28,134.0,401.0,10.0,4.0,0.0,25.04672897196262,0.0,2.0,0.0,-1.2016021361815736,18.44766972477064,12.0,,,33.33,9.992
2016-10-31,255.0,275.0,14.0,5.0,0.0,48.113207547169814,0.0,1.0,0.0,-0.0631221923857801,18.407941176470587,13.0,,,16.67,8.441
2016-11-01,492.0,47.0,4.0,8.0,0.0,91.28014842300557,0.0,2.0,0.0,1.3563501849568584,18.70988950276243,14.0,,,20.0,8.321
2016-11-02,161.0,370.0,13.0,7.0,1.0,30.32015065913371,1.0,1.0,1.0,-0.9359481847696958,18.56522058823529,15.0,,,12.5,6.168
2016-11-03,363.0,165.0,17.0,5.0,0.0,68.75,0.0,2.0,3.0,0.4172461752433847,18.712220183486238,16.0,,,28.57,5.572
2016-11-04,267.0,261.0,17.0,6.0,0.0,50.56818181818182,0.0,3.0,1.0,0.0,18.71359633027523,17.0,,,33.33,10.003
2016-11-07,231.0,299.0,19.0,5.0,1.0,43.58490566037736,1.0,0.0,0.0,-0.1999999999999957,18.703078324225864,18.0,,,0.0,5.19
2016-11-08,390.0,141.0,19.0,6.0,0.0,73.44632768361582,0.0,1.0,0.0,0.571430250733796,18.966345454545454,19.0,,,14.29,8.001
2016-11-09,135.0,407.0,7.0,5.0,0.0,24.907749077490777,0.0,2.0,0.0,-1.2690355329949194,18.893679417122037,20.0,,,28.57,7.44
2016-11-10,525.0,20.0,5.0,4.0,0.0,96.3302752293578,0.0,4.0,0.0,1.423303665453918,19.30361818181818,21.0,,,50.0,6.145
2016-11-11,305.0,236.0,9.0,5.0,0.0,56.37707948243993,0.0,0.0,1.0,0.19843727573195746,19.39429090909091,13.0,,,0.0,8.254
2016-11-14,362.0,175.0,15.0,6.0,0.0,67.41154562383612,0.0,2.0,1.0,0.6103820838680261,19.549384057971015,14.0,,,25.0,9.534
2016-11-15,347.0,186.0,20.0,4.0,0.0,65.1031894934334,0.0,2.0,1.0,0.4405286343612241,19.649620253164557,15.0,,,33.33,7.946
2016-11-16,220.0,319.0,16.0,4.0,0.0,40.816326530612244,0.0,1.0,1.0,-0.3100775193798521,19.550774774774776,16.0,,,20.0,6.546
2016-11-17,116.0,427.0,10.0,3.0,0.0,21.36279926335175,0.0,1.0,0.0,-1.2109623964308445,19.342350813743217,6.0,,,25.0,4.618
2016-11-18,274.0,270.0,13.0,9.0,0.0,50.36764705882353,0.0,4.0,0.0,0.0,19.477235188509873,7.0,,,30.77,10.008
2016-11-21,365.0,178.0,17.0,8.0,0.0,67.21915285451196,0.0,4.0,0.0,0.48034859876965297,19.688446428571428,8.0,,,33.33,7.837
2016-11-22,455.0,99.0,6.0,6.0,0.0,82.12996389891697,0.0,4.0,0.0,1.0660404015137845,20.060125,9.0,,,40.0,7.685
2016-11-23,142.0,416.0,4.0,5.0,0.0,25.448028673835125,1.0,1.0,2.0,-1.1435408575575696,19.87306049822064,10.0,,,16.67,9.316
2016-11-24,111.0,437.0,13.0,3.0,0.0,20.255474452554743,0.0,3.0,1.0,-1.3860013860013811,19.663654188948307,9.0,,,50.0,5.601
2016-11-25,348.0,201.0,10.0,4.0,0.0,63.387978142076506,2.0,0.0,1.0,0.481540930979123,19.839606440071556,10.0,,,0.0,10.0
2016-11-28,156.0,393.0,11.0,5.0,1.0,28.415300546448087,1.0,0.0,2.0,-0.807375265090057,19.624964285714285,11.0,,,0.0,9.997
2016-11-29,120.0,432.0,8.0,5.0,0.0,21.73913043478261,0.0,0.0,0.0,-1.2143108198654935,19.406339285714285,12.0,,,0.0,8.815
2016-11-30,377.0,165.0,20.0,6.0,2.0,69.55719557195572,4.0,0.0,0.0,0.478755407844609,19.549715302491105,13.0,,,0.0,6.479
2016-12-01,283.0,255.0,22.0,6.0,0.0,52.60223048327137,1.0,2.0,2.0,0.0457081041788597,19.585089285714286,14.0,,,25.0,9.99
2016-12-02,68.0,493.0,0.0,6.0,1.0,12.121212121212121,1.0,0.0,0.0,-2.8949024543738253,19.014616755793227,15.0,,,0.0,10.009
2016-12-05,270.0,278.0,14.0,5.0,0.0,49.27007299270073,1.0,1.0,1.0,0.0,18.989341637010675,16.0,,,16.67,9.247
2016-12-06,246.0,289.0,27.0,5.0,0.0,45.981308411214954,0.0,0.0,0.0,-0.08005720741323186,19.00540925266904,17.0,,,0.0,10.009
2016-12-07,475.0,83.0,8.0,4.0,0.0,85.12544802867383,0.0,0.0,0.0,0.9324465310380783,19.19666077738516,18.0,,,0.0,8.353
2016-12-08,98.0,467.0,4.0,4.0,0.0,17.345132743362832,0.0,0.0,1.0,-1.4242115971515823,19.01165202108963,19.0,,,0.0,9.993
2016-12-09,164.0,395.0,10.0,5.0,1.0,29.338103756708406,2.0,0.0,2.0,-0.773694390715668,18.767820738137083,20.0,,,0.0,10.015
2016-12-12,25.0,544.0,0.0,5.0,22.0,4.393673110720562,37.0,2.0,104.0,-7.727044656297036,17.367961335676625,9.0,,,28.57,8.531
2016-12-13,296.0,252.0,18.0,6.0,0.0,54.01459854014598,4.0,1.0,1.0,0.1254210732471575,17.32233215547703,10.0,,,14.29,9.988
2016-12-14,121.0,441.0,10.0,8.0,0.0,21.530249110320284,1.0,3.0,0.0,-1.233888020593914,17.064475524475522,11.0,,,27.27,5.222
2016-12-15,508.0,58.0,6.0,6.0,2.0,89.75265017667844,2.0,0.0,0.0,1.2405551794483856,17.278164335664336,12.0,,,0.0,8.672
2016-12-16,481.0,84.0,8.0,8.0,1.0,85.13274336283186,1.0,2.0,0.0,1.091326823664568,17.546108202443282,13.0,,,20.0,10.009
2016-12-19,157.0,403.0,13.0,9.0,0.0,28.035714285714285,0.0,1.0,2.0,-0.8733624454148505,17.3904537521815,14.0,,,10.0,8.835
2016-12-20,374.0,179.0,24.0,10.0,1.0,67.63110307414105,1.0,1.0,0.0,0.4028197381671795,17.467331022530328,15.0,,,9.09,9.021
2016-12-21,480.0,87.0,12.0,6.0,1.0,84.65608465608466,2.0,0.0,1.0,0.7587253414264145,17.544922279792747,9.0,,,0.0,6.268
2016-12-22,166.0,401.0,14.0,6.0,2.0,29.276895943562607,2.0,0.0,1.0,-0.6311637080867855,17.451497418244404,10.0,,,0.0,9.999
2016-12-23,109.0,463.0,8.0,4.0,2.0,19.055944055944053,5.0,4.0,1.0,-1.5629305529696529,17.08251724137931,10.0,,,50.0,6.777
2016-12-26,416.0,153.0,17.0,4.0,1.0,73.11072056239016,5.0,1.0,0.0,0.7850875315670044,17.18627986348123,11.0,,,20.0,8.389
2016-12-27,241.0,319.0,29.0,5.0,1.0,43.03571428571429,1.0,1.0,1.0,-0.1213592233009682,17.183820033955858,12.0,,,16.67,9.992
2016-12-28,195.0,371.0,22.0,3.0,1.0,34.45229681978799,1.0,0.0,0.0,-0.47774949487484386,17.123707482993197,13.0,,,0.0,5.112
2016-12-29,233.0,338.0,21.0,4.0,0.0,40.80560420315236,1.0,0.0,1.0,-0.2504232695219004,17.01918918918919,4.0,,,0.0,0.794
2016-12-30,279.0,285.0,31.0,5.0,0.0,49.46808510638298,0.0,0.0,1.0,0.0,16.944722689075633,5.0,,,0.0,8.996
2017-01-03,479.0,104.0,10.0,5.0,0.0,82.16123499142367,0.0,1.0,1.0,0.9922822491730964,17.158887015177065,3.0,,,16.67,9.233
2017-01-04,498.0,80.0,17.0,5.0,0.0,86.159169550173,0.0,2.0,0.0,1.1016949152542288,17.391243697478995,4.0,,,28.57,9.229
2017-01-05,166.0,412.0,20.0,5.0,0.0,28.719723183391004,0.0,0.0,0.0,-0.6402807254333689,17.248394648829432,5.0,,,0.0,8.021
2017-01-06,103.0,487.0,12.0,5.0,2.0,17.457627118644066,4.0,0.0,2.0,-1.5888376006828893,16.896627906976747,6.0,,,0.0,6.031
2017-01-09,323.0,271.0,9.0,6.0,0.0,54.37710437710438,0.0,1.0,1.0,0.1374570446735366,16.837545605306797,7.0,,,14.29,9.889
2017-01-10,193.0,387.0,23.0,9.0,0.0,33.275862068965516,1.0,0.0,0.0,-0.4115226337448593,16.801873963515757,8.0,,,0.0,8.03
2017-01-11,125.0,469.0,9.0,8.0,1.0,21.043771043771045,1.0,1.0,5.0,-1.3085052843482716,16.48597014925373,9.0,,,11.11,6.077
2017-01-12,170.0,423.0,11.0,6.0,2.0,28.667790893760543,2.0,0.0,1.0,-0.8312179168948383,16.336059602649005,10.0,,,0.0,2.813
2017-01-13,87.0,512.0,8.0,5.0,0.0,14.524207011686144,6.0,1.0,5.0,-2.423378474697077,15.870280065897859,11.0,,,16.67,5.825
2017-01-16,39.0,566.0,3.0,4.0,8.0,6.446280991735537,57.0,0.0,15.0,-6.1126657550799735,14.929950657894736,11.0,,,0.0,7.529
2017-01-17,533.0,67.0,9.0,7.0,1.0,88.83333333333333,5.0,2.0,0.0,2.0477815699658874,15.295894909688014,12.0,,,22.22,9.995
2017-01-18,95.0,508.0,9.0,6.0,1.0,15.754560530679933,1.0,1.0,0.0,-1.6621696292096995,14.99797385620915,13.0,,,14.29,6.778
2017-01-19,252.0,338.0,20.0,3.0,1.0,42.71186440677966,1.0,1.0,3.0,-0.19093291920484007,14.97088524590164,7.0,,,25.0,2.325
2017-01-20,593.0,19.0,2.0,8.0,0.0,96.89542483660131,0.0,3.0,1.0,2.180334403775353,15.331482084690554,8.0,,,27.27,10.037
2017-01-23,496.0,108.0,13.0,6.0,0.0,82.11920529801324,1.0,0.0,0.0,0.792751981879958,15.459286871961101,9.0,,,0.0,6.75
2017-01-24,135.0,467.0,13.0,5.0,0.0,22.425249169435215,0.0,3.0,0.0,-1.0968921389396638,15.26582113821138,3.0,,,37.5,7.197
2017-01-25,463.0,132.0,21.0,7.0,0.0,77.81512605042018,0.0,0.0,1.0,0.8391309581126642,15.404918831168832,4.0,,,0.0,8.454
2017-01-26,473.0,128.0,18.0,7.0,0.0,78.70216306156405,0.0,0.0,0.0,0.7262164124909197,15.509273021001615,5.0,,,0.0,6.558
2017-02-03,181.0,427.0,12.0,7.0,0.0,29.769736842105267,1.0,1.0,2.0,-0.7672038030603774,15.409709677419356,6.0,,,12.5,5.301
2017-02-06,581.0,26.0,12.0,6.0,0.0,95.71663920922569,1.0,1.0,1.0,1.682303461662891,15.748836833602585,7.0,,,14.29,7.6
2017-02-07,183.0,423.0,15.0,8.0,0.0,30.198019801980198,0.0,3.0,0.0,-0.6980802792321122,15.704895330112722,8.0,,,27.27,8.231
2017-02-08,545.0,69.0,9.0,9.0,0.0,88.76221498371335,0.0,1.0,0.0,1.0891089108911012,15.886003210272872,9.0,,,10.0,7.986
2017-02-09,469.0,138.0,17.0,7.0,1.0,77.26523887973642,1.0,3.0,0.0,0.7025799657759562,16.00485576923077,10.0,,,30.0,5.208
2017-02-10,132.0,483.0,9.0,8.0,2.0,21.463414634146343,2.0,2.0,3.0,-1.0425026752274031,15.850608974358975,11.0,,,20.0,7.025
2017-02-13,499.0,99.0,24.0,14.0,0.0,83.4448160535117,1.0,1.0,0.0,0.8770341407132654,16.091639871382636,12.0,,,6.67,10.007
2017-02-14,226.0,371.0,26.0,11.0,0.0,37.85594639865997,0.0,1.0,0.0,-0.3028009084027322,16.029775280898875,13.0,,,8.33,7.296
2017-02-15,166.0,448.0,12.0,7.0,0.0,27.035830618892508,0.0,4.0,0.0,-0.9551176792556072,15.960383386581471,13.0,,,36.36,7.761
2017-02-16,333.0,271.0,23.0,8.0,0.0,55.132450331125824,2.0,1.0,0.0,0.1042028482111884,15.948118022328547,14.0,,,11.11,10.009
2017-02-17,129.0,491.0,8.0,4.0,3.0,20.806451612903228,3.0,1.0,0.0,-1.4959634201361052,15.71485668789809,8.0,,,20.0,4.482
2017-02-20,366.0,253.0,7.0,4.0,1.0,59.12762520193861,3.0,2.0,5.0,0.44719410073740484,15.642492012779554,9.0,,,33.33,9.038
2017-02-21,569.0,44.0,14.0,6.0,0.0,92.82218597063621,0.0,1.0,0.0,1.580611169652269,15.957511961722489,10.0,,,14.29,10.014
2017-02-22,352.0,253.0,23.0,6.0,0.0,58.18181818181818,0.0,0.0,0.0,0.15652514784290944,16.04388535031847,11.0,,,0.0,8.717
2017-02-23,396.0,209.0,23.0,10.0,0.0,65.45454545454545,0.0,2.0,0.0,0.4872332259424968,16.218535031847132,12.0,,,16.67,7.245
2017-02-24,476.0,134.0,18.0,6.0,0.0,78.0327868852459,0.0,0.0,0.0,0.7912818122155003,16.455541401273884,13.0,,,0.0,4.556
2017-02-27,192.0,422.0,13.0,4.0,0.0,31.27035830618892,0.0,2.0,3.0,-0.7855822550831871,16.439968102073365,13.0,,,33.33,5.926
2017-02-28,402.0,197.0,29.0,7.0,0.0,67.1118530884808,1.0,4.0,1.0,0.4123859926413518,16.551019108280258,14.0,,,36.36,9.931
2017-03-01,310.0,293.0,28.0,6.0,1.0,51.40961857379768,2.0,1.0,1.0,0.0,16.595039619651345,15.0,,,14.29,0.923
2017-03-02,181.0,434.0,16.0,5.0,0.0,29.43089430894309,1.0,0.0,0.0,-0.725806451612902,16.58255150554675,13.0,,,0.0,6.866
2017-03-03,446.0,158.0,25.0,4.0,0.0,73.84105960264901,1.0,2.0,0.0,0.5998286203941755,16.800222575516692,14.0,,,33.33,5.136
2017-03-06,588.0,35.0,7.0,6.0,0.0,94.3820224719101,0.0,1.0,0.0,1.717021685813322,17.18998412698413,15.0,,,14.29,10.001
2017-03-07,417.0,187.0,27.0,5.0,0.0,69.03973509933775,1.0,0.0,0.0,0.4166666666666701,17.280095087163232,12.0,,,0.0,1.306
2017-03-08,170.0,451.0,11.0,5.0,0.0,27.375201288244767,0.0,1.0,0.0,-0.797507198223349,17.305601265822784,13.0,,,16.67,7.106
2017-03-09,210.0,415.0,9.0,4.0,0.0,33.6,1.0,1.0,0.0,-0.6875130522834401,17.241309148264985,5.0,,,20.0,4.567
2017-03-10,286.0,324.0,25.0,4.0,0.0,46.885245901639344,0.0,0.0,1.0,-0.083682008368199,17.295055118110238,6.0,,,0.0,5.455
2017-03-13,491.0,132.0,13.0,6.0,0.0,78.81219903691814,0.0,1.0,0.0,0.9260141819892109,17.559025157232707,7.0,,,14.29,8.893
2017-03-14,233.0,385.0,18.0,6.0,0.0,37.702265372168284,0.0,0.0,0.0,-0.3925144386065991,17.63756289308176,8.0,,,0.0,6.86
2017-03-15,259.0,353.0,25.0,6.0,0.0,42.3202614379085,1.0,1.0,0.0,-0.2008032128514013,17.668383045525903,9.0,,,14.29,7.289
2017-03-16,585.0,39.0,12.0,9.0,1.0,93.75,1.0,2.0,1.0,1.2039495808063785,17.9662106918239,10.0,,,18.18,8.414
2017-03-17,161.0,465.0,13.0,5.0,1.0,25.718849840255594,1.0,2.0,0.0,-1.0243277848911547,17.7560406885759,9.0,,,28.57,4.354
2017-03-20,432.0,193.0,12.0,6.0,0.0,69.12,1.0,0.0,0.0,0.6626173384870293,17.933940345368917,10.0,,,0.0,6.692
2017-03-21,340.0,279.0,21.0,8.0,1.0,54.92730210016155,1.0,3.0,0.0,0.15489142843697096,18.03215625,11.0,,,27.27,6.447
2017-03-22,233.0,400.0,10.0,7.0,0.0,36.808846761453395,1.0,1.0,0.0,-0.6726457399103195,18.059206842923793,12.0,,,12.5,6.285
2017-03-23,304.0,326.0,15.0,6.0,2.0,48.25396825396825,2.0,1.0,3.0,-0.0485201358563822,18.01324031007752,13.0,,,14.29,7.121
2017-03-24,347.0,284.0,17.0,6.0,1.0,54.99207606973059,1.0,1.0,0.0,0.1173870631740878,18.052083333333332,14.0,,,14.29,5.638
2017-03-27,229.0,407.0,15.0,9.0,0.0,36.0062893081761,0.0,1.0,1.0,-0.5817028027498647,17.903486943164364,15.0,,,10.0,10.004
2017-03-28,237.0,388.0,25.0,9.0,1.0,37.92,2.0,0.0,0.0,-0.3151260504201613,17.778784615384613,16.0,,,0.0,8.863
2017-03-29,101.0,544.0,7.0,6.0,4.0,15.658914728682172,11.0,1.0,3.0,-1.887158973178312,17.280199386503067,7.0,,,14.29,4.357
2017-03-30,61.0,583.0,7.0,5.0,6.0,9.472049689440993,11.0,0.0,3.0,-3.270223752151455,16.71509984639017,8.0,,,0.0,8.761
2017-03-31,412.0,218.0,21.0,5.0,3.0,65.39682539682539,5.0,1.0,2.0,0.3684598378776635,16.721981566820276,9.0,,,16.67,9.989
2017-04-05,596.0,53.0,3.0,5.0,0.0,91.83359013867488,4.0,1.0,0.0,2.0395928155434815,17.062193251533742,9.0,,,16.67,7.475
2017-04-06,361.0,263.0,30.0,6.0,1.0,57.85256410256411,1.0,2.0,0.0,0.17866044545473875,17.267874617737004,10.0,,,25.0,5.286
2017-04-07,202.0,430.0,24.0,5.0,3.0,31.962025316455694,3.0,1.0,0.0,-0.6574417965650675,17.162149390243904,11.0,,,16.67,4.921
2017-04-10,114.0,534.0,7.0,6.0,15.0,17.59259259259259,19.0,1.0,6.0,-2.941176470588242,16.505068702290075,10.0,,,14.29,7.035
2017-04-11,483.0,158.0,10.0,4.0,0.0,75.35101404056162,3.0,0.0,2.0,1.1452368558042627,16.689662058371734,11.0,,,0.0,6.166
2017-04-12,95.0,544.0,13.0,2.0,0.0,14.86697965571205,2.0,0.0,1.0,-1.5683896677274252,16.32049079754601,3.0,,,0.0,3.168
2017-04-13,417.0,206.0,31.0,4.0,1.0,66.93418940609952,2.0,1.0,0.0,0.32219095036599443,16.334418960244648,4.0,,,20.0,9.966
2017-04-14,148.0,498.0,13.0,5.0,3.0,22.910216718266255,5.0,1.0,2.0,-1.414427157001422,16.12215477996965,10.0,,,16.67,3.97
2017-04-17,116.0,539.0,3.0,5.0,23.0,17.709923664122137,33.0,1.0,6.0,-2.637452406829153,15.529088145896656,11.0,,,16.67,8.539
2017-04-18,145.0,508.0,9.0,4.0,8.0,22.2052067381317,10.0,0.0,3.0,-1.3662732259268757,15.283398791540787,12.0,,,0.0,7.999
2017-04-19,324.0,330.0,11.0,6.0,4.0,49.54128440366973,7.0,0.0,1.0,0.0,15.298751879699248,13.0,,,0.0,8.385
2017-04-20,205.0,439.0,14.0,4.0,3.0,31.832298136645964,7.0,0.0,3.0,-0.9462954106665231,15.163343465045592,7.0,,,0.0,8.794
2017-04-21,244.0,393.0,20.0,3.0,1.0,38.30455259026688,1.0,3.0,3.0,-0.369412633912085,15.051582952815828,8.0,,,50.0,10.045
2017-04-24,120.0,537.0,3.0,2.0,7.0,18.2648401826484,16.0,0.0,9.0,-3.004291845493561,14.62689393939394,9.0,,,0.0,9.967
2017-04-25,484.0,160.0,19.0,3.0,0.0,75.15527950310559,2.0,1.0,1.0,0.7756563245823329,14.74974358974359,7.0,,,25.0,7.712
2017-04-26,434.0,209.0,22.0,3.0,1.0,67.49611197511665,1.0,3.0,1.0,0.5780346820809125,14.897157894736843,6.0,,,50.0,2.719
2017-04-27,567.0,92.0,9.0,7.0,0.0,86.03945371775417,1.0,4.0,1.0,1.9175989964916549,15.23814371257485,14.0,,,36.36,9.979
2017-04-28,398.0,241.0,32.0,7.0,0.0,62.284820031298906,0.0,1.0,1.0,0.299760191846527,15.316527570789866,15.0,,,12.5,6.84
2017-05-02,275.0,370.0,24.0,6.0,2.0,42.63565891472868,3.0,4.0,3.0,-0.2254791431792511,15.32185351270553,16.0,,,40.0,8.817
2017-05-03,331.0,316.0,25.0,10.0,2.0,51.15919629057187,3.0,3.0,0.0,0.0,15.380639880952382,17.0,,,23.08,8.497
2017-05-04,232.0,418.0,24.0,7.0,0.0,35.69230769230769,0.0,0.0,1.0,-0.5132210328670244,15.280712166172108,11.0,,,0.0,4.499
2017-05-05,164.0,501.0,10.0,4.0,3.0,24.661654135338345,4.0,6.0,4.0,-1.199040767386087,15.115274074074073,7.0,,,60.0,7.804
2017-05-08,120.0,533.0,24.0,2.0,7.0,18.376722817764165,9.0,1.0,10.0,-1.8518518518518532,14.752274741506648,8.0,,,33.33,3.526
2017-05-09,543.0,122.0,12.0,3.0,0.0,81.65413533834587,6.0,0.0,0.0,1.4098201263976624,14.966041358936485,9.0,,,0.0,9.975
2017-05-10,132.0,536.0,7.0,8.0,0.0,19.760479041916167,1.0,1.0,2.0,-1.988304093567251,14.711466666666666,10.0,,,11.11,7.452
2017-05-11,324.0,337.0,16.0,3.0,1.0,49.016641452344935,4.0,1.0,2.0,0.0,14.745376661742984,11.0,,,25.0,2.96
2017-05-12,263.0,389.0,23.0,3.0,1.0,40.33742331288344,1.0,0.0,0.0,-0.3128911138923699,14.75751111111111,7.0,,,0.0,3.192
2017-05-15,327.0,316.0,29.0,4.0,2.0,50.85536547433903,2.0,4.0,1.0,0.0,14.81470238095238,2.0,,,50.0,3.69
2017-05-16,634.0,29.0,7.0,5.0,0.0,95.62594268476622,3.0,3.0,0.0,2.884773662551436,15.331059701492537,3.0,,,37.5,1.075
2017-05-17,377.0,273.0,22.0,6.0,0.0,57.99999999999999,0.0,1.0,0.0,0.20854669955674793,15.41358630952381,4.0,,,14.29,6.142
2017-05-18,211.0,439.0,23.0,3.0,5.0,32.46153846153847,6.0,1.0,4.0,-0.6768189509306266,15.315349182763743,5.0,,,25.0,5.166
2017-05-19,217.0,434.0,23.0,4.0,0.0,33.33333333333333,1.0,1.0,0.0,-0.7435145629350567,15.18612759643917,6.0,,,20.0,10.005
2017-05-22,84.0,588.0,5.0,4.0,5.0,12.5,16.0,2.0,23.0,-3.448275862068969,14.632909896602659,7.0,,,33.33,2.665
2017-05-23,57.0,615.0,4.0,2.0,11.0,8.482142857142858,18.0,0.0,27.0,-4.296744357953857,14.012500000000001,2.0,,,0.0,4.159
2017-05-24,525.0,137.0,16.0,4.0,6.0,79.30513595166163,9.0,2.0,1.0,1.2536850601078962,14.147138643067846,3.0,,,33.33,10.045
2017-05-25,395.0,248.0,35.0,2.0,3.0,61.4307931570762,5.0,1.0,0.0,0.33224058191772377,14.158554572271386,4.0,,,33.33,2.985
2017-05-26,380.0,276.0,25.0,7.0,1.0,57.92682926829268,2.0,1.0,2.0,0.1821493624772274,14.229280469897208,5.0,,,12.5,5.857
2017-05-31,274.0,375.0,33.0,3.0,0.0,42.21879815100154,1.0,8.0,9.0,-0.1849988793131433,14.172639296187683,6.0,,,72.73,2.914
2017-06-01,31.0,644.0,7.0,4.0,17.0,4.592592592592593,21.0,0.0,12.0,-4.480746365791814,13.521642228739003,7.0,,,0.0,3.505
2017-06-02,573.0,90.0,19.0,7.0,0.0,86.42533936651584,6.0,1.0,0.0,2.0936334629607924,13.816803519061583,4.0,,,12.5,3.645
2017-06-05,561.0,101.0,21.0,6.0,0.0,84.74320241691842,0.0,1.0,0.0,0.9575923392612898,13.985007320644216,5.0,,,14.29,5.101
2017-06-06,429.0,221.0,33.0,6.0,1.0,66.0,2.0,2.0,1.0,0.3389830508474571,14.03389458272328,6.0,,,25.0,5.679
2017-06-07,679.0,4.0,2.0,18.0,1.0,99.41434846266472,1.0,2.0,0.0,3.042328042328048,14.503372262773722,7.0,,,10.0,10.002
2017-06-08,192.0,463.0,27.0,7.0,2.0,29.312977099236644,2.0,4.0,1.0,-0.6406152532913099,14.41357771260997,5.0,,,36.36,3.075
2017-06-09,307.0,351.0,26.0,4.0,1.0,46.6565349544073,1.0,1.0,1.0,-0.0979281425584419,14.390745614035088,6.0,,,20.0,3.981
2017-06-12,67.0,614.0,3.0,3.0,2.0,9.838472834067549,3.0,1.0,2.0,-3.039993035372273,13.970087719298247,7.0,,,25.0,5.66
2017-06-13,641.0,35.0,8.0,13.0,0.0,94.8224852071006,1.0,4.0,0.0,2.2628818155866357,14.361140350877193,6.0,,,23.53,4.717
2017-06-14,361.0,300.0,26.0,6.0,2.0,54.61422087745839,2.0,5.0,1.0,0.1262626262626235,14.432066957787482,7.0,,,45.45,3.27
2017-06-15,621.0,61.0,4.0,5.0,0.0,91.0557184750733,1.0,2.0,0.0,1.978241302391115,14.732755102040816,8.0,,,28.57,5.141
2017-06-16,185.0,473.0,33.0,5.0,1.0,28.11550151975684,1.0,3.0,1.0,-0.6369426751592334,14.673863965267728,9.0,,,37.5,4.871
2017-06-19,457.0,203.0,29.0,4.0,2.0,69.24242424242424,3.0,1.0,0.0,0.3722084367245578,14.709912917271406,10.0,,,20.0,6.016
2017-06-20,257.0,406.0,28.0,2.0,1.0,38.763197586727,1.0,1.0,0.0,-0.3137747097583979,14.692344428364688,3.0,,,33.33,4.139
2017-06-21,282.0,380.0,34.0,3.0,1.0,42.59818731117825,2.0,0.0,1.0,-0.22288273817901344,14.633505747126437,3.0,,,0.0,3.656
2017-06-22,61.0,629.0,4.0,5.0,1.0,8.840579710144928,2.0,1.0,0.0,-2.781451782442862,14.288991354466859,4.0,,,16.67,5.446
2017-06-23,316.0,348.0,34.0,3.0,0.0,47.59036144578313,3.0,0.0,0.0,0.0,14.291375358166189,5.0,,,0.0,2.025
2017-06-26,584.0,97.0,17.0,5.0,0.0,85.75624082232012,0.0,1.0,1.0,1.0094641242182236,14.49577363896848,6.0,,,16.67,10.001
2017-06-27,301.0,358.0,39.0,4.0,0.0,45.6752655538695,0.0,1.0,0.0,-0.09732638961245416,14.52525787965616,7.0,,,20.0,7.675
2017-06-28,125.0,566.0,8.0,7.0,0.0,18.08972503617945,1.0,0.0,0.0,-1.500000000000001,14.332532188841203,8.0,,,0.0,8.26
2017-06-29,472.0,197.0,30.0,4.0,0.0,70.55306427503737,0.0,1.0,0.0,0.4385964912280803,14.399427753934193,7.0,,,20.0,7.263
2017-06-30,413.0,260.0,26.0,4.0,0.0,61.36701337295691,0.0,2.0,1.0,0.3236245954692631,14.457267525035764,8.0,,,33.33,10.054
2017-07-03,568.0,111.0,20.0,5.0,0.0,83.65243004418262,0.0,0.0,0.0,1.0603048376408226,14.638783977110158,7.0,,,0.0,8.327
2017-07-04,260.0,413.0,27.0,4.0,0.0,38.632986627043095,0.0,1.0,0.0,-0.35155275262832975,14.586671428571428,8.0,,,20.0,6.388
2017-07-05,578.0,110.0,13.0,6.0,0.0,84.01162790697676,0.0,0.0,1.0,0.8611955420466145,14.782767475035662,9.0,,,0.0,6.868
2017-07-06,308.0,365.0,27.0,5.0,0.0,45.76523031203566,0.0,1.0,0.0,-0.1283152918246917,14.862,10.0,,,16.67,8.747
2017-07-07,436.0,231.0,34.0,4.0,1.0,65.36731634182908,1.0,6.0,0.0,0.3717472118959194,15.033865905848787,8.0,,,60.0,5.094
2017-07-10,109.0,579.0,11.0,1.0,3.0,15.843023255813954,5.0,0.0,1.0,-2.075471698113197,14.741874105865522,1.0,,,0.0,0.966
2017-07-11,85.0,605.0,9.0,1.0,2.0,12.318840579710146,3.0,1.0,2.0,-1.807228915662652,14.442246065808297,2.0,,,50.0,9.983
2017-07-12,376.0,308.0,18.0,4.0,0.0,54.97076023391813,0.0,0.0,1.0,0.2138279469926113,14.531566951566951,3.0,,,0.0,10.041
2017-07-13,162.0,514.0,24.0,4.0,0.0,23.964497041420117,2.0,2.0,0.0,-0.9228213898624802,14.349857142857143,4.0,,,33.33,3.03
2017-07-14,172.0,515.0,15.0,3.0,0.0,25.036390101892287,0.0,1.0,3.0,-0.894855083746692,14.150669515669517,3.0,,,25.0,2.192
2017-07-17,17.0,685.0,1.0,2.0,62.0,2.4216524216524213,90.0,0.0,48.0,-8.997722095671973,13.10375533428165,4.0,,,0.0,4.47
2017-07-18,464.0,214.0,23.0,5.0,1.0,68.43657817109144,3.0,2.0,0.0,0.6366530241018671,13.149971469329529,3.0,,,28.57,0.619
2017-07-19,437.0,239.0,26.0,3.0,0.0,64.64497041420118,1.0,2.0,0.0,0.31904500213714393,13.217250712250712,2.0,,,40.0,5.763
2017-07-20,262.0,409.0,34.0,2.0,0.0,39.046199701937404,0.0,0.0,0.0,-0.2421307506053217,13.193659574468086,3.0,,,0.0,2.588
2017-07-21,222.0,459.0,25.0,2.0,0.0,32.59911894273127,0.0,1.0,0.0,-0.6056104929696857,13.137181303116147,4.0,,,33.33,5.871
2017-07-24,465.0,213.0,30.0,3.0,0.0,68.58407079646017,1.0,1.0,0.0,0.6816612901084607,13.20473163841808,5.0,,,25.0,6.841
2017-07-25,336.0,351.0,20.0,4.0,0.0,48.90829694323144,0.0,0.0,0.0,0.0,13.237892503536068,6.0,,,0.0,10.025
2017-07-26,251.0,426.0,30.0,4.0,0.0,37.07533234859675,0.0,1.0,0.0,-0.432900432900439,13.231739745403113,7.0,,,20.0,7.388
2017-07-27,686.0,21.0,1.0,3.0,0.0,97.02970297029702,0.0,2.0,0.0,3.5924108093934994,13.763700564971753,4.0,,,40.0,5.387
2017-07-28,148.0,550.0,11.0,2.0,0.0,21.20343839541547,0.0,1.0,0.0,-1.258992805755385,13.644033850493654,5.0,,,33.33,0.419
2017-07-31,378.0,292.0,44.0,1.0,0.0,56.4179104477612,0.0,1.0,0.0,0.1190127149912795,13.67750700280112,6.0,,,50.0,9.389
2017-08-01,387.0,304.0,28.0,4.0,0.0,56.00578871201157,0.0,2.0,0.0,0.1195457262402843,13.687482614742697,7.0,,,33.33,10.008
2017-08-02,117.0,601.0,4.0,6.0,0.0,16.295264623955433,0.0,2.0,0.0,-1.7877173391286274,13.499473684210528,8.0,,,25.0,9.308
2017-08-03,539.0,160.0,24.0,3.0,0.0,77.1101573676681,0.0,4.0,0.0,0.735835172921263,13.579280774550483,3.0,,,57.14,4.853
2017-08-04,161.0,548.0,13.0,3.0,0.0,22.708039492242595,0.0,2.0,0.0,-1.0118072618072627,13.462326869806093,4.0,,,40.0,7.357
2017-08-07,542.0,161.0,22.0,2.0,1.0,77.0981507823613,4.0,2.0,1.0,0.6535947712418161,13.594689655172413,3.0,,,50.0,4.865
2017-08-08,475.0,225.0,24.0,3.0,0.0,67.85714285714286,0.0,0.0,0.0,0.5001894250770221,13.70049723756906,4.0,,,0.0,9.986
2017-08-09,292.0,407.0,29.0,1.0,0.0,41.77396280400572,1.0,1.0,0.0,-0.2868222985107341,13.755206043956045,5.0,,,50.0,3.604
2017-08-10,146.0,582.0,4.0,1.0,1.0,20.054945054945055,1.0,1.0,0.0,-1.5881913823241671,13.584562841530055,1.0,,,50.0,5.022
2017-08-11,165.0,555.0,12.0,1.0,0.0,22.916666666666664,0.0,2.0,1.0,-0.9429516476090567,13.459685792349726,2.0,,,66.67,9.965
2017-08-14,715.0,17.0,0.0,1.0,0.0,97.6775956284153,0.0,0.0,0.0,2.447761939236592,13.813497267759562,3.0,,,0.0,10.008
2017-08-15,471.0,228.0,34.0,0.0,0.0,67.38197424892704,0.0,3.0,0.0,0.4728132387706895,13.945197817189632,0.0,,,100.0,5.086
2017-08-16,616.0,105.0,11.0,1.0,1.0,85.43689320388349,1.0,2.0,0.0,1.506006746564618,14.201174863387978,1.0,,,66.67,
2017-08-17,446.0,250.0,32.0,2.0,0.0,64.08045977011494,0.0,1.0,0.0,0.35202541109215674,14.29451923076923,1.0,,,33.33,3.585
2017-08-18,135.0,580.0,16.0,4.0,0.0,18.88111888111888,1.0,1.0,0.0,-1.2517385257301912,14.151053351573188,1.0,,,20.0,-2.447
2017-08-21,557.0,150.0,27.0,5.0,0.0,78.78359264497878,0.0,1.0,0.0,0.7659901544888545,14.340640326975478,2.0,,,16.67,6.018
2017-08-22,191.0,532.0,11.0,5.0,0.0,26.41770401106501,0.0,3.0,0.0,-1.0204096338313962,14.25866485013624,3.0,,,37.5,0.872
2017-08-23,357.0,353.0,29.0,6.0,0.0,50.28169014084507,0.0,2.0,0.0,0.0,14.272611637347767,4.0,,,25.0,2.177
2017-08-24,185.0,541.0,12.0,6.0,0.0,25.482093663911847,0.0,4.0,5.0,-0.9994124559341888,14.147357723577235,5.0,,,40.0,5.803
2017-08-25,669.0,59.0,10.0,8.0,0.0,91.8956043956044,0.0,4.0,0.0,1.4047786509064961,14.415663956639566,6.0,,,33.33,8.407
2017-08-28,691.0,43.0,7.0,13.0,0.0,94.141689373297,0.0,5.0,0.0,1.9698725376593271,14.798947368421054,7.0,,,27.78,6.374
2017-08-29,288.0,436.0,18.0,4.0,0.0,39.77900552486188,0.0,4.0,5.0,-0.40312423823840127,14.797506738544474,8.0,,,50.0,3.064
2017-08-30,264.0,451.0,27.0,5.0,0.0,36.92307692307693,0.0,1.0,0.0,-0.380469398390312,14.781536388140161,7.0,,,16.67,5.614
2017-08-31,562.0,153.0,26.0,12.0,0.0,78.6013986013986,0.0,1.0,0.0,0.991999999999996,15.081120107962214,8.0,,,7.69,6.437
2017-09-01,469.0,251.0,27.0,5.0,0.0,65.13888888888889,0.0,4.0,0.0,0.4151838671411642,15.109062918340026,9.0,,,44.44,5.022
2017-09-04,429.0,301.0,16.0,5.0,1.0,58.76712328767123,1.0,0.0,0.0,0.39461049353346056,15.182761394101878,10.0,,,0.0,3.627
2017-09-05,383.0,341.0,26.0,4.0,1.0,52.90055248618785,1.0,2.0,0.0,0.0805409039197485,15.347186666666666,7.0,,,33.33,2.381
2017-09-06,438.0,294.0,16.0,6.0,0.0,59.83606557377049,0.0,1.0,0.0,0.31400966183574774,15.48427807486631,8.0,,,14.29,7.818
2017-09-07,316.0,408.0,24.0,7.0,0.0,43.646408839779006,0.0,5.0,1.0,-0.2605873145755797,15.492767379679144,9.0,,,41.67,5.468
2017-09-08,347.0,378.0,21.0,2.0,0.0,47.86206896551724,1.0,2.0,2.0,-0.07201039542327435,15.471648793565684,8.0,,,50.0,1.869
2017-09-11,555.0,170.0,19.0,7.0,0.0,76.55172413793103,0.0,2.0,0.0,1.0106017468108908,15.584717741935485,2.0,,,22.22,10.005
2017-09-12,166.0,565.0,10.0,1.0,3.0,22.70861833105335,4.0,2.0,4.0,-1.4955134596211224,15.261929824561404,3.0,,,66.67,0.308
2017-09-13,485.0,244.0,15.0,3.0,0.0,66.52949245541838,0.0,0.0,0.0,0.4307359307359343,15.344072580645161,10.0,,,0.0,10.02
2017-09-14,253.0,471.0,21.0,5.0,0.0,34.944751381215475,0.0,0.0,0.0,-0.5131964809384185,15.337919463087248,11.0,,,0.0,9.978
2017-09-15,235.0,492.0,19.0,4.0,0.0,32.32462173314993,1.0,1.0,0.0,-0.7767908977459288,15.279436997319033,12.0,,,20.0,6.656
2017-09-18,554.0,165.0,30.0,6.0,1.0,77.05146036161335,1.0,3.0,3.0,0.7157464212678966,15.63596795727637,12.0,,,33.33,1.53
2017-09-19,291.0,450.0,14.0,3.0,0.0,39.27125506072874,0.0,0.0,0.0,-0.4154302670623161,15.722331125827816,2.0,,,0.0,3.775
2017-09-20,610.0,135.0,15.0,4.0,0.0,81.87919463087249,0.0,2.0,0.0,0.9152366193643753,15.940092105263156,3.0,,,33.33,5.69
2017-09-21,191.0,555.0,14.0,4.0,0.0,25.603217158176943,0.0,0.0,3.0,-1.1310389695831113,15.786131578947368,4.0,,,0.0,6.509
2017-09-22,374.0,376.0,11.0,4.0,0.0,49.86666666666667,1.0,3.0,1.0,0.0,15.836872536136664,5.0,,,42.86,5.988
2017-09-25,211.0,541.0,12.0,6.0,1.0,28.058510638297875,2.0,1.0,3.0,-1.31438772278368,15.754267015706807,6.0,,,14.29,10.016
2017-09-26,271.0,479.0,16.0,6.0,3.0,36.13333333333333,5.0,1.0,9.0,-0.8793969849246267,15.601827676240209,7.0,,,14.29,2.507
2017-09-27,604.0,138.0,23.0,4.0,0.0,81.40161725067385,0.0,2.0,0.0,0.8498583569405169,15.783490196078432,3.0,,,33.33,5.294
2017-09-28,235.0,521.0,10.0,3.0,0.0,31.084656084656086,0.0,1.0,0.0,-0.7635067387958736,15.734360313315927,4.0,,,25.0,6.409
2017-09-29,590.0,164.0,17.0,3.0,0.0,78.24933687002653,2.0,3.0,4.0,0.87383943200437,15.88632944228275,8.0,,,50.0,7.776
2017-10-09,605.0,149.0,17.0,4.0,2.0,80.23872679045093,2.0,4.0,2.0,1.1035207566999332,16.069740596627756,9.0,,,50.0,3.704
2017-10-10,612.0,143.0,15.0,4.0,0.0,81.05960264900662,0.0,3.0,0.0,1.608086462076789,16.393064935064935,10.0,,,42.86,7.581
2017-10-11,203.0,548.0,18.0,4.0,1.0,27.030625832223702,1.0,7.0,1.0,-1.0542168674698704,16.211326397919375,8.0,,,63.64,9.513
2017-10-12,325.0,419.0,25.0,5.0,0.0,43.68279569892473,2.0,1.0,0.0,-0.2544529262086573,16.19884265279584,9.0,,,16.67,2.453
2017-10-13,496.0,244.0,28.0,7.0,0.0,67.02702702702703,0.0,4.0,2.0,0.5779822433773252,16.339401041666665,10.0,,,36.36,9.985
2017-10-16,90.0,681.0,0.0,4.0,1.0,11.673151750972762,3.0,2.0,4.0,-3.498542274052481,15.809234760051881,11.0,,,33.33,0.566
2017-10-17,428.0,310.0,34.0,7.0,0.0,57.994579945799465,3.0,3.0,0.0,0.21352583586626314,15.855284974093266,7.0,,,30.0,6.771
2017-10-18,148.0,605.0,19.0,5.0,0.0,19.654714475431607,0.0,1.0,1.0,-1.558573148046827,15.63770725388601,8.0,,,16.67,5.469
2017-10-19,276.0,485.0,12.0,5.0,0.0,36.26806833114323,0.0,2.0,0.0,-0.813786500718055,15.590530401034929,9.0,,,28.57,8.362
2017-10-20,631.0,128.0,14.0,4.0,1.0,83.13570487483531,2.0,0.0,0.0,1.176470588235295,15.75366106080207,5.0,,,0.0,5.009
2017-10-23,583.0,164.0,29.0,8.0,0.0,78.045515394913,0.0,5.0,0.0,0.7915581058996148,15.958324742268042,6.0,,,38.46,7.494
2017-10-24,198.0,567.0,12.0,5.0,1.0,25.882352941176475,1.0,4.0,3.0,-1.0215053763440929,15.824864864864866,10.0,,,44.44,6.841
2017-10-25,635.0,124.0,18.0,5.0,0.0,83.6627140974967,0.0,2.0,0.0,1.0189228529839924,16.041093951093952,11.0,,,28.57,7.044
2017-10-26,437.0,311.0,28.0,5.0,3.0,58.42245989304813,3.0,0.0,0.0,0.2565325744553104,16.1359793814433,8.0,,,0.0,5.242
2017-10-27,199.0,558.0,23.0,4.0,0.0,26.28797886393659,1.0,2.0,0.0,-1.0353804181765236,15.965179487179487,9.0,,,33.33,4.612
2017-10-30,111.0,668.0,4.0,4.0,4.0,14.249037227214378,10.0,1.0,4.0,-3.870458135860981,15.451915708812262,10.0,,,20.0,9.997
2017-10-31,607.0,156.0,23.0,5.0,0.0,79.55439056356488,0.0,0.0,1.0,0.9796309180809093,15.653638676844784,11.0,,,0.0,9.986
2017-11-01,445.0,309.0,32.0,5.0,0.0,59.01856763925729,0.0,1.0,0.0,0.29817869828272076,15.839923664122137,12.0,,,16.67,7.323
2017-11-02,214.0,569.0,8.0,5.0,0.0,27.330779054916988,1.0,1.0,1.0,-1.3134328358208889,15.72403286978508,5.0,,,16.67,3.74
2017-11-03,282.0,494.0,16.0,6.0,0.0,36.340206185567006,1.0,2.0,0.0,-0.7104021855423164,15.643497474747475,8.0,,,25.0,5.712
2017-11-06,663.0,111.0,16.0,5.0,1.0,85.65891472868216,1.0,1.0,1.0,1.3841750694299932,15.93926582278481,9.0,,,16.67,7.084
2017-11-07,418.0,342.0,33.0,6.0,0.0,55.00000000000001,1.0,1.0,0.0,0.1396648044692707,15.995472887767969,10.0,,,14.29,10.043
2017-11-08,464.0,291.0,38.0,9.0,0.0,61.45695364238411,0.0,1.0,1.0,0.3039513677811665,16.09063051702396,11.0,,,10.0,7.249
2017-11-09,505.0,262.0,26.0,4.0,0.0,65.84093872229465,0.0,2.0,0.0,0.4552352048558459,16.199029003783103,12.0,,,33.33,4.182
2017-11-10,404.0,372.0,21.0,5.0,0.0,52.0618556701031,0.0,3.0,0.0,0.0562113546936569,16.311267252195734,13.0,,,37.5,7.157
2017-11-13,399.0,381.0,19.0,7.0,0.0,51.153846153846146,0.0,1.0,1.0,0.0,16.425068836045057,14.0,,,12.5,8.175
2017-11-14,208.0,573.0,15.0,4.0,0.0,26.632522407170296,0.0,1.0,1.0,-1.3200197982226318,16.232788944723616,15.0,,,20.0,3.003
2017-11-15,232.0,542.0,21.0,2.0,5.0,29.97416020671835,6.0,1.0,4.0,-1.1009174311926586,15.931358490566039,9.0,,,33.33,1.439
2017-11-16,245.0,523.0,26.0,3.0,3.0,31.901041666666668,6.0,2.0,3.0,-0.7147113911118712,15.465201511335014,10.0,,,40.0,5.773
2017-11-17,65.0,731.0,2.0,2.0,20.0,8.165829145728644,36.0,1.0,52.0,-5.572091994692614,14.666829573934836,11.0,,,33.33,2.649
2017-11-20,485.0,296.0,13.0,4.0,3.0,62.099871959026885,11.0,3.0,2.0,0.7423724296397892,14.918035264483628,2.0,,,42.86,6.686
2017-11-21,222.0,552.0,21.0,4.0,3.0,28.68217054263566,8.0,3.0,2.0,-0.9150326797385656,14.797006289308177,3.0,,,42.86,4.062
2017-11-22,375.0,401.0,22.0,2.0,0.0,48.324742268041234,2.0,1.0,0.0,-0.0527371262429639,14.84922305764411,4.0,,,33.33,1.419
2017-11-23,71.0,720.0,9.0,6.0,1.0,8.97597977243995,6.0,1.0,3.0,-2.433780548906079,14.776575000000001,5.0,,,14.29,10.013
2017-11-24,382.0,380.0,39.0,6.0,2.0,50.13123359580053,2.0,1.0,5.0,0.0,14.659550561797753,6.0,,,14.29,5.693
2017-11-27,198.0,582.0,22.0,3.0,5.0,25.384615384615383,12.0,1.0,7.0,-0.9912030879457852,14.326184538653367,7.0,,,25.0,4.299
2017-11-28,740.0,57.0,5.0,2.0,1.0,92.84818067754078,2.0,0.0,0.0,1.6753237893834192,14.633167082294264,5.0,,,0.0,6.386
2017-11-29,241.0,542.0,17.0,4.0,1.0,30.779054916985952,1.0,1.0,0.0,-0.7273614630055409,14.523387499999998,6.0,,,20.0,5.0
2017-11-30,341.0,416.0,43.0,4.0,0.0,45.04623513870541,1.0,3.0,2.0,-0.1345258213583913,14.52165,8.0,,,42.86,6.374
2017-12-01,679.0,100.0,20.0,3.0,0.0,87.16302952503209,0.0,0.0,0.0,1.2315270935960767,14.739974968710888,9.0,,,0.0,3.312
2017-12-04,104.0,686.0,8.0,2.0,14.0,13.164556962025317,17.0,1.0,7.0,-2.6391181027986796,14.26295739348371,1.0,,,33.33,-5.096
2017-12-05,80.0,714.0,7.0,2.0,3.0,10.075566750629724,9.0,2.0,4.0,-3.4782608695652013,13.788127340823971,2.0,,,50.0,1.003
2017-12-06,692.0,98.0,13.0,7.0,0.0,87.59493670886076,3.0,0.0,0.0,1.8099547511312235,14.031544209215442,3.0,,,0.0,10.003
2017-12-07,347.0,421.0,37.0,3.0,0.0,45.18229166666667,2.0,4.0,0.0,-0.1013171225937161,14.013552795031055,2.0,,,57.14,3.671
2017-12-08,688.0,96.0,20.0,5.0,0.0,87.75510204081633,0.0,2.0,0.0,1.3669702802006214,14.285360696517413,3.0,,,28.57,4.063
2017-12-11,637.0,139.0,31.0,3.0,0.0,82.08762886597938,0.0,3.0,0.0,0.8160703075957251,14.458971499380421,4.0,,,50.0,2.921
2017-12-12,126.0,669.0,9.0,2.0,0.0,15.849056603773585,0.0,0.0,0.0,-1.8365472910927556,14.192363184079602,5.0,,,0.0,5.879
2017-12-13,615.0,160.0,28.0,2.0,0.0,79.35483870967742,0.0,0.0,0.0,0.8771929824561412,14.336911581569115,6.0,,,0.0,10.019
2017-12-14,355.0,408.0,42.0,7.0,0.0,46.52686762778506,0.0,1.0,0.0,-0.0643500643500629,14.401813664596272,7.0,,,12.5,9.979
2017-12-15,343.0,442.0,23.0,7.0,2.0,43.69426751592357,2.0,2.0,1.0,-0.19747666539303865,14.340049504950496,8.0,,,22.22,3.706
2017-12-18,199.0,589.0,18.0,2.0,1.0,25.253807106598984,1.0,2.0,1.0,-1.0734113759802635,14.174590570719602,9.0,,,50.0,2.026
2017-12-19,628.0,151.0,28.0,3.0,1.0,80.61617458279846,2.0,0.0,1.0,0.7692307692307756,14.3320322180917,4.0,,,0.0,10.006
2017-12-20,126.0,666.0,18.0,3.0,0.0,15.909090909090908,3.0,3.0,2.0,-1.707375007085383,14.143567901234567,5.0,,,50.0,6.657
2017-12-21,398.0,380.0,33.0,5.0,1.0,51.156812339331616,2.0,0.0,0.0,0.0,14.240320591861899,6.0,,,0.0,10.018
2017-12-22,281.0,496.0,34.0,3.0,2.0,36.16473616473617,2.0,1.0,1.0,-0.5174644243208283,14.18075215782984,7.0,,,25.0,6.366
2017-12-25,176.0,626.0,10.0,5.0,1.0,21.94513715710723,3.0,3.0,0.0,-1.8085559927593502,13.974704433497536,10.0,,,37.5,7.792
2017-12-26,663.0,133.0,16.0,11.0,0.0,83.29145728643216,1.0,2.0,1.0,1.3333341535311973,14.201945812807882,11.0,,,15.38,9.986
2017-12-27,266.0,514.0,33.0,7.0,0.0,34.1025641025641,0.0,3.0,1.0,-0.5755395683453285,14.137564575645756,12.0,,,30.0,6.581
2017-12-28,472.0,295.0,44.0,8.0,1.0,61.53846153846154,1.0,4.0,1.0,0.2862595419847267,14.172860665844636,13.0,,,33.33,6.277
2017-12-29,588.0,192.0,31.0,7.0,0.0,75.38461538461539,2.0,1.0,2.0,0.7870142646335473,14.271183723797781,14.0,,,12.5,5.995
2018-01-02,572.0,207.0,36.0,9.0,0.0,73.42747111681643,0.0,1.0,0.0,0.4357298474945635,14.329460122699388,15.0,,,10.0,4.924
2018-01-03,561.0,224.0,30.0,4.0,2.0,71.46496815286623,3.0,3.0,0.0,0.6441223832528187,14.427828220858895,9.0,,,42.86,2.435
2018-01-04,255.0,530.0,29.0,4.0,1.0,32.48407643312102,1.0,3.0,2.0,-0.4154284491476562,14.452125307125307,13.0,,,42.86,7.739
2018-01-05,337.0,435.0,45.0,4.0,1.0,43.652849740932645,2.0,2.0,1.0,-0.1404494382022442,14.418310893512853,6.0,,,33.33,6.705
2018-01-08,289.0,505.0,26.0,11.0,0.0,36.39798488664987,1.0,3.0,1.0,-0.4728948820926545,14.380560975609756,7.0,,,21.43,7.857
2018-01-09,355.0,432.0,31.0,12.0,0.0,45.10800508259212,0.0,1.0,0.0,-0.13451657258647845,14.429339853300734,8.0,,,7.69,5.289
2018-01-10,193.0,607.0,19.0,7.0,0.0,24.125,3.0,1.0,0.0,-1.3125512715340455,14.287216117216117,9.0,,,12.5,4.74
2018-01-11,649.0,149.0,21.0,8.0,0.0,81.32832080200501,0.0,5.0,1.0,1.1338857392062869,14.463125763125761,5.0,,,38.46,7.074
2018-01-12,188.0,601.0,31.0,3.0,2.0,23.827629911280102,2.0,3.0,3.0,-0.897038433514193,14.328036585365853,5.0,,,50.0,3.47
2018-01-15,102.0,709.0,10.0,4.0,3.0,12.577065351418002,6.0,3.0,3.0,-3.4602076124567507,13.882399512789283,6.0,,,42.86,2.138
2018-01-16,543.0,243.0,34.0,9.0,0.0,69.08396946564885,1.0,3.0,3.0,0.5427890011223309,13.981841463414636,7.0,,,25.0,10.019
2018-01-17,551.0,241.0,29.0,7.0,2.0,69.57070707070707,3.0,7.0,3.0,0.8324661810613951,14.105420219244822,2.0,,,50.0,-0.211
2018-01-18,322.0,462.0,35.0,8.0,0.0,41.07142857142857,0.0,0.0,0.0,-0.2084418968212751,14.16884004884005,3.0,,,0.0,5.888
2018-01-19,324.0,457.0,40.0,7.0,0.0,41.48527528809219,0.0,5.0,1.0,-0.2762430939226583,14.174993909866018,4.0,,,41.67,4.853
2018-01-22,509.0,283.0,25.0,2.0,10.0,64.26767676767676,13.0,3.0,3.0,0.5698005698005704,14.176009791921663,5.0,,,60.0,-1.327
2018-01-23,367.0,416.0,38.0,8.0,1.0,46.87100893997446,3.0,3.0,2.0,-0.0811688311688294,14.196285018270402,6.0,,,27.27,3.997
2018-01-24,690.0,124.0,10.0,2.0,1.0,84.76658476658476,2.0,4.0,2.0,1.3019587531782628,14.435473300970873,7.0,,,66.67,2.502
2018-01-25,236.0,560.0,28.0,2.0,2.0,29.64824120603015,4.0,2.0,5.0,-0.7107801862053973,14.324381067961166,8.0,,,50.0,5.437
2018-01-26,237.0,557.0,30.0,1.0,0.0,29.848866498740556,1.0,1.0,2.0,-0.7258295822382501,14.19127427184466,1.0,,,50.0,-4.724
2018-01-29,177.0,639.0,9.0,2.0,2.0,21.691176470588236,3.0,1.0,6.0,-1.5437392795883338,13.981866666666667,1.0,,,33.33,-2.779
2018-01-30,374.0,423.0,29.0,2.0,0.0,46.92597239648683,0.0,0.0,3.0,-0.08059599153035785,13.915823244552056,9.0,,,0.0,5.647
2018-01-31,81.0,739.0,5.0,2.0,10.0,9.878048780487806,16.0,2.0,9.0,-3.604763437399424,13.363769696969698,1.0,,,50.0,-2.606
2018-02-01,79.0,740.0,4.0,2.0,18.0,9.645909645909647,37.0,2.0,51.0,-4.278222467568306,12.868602673147024,1.0,,,50.0,-3.855
2018-02-02,247.0,538.0,29.0,0.0,10.0,31.46496815286624,23.0,4.0,3.0,-1.1904761904761898,12.689176904176904,0.0,,,100.0,0.029
2018-02-05,179.0,600.0,23.0,0.0,14.0,22.978177150192554,16.0,0.0,6.0,-1.2699060609668305,12.3835536159601,0.0,,,,
2018-02-06,32.0,764.0,5.0,4.0,59.0,4.0201005025125625,74.0,1.0,29.0,-7.309862940069871,11.595243445692885,1.0,,,20.0,
2018-02-07,632.0,144.0,22.0,4.0,4.0,81.44329896907216,10.0,4.0,6.0,1.4502641145930286,11.756278195488722,2.0,,,50.0,4.46
2018-02-08,700.0,86.0,12.0,6.0,2.0,89.05852417302799,4.0,5.0,0.0,1.7331743781818307,12.007656641604012,2.0,,,45.45,2.825
2018-02-09,97.0,691.0,11.0,0.0,8.0,12.30964467005076,18.0,2.0,2.0,-2.8599605522682534,11.676120150187733,0.0,,,100.0,-1.699
2018-02-12,779.0,18.0,7.0,8.0,1.0,97.74153074027603,1.0,4.0,0.0,2.991053598530242,12.108756218905473,1.0,,,33.33,
2018-02-13,264.0,512.0,29.0,3.0,1.0,34.02061855670103,2.0,1.0,6.0,-0.5444646098003514,12.041689440993789,2.0,,,25.0,2.362
2018-02-14,352.0,414.0,44.0,2.0,2.0,45.95300261096606,2.0,1.0,2.0,-0.11449961898925495,11.97604938271605,1.0,,,33.33,-3.563
2018-02-22,760.0,42.0,13.0,0.0,1.0,94.76309226932669,2.0,4.0,2.0,1.650456822870623,12.199717791411043,0.0,,,100.0,-1.334
2018-02-23,437.0,345.0,39.0,2.0,1.0,55.88235294117647,1.0,4.0,0.0,0.1463057790782704,12.25225334957369,1.0,,,66.67,
2018-02-26,809.0,13.0,3.0,5.0,1.0,98.41849148418491,2.0,6.0,0.0,3.1102733270499536,12.73361212121212,1.0,,,54.55,7.042
2018-02-27,544.0,246.0,37.0,4.0,1.0,68.86075949367088,2.0,3.0,0.0,0.579150579150584,12.857097944377267,2.0,,,42.86,5.067
2018-02-28,368.0,422.0,35.0,2.0,1.0,46.58227848101266,1.0,3.0,1.0,-0.1187648456056981,12.848436363636363,3.0,,,60.0,1.911
2018-03-01,754.0,51.0,17.0,6.0,0.0,93.66459627329192,0.0,2.0,0.0,1.8523700205875673,13.140243309002434,4.0,,,25.0,8.39
2018-03-02,200.0,605.0,21.0,3.0,0.0,24.84472049689441,0.0,1.0,0.0,-1.1028833082921894,13.088910411622276,5.0,,,25.0,2.411
2018-03-05,641.0,162.0,21.0,9.0,0.0,79.82565379825654,0.0,4.0,0.0,1.1411099896577084,13.348216019417476,6.0,,,30.77,9.988
2018-03-06,548.0,243.0,30.0,8.0,0.0,69.27939317319847,1.0,2.0,0.0,0.6259780907668238,13.494323995127893,7.0,,,20.0,4.921
2018-03-07,273.0,536.0,12.0,9.0,1.0,33.74536464771323,2.0,5.0,1.0,-0.7785467128027669,13.479025578562728,8.0,,,35.71,2.719
2018-03-08,634.0,159.0,28.0,10.0,0.0,79.94955863808323,0.0,7.0,0.0,1.162790697674417,13.708769792935444,9.0,,,41.18,6.523
2018-03-09,757.0,56.0,7.0,6.0,0.0,93.1119311193112,0.0,4.0,0.0,2.5302131219821464,14.044548780487805,5.0,,,40.0,3.92
2018-03-12,718.0,86.0,17.0,4.0,0.0,89.30348258706468,0.0,3.0,1.0,1.3806706114398302,14.32611449451888,3.0,,,42.86,3.015
2018-03-13,240.0,562.0,17.0,4.0,1.0,29.925187032418954,1.0,2.0,0.0,-1.060752169720342,14.193956043956044,10.0,,,33.33,1.166
2018-03-14,144.0,666.0,9.0,1.0,0.0,17.77777777777778,0.0,4.0,0.0,-1.6000000000000014,13.9889010989011,1.0,,,80.0,-2.045
2018-03-15,187.0,618.0,12.0,1.0,1.0,23.229813664596275,18.0,2.0,0.0,-1.5277777777777823,13.766364749082008,2.0,,,66.67,9.942
2018-03-16,331.0,448.0,39.0,3.0,0.0,42.49037227214377,0.0,4.0,1.0,-0.2047187997653129,13.772334963325184,3.0,,,57.14,10.033
2018-03-19,680.0,125.0,16.0,3.0,0.0,84.472049689441,1.0,4.0,1.0,1.2448132780082968,14.01619975639464,2.0,,,57.14,5.022
2018-03-20,483.0,307.0,27.0,8.0,0.0,61.139240506329116,1.0,7.0,2.0,0.4329004329004236,14.167747858017135,3.0,,,46.67,5.666
2018-03-21,196.0,598.0,24.0,10.0,1.0,24.68513853904282,2.0,6.0,4.0,-1.3675253635046034,13.999718826405868,3.0,,,37.5,5.403
2018-03-22,454.0,338.0,29.0,9.0,1.0,57.32323232323232,3.0,8.0,0.0,0.2592352559948213,14.057015834348356,3.0,,,47.06,3.123
2018-03-23,50.0,772.0,2.0,2.0,63.0,6.082725060827251,88.0,3.0,6.0,-7.77140479657642,13.142815533980583,1.0,,,60.0,-1.571
2018-03-26,718.0,98.0,9.0,6.0,1.0,87.99019607843137,18.0,3.0,0.0,2.38095238095238,13.572981818181818,1.0,,,33.33,0.526
2018-03-27,797.0,26.0,2.0,3.0,0.0,96.8408262454435,0.0,4.0,0.0,3.4188034188034218,14.075284848484849,2.0,,,57.14,3.907
2018-03-28,428.0,373.0,23.0,6.0,2.0,53.433208489388264,3.0,3.0,7.0,0.1308981256210779,14.045910194174757,3.0,,,33.33,7.397
2018-03-29,543.0,259.0,22.0,4.0,1.0,67.70573566084788,2.0,5.0,1.0,0.6615223035854962,14.05233009708738,1.0,,,55.56,-1.317
2018-03-30,759.0,61.0,4.0,6.0,0.0,92.5609756097561,1.0,9.0,0.0,2.5167554050191057,14.480764563106796,2.0,,,60.0,7.448
2018-04-02,453.0,345.0,28.0,7.0,0.0,56.766917293233085,0.0,6.0,1.0,0.2775862135391185,14.672106537530267,4.0,,,46.15,6.364
2018-04-03,264.0,555.0,8.0,7.0,0.0,32.234432234432234,0.0,2.0,1.0,-1.3461538461538516,14.627255139056832,5.0,,,22.22,6.79
2018-04-04,253.0,562.0,14.0,10.0,0.0,31.04294478527607,1.0,5.0,4.0,-1.2138188608776916,14.551121833534378,6.0,,,33.33,4.725
2018-04-09,503.0,314.0,12.0,11.0,0.0,61.56670746634026,2.0,4.0,2.0,0.6108202443280847,14.722967430639324,7.0,,,26.67,6.078
2018-04-10,328.0,491.0,9.0,6.0,0.0,40.04884004884005,1.0,6.0,13.0,-0.7147192951954493,14.568140096618357,7.0,,,50.0,0.695
2018-04-11,578.0,230.0,20.0,10.0,0.0,71.53465346534654,0.0,7.0,0.0,0.9510586915820306,14.738780193236714,8.0,,,41.18,6.441
2018-04-12,308.0,504.0,18.0,1.0,2.0,37.93103448275862,3.0,8.0,5.0,-0.7235533296105017,14.734951807228915,5.0,,,88.89,-1.871
2018-04-13,381.0,413.0,36.0,3.0,2.0,47.984886649874056,3.0,1.0,3.0,0.0,14.733313253012048,6.0,,,25.0,10.033
2018-04-16,325.0,497.0,8.0,4.0,1.0,39.53771289537713,3.0,1.0,0.0,-0.7036065249139836,14.677734939759036,9.0,,,20.0,8.263
2018-04-17,96.0,726.0,8.0,4.0,1.0,11.678832116788321,5.0,4.0,20.0,-3.400834831614252,14.218927710843372,10.0,,,50.0,10.001
2018-04-18,670.0,147.0,13.0,2.0,1.0,82.00734394124846,12.0,4.0,0.0,1.8464651067270785,14.528180722891566,2.0,,,66.67,-1.155
2018-04-19,343.0,463.0,22.0,2.0,0.0,42.55583126550869,1.0,5.0,6.0,-0.3551224138235437,14.473079710144928,8.0,,,71.43,7.003
2018-04-20,91.0,732.0,6.0,3.0,12.0,11.057108140947753,20.0,2.0,5.0,-3.3613445378151168,13.989734620024125,9.0,,,40.0,10.0
2018-04-23,344.0,471.0,15.0,3.0,4.0,42.20858895705521,7.0,2.0,13.0,-0.5946535733769754,13.864626506024095,10.0,,,40.0,7.084
2018-04-24,808.0,21.0,3.0,9.0,0.0,97.46682750301568,0.0,0.0,0.0,3.0588527357011883,14.368834134615385,11.0,,,0.0,7.99
2018-04-25,542.0,266.0,23.0,7.0,0.0,67.07920792079209,0.0,2.0,3.0,0.7633587786259515,14.535451263537905,12.0,,,22.22,4.093
2018-04-26,107.0,712.0,11.0,1.0,3.0,13.064713064713066,3.0,0.0,8.0,-2.7324380165289317,14.172228915662652,1.0,,,0.0,-4.577
2018-04-27,487.0,315.0,30.0,1.0,1.0,60.723192019950126,4.0,5.0,10.0,0.4881634948550494,14.20310096153846,1.0,,,83.33,-3.828
2018-05-02,289.0,536.0,11.0,4.0,2.0,35.03030303030303,4.0,2.0,7.0,-1.071511268910153,14.05944976076555,2.0,,,33.33,10.069
2018-05-03,647.0,169.0,19.0,9.0,0.0,79.2892156862745,1.0,1.0,0.0,1.6458196181698488,14.303269461077845,3.0,,,10.0,9.996
2018-05-04,315.0,503.0,20.0,5.0,0.0,38.50855745721272,1.0,6.0,3.0,-0.6012511228836857,14.215011933174225,4.0,,,54.55,3.327
2018-05-07,793.0,40.0,6.0,8.0,0.0,95.19807923169267,0.0,7.0,0.0,2.2292993630573195,14.58492252681764,5.0,,,46.67,7.634
2018-05-08,521.0,287.0,31.0,14.0,0.0,64.48019801980197,0.0,6.0,0.0,0.4954582989265111,14.708009535160906,6.0,,,30.0,5.22
2018-05-09,450.0,361.0,26.0,10.0,0.0,55.487053020961774,1.0,5.0,1.0,0.1702127659574432,14.754707287933096,3.0,,,33.33,1.953
2018-05-10,496.0,311.0,28.0,9.0,0.0,61.46220570012392,0.0,4.0,2.0,0.4657661853749484,14.812299401197606,3.0,,,30.77,6.199
2018-05-11,135.0,686.0,15.0,4.0,3.0,16.443361753958587,5.0,7.0,13.0,-2.2911061616388646,14.514844497607655,7.0,,,63.64,-1.788
2018-05-14,230.0,587.0,20.0,3.0,2.0,28.151774785801713,4.0,2.0,0.0,-1.1305241521068985,14.379761051373956,4.0,,,40.0,0.772
2018-05-15,704.0,119.0,14.0,7.0,0.0,85.54070473876064,1.0,1.0,0.0,1.574803149606308,14.654324970131421,2.0,,,12.5,3.348
2018-05-16,220.0,603.0,17.0,5.0,1.0,26.731470230862698,1.0,1.0,0.0,-1.1698659824238486,14.584999999999999,3.0,,,16.67,4.037
2018-05-17,385.0,432.0,27.0,3.0,3.0,47.123623011015916,5.0,4.0,2.0,-0.09067394681718675,14.641196682464455,5.0,,,57.14,0.709
2018-05-18,492.0,329.0,22.0,5.0,2.0,59.926918392204634,3.0,2.0,1.0,0.2877697841726557,14.66393831553974,6.0,,,28.57,7.287
2018-05-21,749.0,80.0,12.0,6.0,0.0,90.34981905910736,1.0,4.0,0.0,1.502504173622702,14.971498216409037,7.0,,,40.0,8.938
2018-05-22,572.0,233.0,34.0,4.0,0.0,71.05590062111801,1.0,9.0,0.0,0.7182761372705496,15.173063170441003,8.0,,,69.23,4.554
2018-05-23,199.0,628.0,13.0,2.0,1.0,24.062877871825876,2.0,3.0,4.0,-1.232398186118163,15.047952380952381,4.0,,,60.0,2.398
2018-05-24,344.0,469.0,25.0,6.0,0.0,42.31242312423124,0.0,2.0,0.0,-0.36638426468934165,14.992398568019093,2.0,,,25.0,10.031
2018-05-25,272.0,547.0,17.0,8.0,1.0,33.21123321123321,1.0,5.0,3.0,-1.1015977887143529,14.88114832535885,3.0,,,38.46,5.822
2018-05-28,268.0,554.0,15.0,9.0,3.0,32.60340632603406,8.0,2.0,9.0,-1.1718750000000098,14.710023894862603,5.0,,,18.18,1.048
2018-05-29,236.0,571.0,29.0,5.0,5.0,29.244114002478316,8.0,3.0,12.0,-0.8879121745471656,14.531339712918662,3.0,,,37.5,0.012
2018-05-30,64.0,768.0,3.0,1.0,36.0,7.6923076923076925,61.0,2.0,4.0,-5.476673427991878,13.807029940119762,1.0,,,66.67,-6.245
2018-05-31,737.0,90.0,9.0,11.0,0.0,89.11729141475212,1.0,7.0,1.0,1.7070556397841523,14.09944976076555,2.0,,,38.89,10.007
2018-06-01,198.0,624.0,15.0,2.0,4.0,24.087591240875913,14.0,5.0,9.0,-1.3162335470806634,13.860191158900836,2.0,,,71.43,-1.421
2018-06-04,408.0,391.0,41.0,3.0,2.0,51.06382978723404,4.0,3.0,4.0,0.0,13.8655,1.0,,,50.0,5.146
2018-06-05,781.0,54.0,6.0,9.0,0.0,93.53293413173652,1.0,3.0,0.0,2.422145328719733,14.286052318668252,2.0,,,25.0,6.244
2018-06-06,453.0,359.0,28.0,6.0,0.0,55.78817733990148,0.0,5.0,3.0,0.22280356882836116,14.4095,2.0,,,45.45,4.893
2018-06-07,169.0,658.0,14.0,4.0,1.0,20.435308343409915,1.0,7.0,5.0,-1.5521064301551974,14.222033293697978,1.0,,,63.64,-4.23
2018-06-08,295.0,533.0,13.0,4.0,1.0,35.628019323671495,1.0,2.0,1.0,-0.7667031763417336,14.196123662306778,2.0,,,33.33,3.717
2018-06-11,260.0,561.0,23.0,7.0,0.0,31.668696711327648,1.0,1.0,3.0,-0.8967549928707506,14.025165876777251,3.0,,,12.5,3.852
2018-06-12,571.0,249.0,24.0,4.0,0.0,69.6341463414634,8.0,5.0,1.0,0.7515267040841547,14.13181279620853,3.0,,,55.56,4.056
2018-06-13,104.0,735.0,5.0,2.0,5.0,12.395709177592371,5.0,1.0,3.0,-2.3754049676025977,13.804087677725118,2.0,,,33.33,0.531
2018-06-14,375.0,434.0,35.0,7.0,3.0,46.35352286773795,9.0,2.0,6.0,-0.1048630659160224,13.791208530805688,1.0,,,22.22,-2.304
2018-06-15,102.0,728.0,12.0,3.0,8.0,12.289156626506024,17.0,1.0,17.0,-3.2835264259144434,13.388123515439428,2.0,,,25.0,-1.975
2018-06-19,23.0,809.0,4.0,2.0,101.0,2.7644230769230766,135.0,0.0,52.0,-9.472908416785863,12.41452153110048,1.0,,,0.0,-4.841
2018-06-20,671.0,150.0,15.0,7.0,2.0,81.72959805115713,9.0,4.0,3.0,1.8405928614640017,12.679473684210528,2.0,,,36.36,9.989
2018-06-21,93.0,732.0,8.0,1.0,9.0,11.272727272727273,17.0,2.0,30.0,-3.6509349955476416,12.236974789915966,1.0,,,66.67,-0.714
2018-06-22,722.0,97.0,14.0,4.0,1.0,88.15628815628816,8.0,2.0,1.0,2.088772845953004,12.463865546218488,1.0,,,33.33,1.08
2018-06-25,379.0,415.0,41.0,8.0,0.0,47.73299748110831,2.0,2.0,3.0,0.0,12.50140119760479,2.0,,,20.0,6.487
2018-06-26,729.0,95.0,13.0,7.0,1.0,88.47087378640776,1.0,4.0,2.0,1.985440105890144,12.782556750298685,2.0,,,36.36,-0.275
2018-06-27,289.0,519.0,32.0,5.0,0.0,35.76732673267327,1.0,3.0,2.0,-0.5700775630470614,12.727416666666667,2.0,,,37.5,1.168
2018-06-28,209.0,604.0,28.0,5.0,2.0,25.707257072570727,5.0,6.0,8.0,-1.0248901903367538,12.571854934601665,1.0,,,54.55,0.062
2018-06-29,813.0,26.0,3.0,7.0,0.0,96.9010727056019,3.0,4.0,1.0,3.52184926892014,13.04855106888361,2.0,,,36.36,2.633
2018-07-02,185.0,652.0,7.0,4.0,1.0,22.102747909199522,2.0,3.0,0.0,-1.684801892371377,12.920082938388624,1.0,,,42.86,-0.455
2018-07-03,751.0,93.0,4.0,4.0,2.0,88.98104265402843,2.0,3.0,3.0,2.294993812245856,13.216709905660379,1.0,,,42.86,2.879
2018-07-04,84.0,758.0,7.0,3.0,8.0,9.97624703087886,15.0,1.0,8.0,-2.857142857142854,12.798103651354534,2.0,,,25.0,1.092
2018-07-05,77.0,763.0,10.0,4.0,10.0,9.166666666666666,17.0,5.0,10.0,-2.7842377260981857,12.409917647058824,1.0,,,55.56,-6.688
2018-07-06,610.0,219.0,22.0,4.0,2.0,73.58262967430639,10.0,5.0,2.0,0.9615384615384552,12.534312573443009,2.0,,,55.56,2.438
2018-07-09,803.0,42.0,7.0,4.0,1.0,95.02958579881657,2.0,8.0,1.0,2.4214121132323845,12.896842723004696,1.0,,,66.67,4.949
2018-07-10,625.0,197.0,30.0,2.0,1.0,76.03406326034063,1.0,4.0,2.0,0.9185716857168564,13.116596244131456,1.0,,,66.67,3.082
2018-07-11,116.0,730.0,5.0,4.0,2.0,13.711583924349883,7.0,3.0,0.0,-3.1283327408460684,12.84316098707403,1.0,,,42.86,-0.485
2018-07-12,821.0,24.0,6.0,9.0,0.0,97.15976331360947,1.0,4.0,2.0,2.9382470119522086,13.252185663924795,2.0,,,30.77,5.318
2018-07-13,371.0,447.0,33.0,3.0,1.0,45.354523227383865,1.0,2.0,3.0,-0.1922152811148445,13.237179788484136,3.0,,,40.0,2.037
2018-07-16,400.0,422.0,31.0,6.0,0.0,48.661800486618006,2.0,2.0,3.0,0.0,13.174372801875732,4.0,,,25.0,7.248
2018-07-17,452.0,368.0,35.0,8.0,0.0,55.1219512195122,0.0,4.0,1.0,0.1658374792703115,13.196619883040936,5.0,,,33.33,3.169
2018-07-18,197.0,638.0,24.0,5.0,0.0,23.592814371257482,0.0,2.0,3.0,-1.07526881720431,13.012561117578581,6.0,,,28.57,1.217
2018-07-19,187.0,653.0,19.0,4.0,0.0,22.26190476190476,1.0,2.0,1.0,-1.547531319086226,12.82302677532014,7.0,,,33.33,-1.11
2018-07-20,685.0,158.0,18.0,9.0,0.0,81.25741399762752,0.0,5.0,3.0,1.1753183153770737,12.990371660859465,8.0,,,35.71,5.533
2018-07-23,570.0,269.0,22.0,5.0,3.0,67.93802145411205,7.0,3.0,3.0,0.6980802792320968,12.998873403019745,9.0,,,37.5,3.773
2018-07-24,703.0,139.0,18.0,7.0,0.0,83.4916864608076,0.0,7.0,0.0,1.251520983407326,13.155348837209303,10.0,,,50.0,5.959
2018-07-25,325.0,507.0,30.0,4.0,0.0,39.0625,0.0,1.0,4.0,-0.35377407687077106,13.106136890951277,11.0,,,20.0,-0.104
2018-07-26,283.0,560.0,19.0,3.0,0.0,33.570581257414,1.0,0.0,2.0,-0.9970197553953617,12.872900232018562,12.0,,,0.0,5.187
2018-07-27,198.0,644.0,20.0,3.0,2.0,23.51543942992874,4.0,2.0,6.0,-1.0856469355683616,12.735742459396754,13.0,,,40.0,-0.564
2018-07-30,119.0,736.0,7.0,1.0,2.0,13.91812865497076,8.0,1.0,2.0,-2.2267389696044284,12.439060324825986,1.0,,,50.0,-3.462
2018-07-31,483.0,342.0,37.0,6.0,0.0,58.54545454545455,2.0,1.0,2.0,0.24405206841200344,12.429837587006961,1.0,,,14.29,-2.785
2018-08-01,112.0,738.0,13.0,1.0,0.0,13.176470588235295,1.0,2.0,1.0,-1.882845188284516,12.256048667439165,1.0,,,66.67,-0.781
2018-08-02,113.0,744.0,7.0,2.0,1.0,13.185530921820304,22.0,0.0,2.0,-3.5294117647058885,11.914826388888889,1.0,,,0.0,-5.155
2018-08-03,123.0,725.0,17.0,3.0,2.0,14.504716981132077,4.0,1.0,2.0,-1.6422547714158944,11.663676300578034,1.0,,,25.0,0.647
2018-08-06,157.0,689.0,19.0,3.0,4.0,18.55791962174941,9.0,0.0,6.0,-1.9163763066202144,11.37608092485549,2.0,,,0.0,2.997
2018-08-07,825.0,35.0,7.0,8.0,0.0,95.93023255813954,0.0,4.0,1.0,2.721088435374152,11.7119723183391,3.0,,,33.33,4.636
2018-08-08,101.0,761.0,5.0,3.0,1.0,11.7169373549884,2.0,3.0,4.0,-2.188552188552201,11.399815455594002,4.0,,,50.0,0.802
2018-08-09,834.0,28.0,5.0,5.0,0.0,96.75174013921114,0.0,5.0,0.0,2.6666666666666687,11.768212226066899,5.0,,,50.0,4.397
2018-08-10,641.0,185.0,41.0,4.0,0.0,77.60290556900726,0.0,2.0,0.0,0.6364922206506355,11.901049596309111,6.0,,,33.33,2.615
2018-08-13,553.0,276.0,39.0,6.0,0.0,66.70687575392039,0.0,1.0,0.0,0.48233530844668804,12.02668202764977,7.0,,,14.29,2.698
2018-08-14,310.0,514.0,44.0,2.0,0.0,37.62135922330097,0.0,3.0,1.0,-0.4257585027077342,11.981221198156684,8.0,,,60.0,2.377
2018-08-15,69.0,794.0,4.0,1.0,0.0,7.995365005793744,2.0,0.0,1.0,-2.402135231316722,11.683933102652825,1.0,,,0.0,-6.016
2018-08-16,221.0,617.0,29.0,0.0,0.0,26.37231503579952,6.0,3.0,1.0,-0.9536784741144452,11.563979238754325,0.0,,,100.0,-1.224
2018-08-17,89.0,765.0,14.0,1.0,1.0,10.421545667447308,3.0,0.0,7.0,-2.044680338586484,11.32078341013825,1.0,,,0.0,-3.162
2018-08-20,612.0,228.0,29.0,1.0,1.0,72.85714285714285,4.0,1.0,1.0,0.9852216748768554,11.44223245109321,1.0,,,50.0,-1.138
2018-08-21,659.0,171.0,39.0,1.0,1.0,79.39759036144578,1.0,1.0,1.0,0.7438016528925608,11.570092059838895,1.0,,,50.0,6.29
2018-08-22,134.0,714.0,21.0,2.0,2.0,15.80188679245283,2.0,1.0,3.0,-1.710863986313082,11.375270425776755,1.0,,,33.33,0.0
2018-08-23,703.0,130.0,34.0,6.0,0.0,84.3937575030012,1.0,2.0,0.0,1.0218978102189822,11.546885813148789,1.0,,,25.0,0.116
2018-08-24,288.0,539.0,40.0,4.0,0.0,34.82466747279323,1.0,2.0,4.0,-0.4583651642475209,11.492226066897347,1.0,,,33.33,1.417
2018-08-27,840.0,21.0,5.0,2.0,0.0,97.5609756097561,0.0,7.0,1.0,2.1569473345852606,11.797794457274826,2.0,,,77.78,4.341
2018-08-28,386.0,426.0,53.0,3.0,0.0,47.53694581280788,0.0,0.0,3.0,0.0,11.812982658959537,1.0,,,0.0,0.228
2018-08-29,229.0,601.0,36.0,2.0,0.0,27.590361445783135,0.0,1.0,1.0,-0.7902783018254183,11.761166281755196,1.0,,,33.33,-1.975
2018-08-30,82.0,769.0,16.0,2.0,1.0,9.63572267920094,2.0,0.0,0.0,-2.121504339440684,11.551164936562861,2.0,,,0.0,5.216
2018-08-31,146.0,688.0,34.0,1.0,1.0,17.505995203836928,1.0,0.0,1.0,-1.1470189512483997,11.360794930875576,3.0,,,0.0,6.987
2018-09-03,381.0,453.0,34.0,1.0,2.0,45.68345323741007,7.0,0.0,1.0,-0.18757292062019884,11.350783410138249,4.0,,,0.0,9.993
2018-09-04,734.0,112.0,24.0,5.0,2.0,86.7612293144208,2.0,1.0,0.0,1.168941868485093,11.517735632183909,5.0,,,16.67,10.007
2018-09-05,135.0,714.0,21.0,3.0,0.0,15.901060070671377,2.0,5.0,0.0,-1.6405023547880704,11.33651724137931,6.0,,,62.5,4.903
2018-09-06,395.0,435.0,42.0,6.0,0.0,47.59036144578313,1.0,1.0,1.0,0.0,11.331857798165137,7.0,,,14.29,10.02
2018-09-07,412.0,412.0,47.0,8.0,0.0,50.0,0.0,1.0,3.0,0.0,11.31340987370838,8.0,,,11.11,6.815
2018-09-10,86.0,775.0,9.0,7.0,1.0,9.988385598141695,3.0,4.0,4.0,-2.554595294794967,11.04767816091954,5.0,,,36.36,1.115
2018-09-11,620.0,217.0,35.0,2.0,1.0,74.07407407407408,3.0,1.0,3.0,0.6910255614396148,11.129885321100918,6.0,,,33.33,-2.198
2018-09-12,481.0,336.0,55.0,3.0,1.0,58.87392900856793,1.0,4.0,2.0,0.20641615541922753,11.140584862385321,7.0,,,57.14,10.021
2018-09-13,694.0,149.0,30.0,1.0,1.0,82.3250296559905,2.0,3.0,1.0,0.8620689655172358,11.238923253150057,8.0,,,75.0,3.018
2018-09-14,124.0,724.0,24.0,1.0,3.0,14.622641509433961,3.0,2.0,7.0,-1.5209345362017097,11.006272935779815,1.0,,,66.67,-1.107
2018-09-17,158.0,688.0,26.0,2.0,3.0,18.67612293144208,5.0,1.0,0.0,-1.9250273053518514,10.769174311926605,1.0,,,33.33,-3.561
2018-09-18,792.0,73.0,8.0,3.0,1.0,91.5606936416185,2.0,3.0,0.0,1.733576642335762,10.975269186712486,2.0,,,50.0,4.557
2018-09-19,701.0,140.0,33.0,3.0,0.0,83.35315101070154,1.0,1.0,1.0,0.8138427784907103,11.116510297482838,3.0,,,25.0,1.919
2018-09-20,241.0,598.0,36.0,2.0,1.0,28.72467222884386,1.0,1.0,3.0,-0.633412509897071,11.04150857142857,2.0,,,33.33,2.85
2018-09-21,723.0,126.0,27.0,3.0,0.0,85.15901060070671,0.0,1.0,2.0,1.0582010582010593,11.172374429223744,2.0,,,25.0,1.824
2018-09-25,274.0,562.0,42.0,1.0,0.0,32.77511961722488,1.0,3.0,1.0,-0.520156926406921,11.111697038724373,1.0,,,75.0,-0.091
2018-09-26,470.0,351.0,58.0,2.0,0.0,57.247259439707676,1.0,1.0,0.0,0.1297858533419829,11.171046643913538,1.0,,,33.33,-0.105
2018-09-27,104.0,766.0,9.0,2.0,2.0,11.954022988505747,4.0,1.0,5.0,-2.5641025641025665,10.905984072810012,1.0,,,33.33,2.207
2018-09-28,692.0,165.0,23.0,4.0,0.0,80.74679113185532,0.0,2.0,0.0,0.8972779750259631,11.016318181818182,2.0,,,33.33,9.995
2018-10-08,54.0,821.0,3.0,5.0,3.0,6.171428571428572,6.0,3.0,1.0,-4.095770907878903,10.532334851936218,3.0,,,37.5,6.278
2018-10-09,572.0,259.0,49.0,5.0,0.0,68.83273164861613,1.0,3.0,1.0,0.44593143493476617,10.567886363636363,4.0,,,37.5,5.786
2018-10-10,579.0,266.0,36.0,8.0,0.0,68.52071005917159,0.0,2.0,2.0,0.5854800936768234,10.64716231555051,5.0,,,20.0,6.211
2018-10-11,33.0,844.0,1.0,5.0,90.0,3.762827822120866,130.0,1.0,6.0,-9.503952580011626,9.842289293849658,6.0,,,16.67,3.979
2018-10-12,345.0,510.0,23.0,9.0,1.0,40.35087719298245,28.0,10.0,1.0,-0.8010548130658222,9.849031890660592,7.0,,,52.63,5.635
2018-10-15,308.0,527.0,43.0,6.0,1.0,36.88622754491018,2.0,8.0,6.0,-0.6066512826551707,9.820899772209566,8.0,,,57.14,3.318
2018-10-16,169.0,692.0,19.0,3.0,6.0,19.628339140534262,12.0,5.0,14.0,-1.8430349075510395,9.619295454545455,2.0,,,62.5,-1.561
2018-10-17,667.0,197.0,18.0,6.0,4.0,77.19907407407408,7.0,4.0,10.0,1.3986041343911877,9.773979591836735,2.0,,,40.0,2.806
2018-10-18,93.0,780.0,8.0,3.0,15.0,10.652920962199312,27.0,4.0,11.0,-3.016591251885372,9.44934165720772,1.0,,,57.14,-6.605
2018-10-19,797.0,80.0,4.0,5.0,0.0,90.87799315849487,8.0,3.0,1.0,2.5736820257368245,9.717207718501703,1.0,,,37.5,0.91
2018-10-22,878.0,2.0,0.0,18.0,0.0,99.77272727272727,0.0,8.0,0.0,4.660019614253019,10.234329545454544,2.0,,,30.77,5.41
2018-10-23,157.0,707.0,16.0,8.0,1.0,18.171296296296298,2.0,7.0,6.0,-1.7193215829730657,10.070397727272729,2.0,,,46.67,2.115
2018-10-24,389.0,439.0,53.0,6.0,0.0,46.98067632850241,2.0,5.0,0.0,0.0,10.04311010215664,3.0,,,45.45,0.801
2018-10-25,195.0,658.0,28.0,5.0,1.0,22.860492379835872,5.0,1.0,0.0,-1.4804845222072602,9.8950056753689,4.0,,,16.67,1.729
2018-10-26,503.0,335.0,42.0,7.0,0.0,60.023866348448685,1.0,4.0,5.0,0.27285180387427244,9.9155,3.0,,,36.36,-0.115
2018-10-29,215.0,639.0,29.0,6.0,0.0,25.175644028103044,2.0,1.0,3.0,-1.157613535173649,9.819807474518687,4.0,,,14.29,2.173
2018-10-30,682.0,170.0,32.0,6.0,0.0,80.04694835680752,3.0,2.0,0.0,1.0643067846607641,9.951425339366516,2.0,,,25.0,1.997
2018-10-31,773.0,90.0,17.0,7.0,0.0,89.5712630359212,1.0,5.0,1.0,1.2963631497376507,10.121522727272728,3.0,,,41.67,2.838
2018-11-01,567.0,263.0,50.0,2.0,0.0,68.3132530120482,0.0,7.0,2.0,0.4392537188647546,10.206772727272728,4.0,,,77.78,2.277
2018-11-02,860.0,16.0,1.0,9.0,0.0,98.17351598173516,0.0,4.0,0.0,2.7272727272727093,10.573614595210946,5.0,,,30.77,9.998
2018-11-05,465.0,382.0,32.0,3.0,1.0,54.89964580873672,1.0,4.0,3.0,0.1718213058419207,10.627940841865756,3.0,,,57.14,2.312
2018-11-06,211.0,638.0,29.0,2.0,3.0,24.852767962308597,4.0,1.0,2.0,-1.0180491623824979,10.542710706150341,1.0,,,33.33,-4.613
2018-11-07,353.0,483.0,43.0,5.0,1.0,42.22488038277512,1.0,2.0,2.0,-0.2430133657351102,10.531240045506257,2.0,,,28.57,5.451
2018-11-08,272.0,571.0,38.0,3.0,1.0,32.26571767497035,1.0,1.0,0.0,-0.6993006993007052,10.459273552780932,1.0,,,25.0,-0.876
2018-11-09,398.0,435.0,49.0,0.0,1.0,47.77911164465786,1.0,2.0,0.0,0.0,10.441383219954648,0.0,,,100.0,-1.759
2018-11-12,864.0,18.0,1.0,3.0,0.0,97.95918367346938,0.0,7.0,0.0,3.0674846625766947,10.767191392978482,1.0,,,70.0,
2018-11-13,722.0,132.0,30.0,1.0,0.0,84.5433255269321,0.0,6.0,0.0,1.3710037298308468,10.903823529411763,1.0,,,85.71,0.216
2018-11-14,380.0,462.0,42.0,2.0,0.0,45.13064133016627,0.0,5.0,3.0,-0.1700803253509316,10.929151583710409,2.0,,,71.43,10.029
2018-11-15,818.0,53.0,15.0,5.0,0.0,93.9150401836969,1.0,9.0,0.0,2.3173339231733383,11.241264108352144,1.0,,,64.29,1.191
2018-11-16,469.0,370.0,49.0,5.0,0.0,55.899880810488675,0.0,4.0,2.0,0.16313604428358905,11.305731981981982,2.0,,,44.44,3.038
2018-11-19,362.0,493.0,34.0,6.0,0.0,42.33918128654971,0.0,2.0,1.0,-0.2853067047075546,11.297154105736784,3.0,,,25.0,3.874
2018-11-20,101.0,782.0,7.0,3.0,3.0,11.43827859569649,3.0,3.0,1.0,-2.9630496756689704,10.991955056179776,2.0,,,50.0,-1.595
2018-11-21,597.0,270.0,22.0,3.0,1.0,68.85813148788927,1.0,3.0,3.0,0.7583965330444234,11.0629696287964,3.0,,,50.0,6.186
2018-11-22,416.0,417.0,56.0,4.0,0.0,49.93997599039616,0.0,2.0,3.0,0.0,11.070483689538808,4.0,,,33.33,5.341
2018-11-23,48.0,839.0,3.0,2.0,2.0,5.411499436302142,5.0,4.0,11.0,-5.217391304347817,10.566247191011234,2.0,,,66.67,1.037
2018-11-26,362.0,488.0,40.0,1.0,2.0,42.58823529411765,4.0,1.0,2.0,-0.30802574232069785,10.480101123595507,1.0,,,50.0,0.616
2018-11-27,665.0,197.0,28.0,3.0,0.0,77.1461716937355,0.0,0.0,1.0,0.8967613655782747,10.583685393258426,1.0,,,0.0,2.232
2018-11-28,719.0,152.0,20.0,1.0,0.0,82.548794489093,0.0,2.0,1.0,1.322314049586778,10.750897867564534,1.0,,,66.67,3.706
2018-11-29,73.0,809.0,9.0,2.0,3.0,8.276643990929704,5.0,2.0,9.0,-3.284072249589494,10.427687991021324,1.0,,,50.0,-10.012
2018-11-30,623.0,237.0,34.0,2.0,1.0,72.44186046511628,1.0,1.0,0.0,0.8749434406923566,10.547035794183444,2.0,,,33.33,4.165
2018-12-03,887.0,8.0,2.0,7.0,1.0,99.10614525139665,2.0,2.0,0.0,3.1190926275992443,10.926354515050168,3.0,,,22.22,10.029
2018-12-04,617.0,246.0,34.0,6.0,1.0,71.49478563151797,1.0,1.0,1.0,0.6644518272425255,11.005328874024526,4.0,,,14.29,4.366
2018-12-05,247.0,629.0,20.0,3.0,1.0,28.19634703196347,1.0,0.0,1.0,-1.1192841163310963,10.926294642857142,5.0,,,0.0,3.424
2018-12-06,111.0,781.0,6.0,5.0,2.0,12.443946188340806,2.0,0.0,7.0,-2.146613178651773,10.692906458797326,6.0,,,0.0,3.339
2018-12-07,502.0,346.0,50.0,5.0,0.0,59.198113207547166,1.0,1.0,4.0,0.22650085675295273,10.715902004454342,7.0,,,16.67,4.212
2018-12-10,205.0,674.0,20.0,2.0,1.0,23.321956769055745,3.0,2.0,2.0,-1.5974440894568729,10.567942157953281,3.0,,,50.0,5.461
2018-12-11,701.0,164.0,33.0,6.0,0.0,81.04046242774567,0.0,2.0,0.0,0.950212326864308,10.68621380846325,4.0,,,25.0,1.964
2018-12-12,410.0,435.0,53.0,3.0,0.0,48.5207100591716,0.0,0.0,3.0,0.0,10.695712694877505,5.0,,,0.0,2.243
2018-12-13,667.0,196.0,36.0,3.0,0.0,77.28852838933952,2.0,2.0,2.0,0.7253886010362723,10.800111234705227,1.0,,,40.0,-0.779
2018-12-14,64.0,827.0,9.0,2.0,2.0,7.182940516273851,3.0,0.0,0.0,-3.172444311162643,10.486355555555555,1.0,,,0.0,-4.947
2018-12-17,437.0,414.0,49.0,3.0,2.0,51.35135135135135,2.0,3.0,0.0,0.0,10.491077777777777,1.0,,,50.0,0.816
2018-12-18,274.0,587.0,38.0,2.0,1.0,31.823461091753774,2.0,0.0,3.0,-0.6578947368420912,10.4361957730812,1.0,,,0.0,0.197
2018-12-19,124.0,750.0,24.0,4.0,0.0,14.187643020594965,0.0,0.0,0.0,-1.4250377941740555,10.257861915367483,2.0,,,0.0,3.72
2018-12-20,654.0,199.0,47.0,2.0,0.0,76.67057444314185,0.0,1.0,0.0,0.7689732688266651,10.353955555555554,3.0,,,33.33,2.962
2018-12-21,330.0,537.0,34.0,6.0,0.0,38.062283737024224,0.0,2.0,2.0,-0.3717472118959029,10.328057713651498,4.0,,,25.0,9.992
2018-12-24,730.0,140.0,30.0,6.0,0.0,83.9080459770115,0.0,1.0,1.0,1.3745762904012073,10.50688888888889,5.0,,,14.29,4.303
2018-12-25,267.0,622.0,11.0,3.0,0.0,30.033745781777277,8.0,1.0,0.0,-1.097333715596337,10.465911111111112,6.0,,,25.0,2.937
2018-12-26,338.0,524.0,37.0,1.0,1.0,39.21113689095127,1.0,4.0,7.0,-0.4357298474945441,10.42992213570634,1.0,,,80.0,-4.583
2018-12-27,131.0,752.0,16.0,3.0,1.0,14.835787089467722,2.0,2.0,8.0,-1.8587360594795477,10.265083426028921,1.0,,,40.0,-0.741
2018-12-28,393.0,458.0,49.0,0.0,5.0,46.18096357226792,5.0,2.0,1.0,-0.1449424536446694,10.240411111111111,0.0,,,100.0,-5.358
2019-01-02,442.0,411.0,50.0,2.0,0.0,51.81711606096131,2.0,1.0,3.0,0.0,10.19124031007752,1.0,,,33.33,
2019-01-03,299.0,559.0,45.0,1.0,3.0,34.84848484848485,6.0,2.0,5.0,-0.5825242718446649,10.027065337763013,1.0,,,66.67,-1.965
2019-01-04,849.0,47.0,7.0,3.0,0.0,94.75446428571429,1.0,5.0,0.0,2.452316076294274,10.273942414174973,1.0,,,62.5,1.278
2019-01-07,831.0,52.0,19.0,4.0,0.0,94.11098527746319,0.0,1.0,0.0,1.8160493386065282,10.495953436807095,2.0,,,20.0,3.876
2019-01-08,307.0,556.0,39.0,4.0,0.0,35.573580533024334,0.0,1.0,5.0,-0.48751217889309606,10.46079822616408,3.0,,,20.0,6.55
2019-01-09,391.0,470.0,42.0,4.0,0.0,45.4123112659698,1.0,4.0,5.0,-0.1270648030495525,10.47795127353267,4.0,,,50.0,0.124
2019-01-10,338.0,525.0,41.0,3.0,1.0,39.1657010428737,1.0,1.0,0.0,-0.37383700008036613,10.46186946902655,5.0,,,25.0,0.408
2019-01-11,667.0,203.0,34.0,6.0,0.0,76.66666666666667,0.0,6.0,3.0,0.7897335504660334,10.578396017699117,6.0,,,50.0,10.005
2019-01-14,220.0,658.0,26.0,2.0,3.0,25.05694760820046,4.0,2.0,10.0,-1.1439476553980397,10.44146017699115,3.0,,,50.0,-2.244
2019-01-15,746.0,131.0,26.0,3.0,0.0,85.06271379703534,1.0,0.0,1.0,1.188118811881198,10.570077519379845,4.0,,,0.0,5.241
2019-01-16,339.0,518.0,45.0,2.0,0.0,39.55659276546091,0.0,3.0,2.0,-0.39976349767759306,10.579323725055431,1.0,,,60.0,0.296
2019-01-17,124.0,765.0,14.0,3.0,0.0,13.948256467941508,0.0,2.0,1.0,-1.7758046614872385,10.425537098560355,1.0,,,40.0,-2.001
2019-01-18,589.0,273.0,42.0,4.0,1.0,68.32946635730859,1.0,4.0,1.0,0.5357159939923244,10.497665929203539,1.0,,,50.0,-0.79
2019-01-21,590.0,266.0,49.0,7.0,0.0,68.92523364485982,1.0,4.0,2.0,0.4389815627743541,10.587933701657459,2.0,,,36.36,-0.689
2019-01-22,209.0,673.0,23.0,6.0,0.0,23.69614512471655,0.0,1.0,3.0,-0.9503695881731768,10.520077348066298,3.0,,,14.29,0.74
2019-01-23,436.0,425.0,42.0,3.0,0.0,50.63879210220673,0.0,3.0,0.0,0.0,10.553078626799557,4.0,,,50.0,4.949
2019-01-24,596.0,258.0,49.0,2.0,0.0,69.78922716627635,1.0,2.0,1.0,0.6191950464396336,10.594274640088592,5.0,,,50.0,2.101
2019-01-25,226.0,660.0,16.0,5.0,0.0,25.5079006772009,1.0,2.0,3.0,-1.2601065755460574,10.497139689578715,6.0,,,28.57,3.798
2019-01-28,279.0,599.0,25.0,3.0,2.0,31.776765375854215,3.0,4.0,12.0,-0.9999999999999964,10.399911406423035,2.0,,,57.14,0.36
2019-01-29,123.0,765.0,16.0,2.0,2.0,13.85135135135135,22.0,1.0,3.0,-2.654867256637176,10.166637168141593,2.0,,,33.33,5.869
2019-01-30,156.0,734.0,17.0,2.0,3.0,17.528089887640448,3.0,2.0,4.0,-1.430274135876055,9.977100330760749,3.0,,,50.0,-0.039
2019-01-31,221.0,665.0,22.0,2.0,9.0,24.943566591422123,18.0,1.0,13.0,-1.7569583783505731,9.792533039647578,4.0,,,33.33,5.632
2019-02-01,876.0,28.0,4.0,2.0,0.0,96.90265486725663,2.0,3.0,1.0,3.076923076923078,10.104713656387664,5.0,,,60.0,4.633
2019-02-11,893.0,12.0,4.0,6.0,0.0,98.67403314917127,1.0,5.0,0.0,2.7741935483870948,10.426369636963695,6.0,,,45.45,8.485
2019-02-12,779.0,107.0,23.0,10.0,0.0,87.92325056433408,0.0,1.0,0.0,1.098901098901095,10.584015401540155,7.0,,,9.09,5.495
2019-02-13,844.0,54.0,12.0,8.0,0.0,93.98663697104676,0.0,2.0,1.0,1.734730981906638,10.812351648351648,8.0,,,20.0,3.438
2019-02-14,481.0,364.0,66.0,5.0,0.0,56.92307692307692,0.0,4.0,1.0,0.1423487544483955,10.883424807903403,4.0,,,44.44,3.245
2019-02-15,384.0,478.0,48.0,5.0,0.0,44.5475638051044,0.0,5.0,2.0,-0.15668536498545127,10.88076923076923,5.0,,,50.0,3.676
2019-02-18,906.0,3.0,1.0,4.0,0.0,99.66996699669967,0.0,7.0,0.0,3.347989357084896,11.284406593406592,6.0,,,63.64,4.287
2019-02-19,377.0,501.0,33.0,5.0,0.0,42.93849658314351,0.0,2.0,0.0,-0.2620087336244486,11.299066959385291,7.0,,,28.57,6.124
2019-02-20,395.0,478.0,38.0,4.0,0.0,45.246277205040094,1.0,6.0,1.0,-0.1814882032667838,11.301383095499451,3.0,,,60.0,0.955
2019-02-21,273.0,604.0,34.0,4.0,0.0,31.12884834663626,0.0,5.0,2.0,-0.7490636704119857,11.291536772777167,1.0,,,55.56,-1.058
2019-02-22,836.0,65.0,10.0,9.0,0.0,92.78579356270811,1.0,3.0,0.0,1.9367991845056007,11.55145993413831,2.0,,,25.0,5.075
2019-02-25,908.0,3.0,0.0,16.0,0.0,99.67069154774973,0.0,14.0,0.0,4.615384615384623,12.162206366630077,3.0,,,46.67,8.176
2019-02-26,360.0,530.0,21.0,10.0,0.0,40.44943820224719,0.0,7.0,7.0,-0.6115107913669127,12.13503841931943,4.0,,,41.18,1.512
2019-02-27,311.0,574.0,26.0,7.0,2.0,35.14124293785311,4.0,8.0,10.0,-0.8064516129032229,12.031009879253567,4.0,,,53.33,1.509
2019-02-28,614.0,275.0,22.0,3.0,2.0,69.06636670416198,4.0,3.0,3.0,0.8450704225352182,12.1607903402854,2.0,,,50.0,-0.432
2019-03-01,461.0,408.0,44.0,2.0,0.0,53.04948216340621,0.0,2.0,2.0,0.06779661016949,12.251555312157722,3.0,,,50.0,1.789
2019-03-04,800.0,91.0,22.0,7.0,0.0,89.78675645342312,0.0,10.0,0.0,1.2150668286755728,12.513789704271632,4.0,,,58.82,7.45
2019-03-05,831.0,76.0,6.0,6.0,0.0,91.6207276736494,0.0,6.0,0.0,2.591463414634159,12.872070098576124,5.0,,,50.0,6.378
2019-03-06,695.0,199.0,18.0,8.0,0.0,77.74049217002236,1.0,9.0,0.0,1.7288078604251496,13.104331140350876,6.0,,,52.94,5.451
2019-03-07,639.0,259.0,15.0,10.0,0.0,71.15812917594656,0.0,10.0,1.0,1.380042462845019,13.256812705366922,7.0,,,50.0,4.503
2019-03-08,125.0,786.0,2.0,5.0,22.0,13.721185510428102,28.0,2.0,15.0,-4.904051172707886,12.765027382256298,8.0,,,28.57,0.706
2019-03-11,887.0,26.0,1.0,16.0,0.0,97.15224534501642,1.0,8.0,4.0,4.660792888584002,13.3922647702407,3.0,,,33.33,8.323
2019-03-12,716.0,180.0,19.0,8.0,0.0,79.91071428571429,0.0,8.0,0.0,1.475409836065586,13.652743169398907,4.0,,,50.0,3.419
2019-03-13,160.0,749.0,5.0,5.0,5.0,17.601760176017603,9.0,4.0,25.0,-2.6605803830125376,13.266498905908096,2.0,,,44.44,-3.8
2019-03-14,127.0,785.0,2.0,1.0,5.0,13.925438596491228,14.0,1.0,10.0,-3.4403318274286043,12.86652078774617,3.0,,,50.0,2.492
2019-03-15,688.0,206.0,21.0,2.0,1.0,76.95749440715883,1.0,6.0,4.0,0.98039215686274,12.992765027322404,4.0,,,75.0,9.952
2019-03-18,828.0,82.0,5.0,9.0,0.0,90.98901098901099,1.0,2.0,1.0,2.014759293547935,13.283504366812227,5.0,,,18.18,5.316
2019-03-19,467.0,423.0,24.0,7.0,0.0,52.47191011235955,1.0,3.0,0.0,0.0888888888888869,13.339683060109289,6.0,,,30.0,1.832
2019-03-20,312.0,576.0,28.0,3.0,0.0,35.13513513513514,1.0,0.0,1.0,-0.7181351692839284,13.27075327510917,7.0,,,0.0,5.208
2019-03-21,626.0,249.0,40.0,5.0,0.0,71.54285714285714,0.0,4.0,3.0,0.7079646017699174,13.389005464480874,8.0,,,44.44,9.995
2019-03-22,413.0,478.0,24.0,5.0,0.0,46.352413019079684,1.0,7.0,1.0,-0.1578531965272263,13.423508196721311,9.0,,,58.33,4.14
2019-03-25,309.0,590.0,14.0,4.0,0.0,34.37152391546162,1.0,7.0,2.0,-1.084150748580283,13.339496166484118,6.0,,,63.64,2.422
2019-03-26,138.0,770.0,7.0,2.0,1.0,15.198237885462554,4.0,0.0,13.0,-3.1128404669260727,13.009158469945355,7.0,,,0.0,2.767
2019-03-27,522.0,370.0,23.0,8.0,0.0,58.52017937219731,3.0,4.0,0.0,0.5059021922428373,13.090240437158469,8.0,,,33.33,9.936
2019-03-28,248.0,650.0,17.0,6.0,3.0,27.616926503340757,6.0,3.0,4.0,-1.1467889908257043,12.935857923497267,9.0,,,33.33,6.168
2019-03-29,839.0,75.0,2.0,9.0,1.0,91.79431072210066,8.0,5.0,2.0,2.65560348864757,13.315109170305677,3.0,,,35.71,1.296
2019-04-01,904.0,15.0,0.0,11.0,0.0,98.36779107725789,1.0,5.0,0.0,3.3766233766233738,13.823569096844396,4.0,,,31.25,5.644
2019-04-02,477.0,425.0,18.0,5.0,0.0,52.88248337028825,0.0,5.0,4.0,0.1561895840270724,13.890532608695652,5.0,,,50.0,2.595
2019-04-03,603.0,291.0,24.0,6.0,0.0,67.4496644295302,0.0,3.0,0.0,0.6294260387262918,13.999379084967321,6.0,,,33.33,5.158
2019-04-04,367.0,527.0,27.0,7.0,0.0,41.05145413870246,0.0,4.0,4.0,-0.4081632653061318,13.999685124864277,5.0,,,36.36,1.806
2019-04-08,263.0,649.0,8.0,5.0,0.0,28.837719298245613,1.0,3.0,1.0,-1.6836249266703183,13.84236956521739,6.0,,,37.5,3.392
2019-04-09,579.0,317.0,24.0,2.0,0.0,64.62053571428571,2.0,1.0,2.0,0.644990189076944,13.921858695652174,3.0,,,33.33,-1.79
2019-04-10,344.0,549.0,26.0,3.0,1.0,38.52183650615901,2.0,4.0,2.0,-0.6423982869379069,13.83764961915125,4.0,,,57.14,-0.017
2019-04-11,160.0,743.0,15.0,3.0,1.0,17.718715393133998,3.0,2.0,13.0,-2.24363525804878,13.576013071895426,5.0,,,40.0,1.278
2019-04-12,450.0,443.0,25.0,3.0,2.0,50.391937290033596,2.0,2.0,5.0,0.0,13.565806100217864,1.0,,,40.0,-8.179
2019-04-15,226.0,668.0,25.0,4.0,2.0,25.279642058165546,2.0,4.0,3.0,-1.054018445322794,13.45051142546246,2.0,,,50.0,3.486
2019-04-16,819.0,91.0,10.0,9.0,1.0,90.0,3.0,0.0,1.0,2.0232722360382,13.731,3.0,,,0.0,0.969
2019-04-17,530.0,362.0,30.0,6.0,0.0,59.4170403587444,1.0,3.0,4.0,0.3470713744813493,13.839577006507593,4.0,,,33.33,5.835
2019-04-18,271.0,630.0,21.0,1.0,0.0,30.077691453940066,1.0,3.0,3.0,-1.0128719590063686,13.7520715835141,5.0,,,75.0,0.903
2019-04-19,612.0,285.0,25.0,1.0,0.0,68.22742474916387,0.0,2.0,1.0,0.6708596567223786,13.85648590021692,1.0,,,66.67,0.313
2019-04-22,231.0,683.0,9.0,4.0,1.0,25.27352297592998,1.0,2.0,5.0,-1.521357519016978,13.693521126760563,1.0,,,33.33,-0.922
2019-04-23,166.0,743.0,17.0,1.0,1.0,18.26182618261826,5.0,4.0,10.0,-2.1776273577489684,13.440939524838013,1.0,,,80.0,-3.232
2019-04-24,724.0,185.0,16.0,2.0,1.0,79.64796479647966,4.0,0.0,1.0,1.345291479820619,13.616118918918918,1.0,,,0.0,0.956
2019-04-25,72.0,848.0,7.0,2.0,4.0,7.82608695652174,6.0,4.0,12.0,-4.3695380774032415,13.113581445523193,1.0,,,66.67,-1.866
2019-04-26,336.0,574.0,16.0,3.0,3.0,36.92307692307693,10.0,2.0,8.0,-0.7322729618681847,12.964589632829373,2.0,,,40.0,-0.042
2019-04-29,127.0,793.0,7.0,2.0,15.0,13.804347826086957,28.0,0.0,67.0,-4.298245614035089,12.511823085221142,3.0,,,0.0,1.11
2019-04-30,692.0,218.0,16.0,4.0,5.0,76.04395604395604,9.0,4.0,3.0,1.1232390812221504,12.591263498920087,4.0,,,50.0,-0.016
2019-05-06,27.0,898.0,0.0,3.0,81.0,2.918918918918919,118.0,2.0,8.0,-9.063260340632617,11.618583783783784,5.0,,,40.0,6.473
2019-05-07,715.0,199.0,12.0,9.0,1.0,78.22757111597373,2.0,6.0,1.0,1.584760725737706,11.783336933045357,2.0,,,40.0,6.322
2019-05-08,462.0,425.0,39.0,6.0,4.0,52.08568207440811,6.0,6.0,4.0,0.0,11.816252699784018,2.0,,,50.0,0.282
2019-05-09,367.0,515.0,44.0,0.0,3.0,41.609977324263035,6.0,2.0,2.0,-0.28239490698309166,11.745291576673866,0.0,,,100.0,-1.806
2019-05-10,918.0,6.0,2.0,7.0,0.0,99.35064935064936,1.0,2.0,2.0,3.479205801701437,12.201933045356371,1.0,,,22.22,
2019-05-13,296.0,618.0,12.0,3.0,0.0,32.38512035010941,0.0,2.0,0.0,-1.0160307585017132,12.131900647948164,2.0,,,40.0,4.979
2019-05-14,281.0,623.0,23.0,3.0,0.0,31.08407079646018,0.0,2.0,3.0,-0.7462686567164021,12.07663430420712,3.0,,,40.0,5.381
2019-05-15,853.0,57.0,16.0,9.0,0.0,93.73626373626374,1.0,1.0,0.0,1.6834514170040527,12.321047516198705,4.0,,,10.0,4.179
2019-05-16,520.0,365.0,43.0,2.0,0.0,58.75706214689266,1.0,3.0,3.0,0.24096525455221665,12.344234913793104,5.0,,,60.0,1.172
2019-05-17,83.0,842.0,5.0,3.0,4.0,8.972972972972974,9.0,3.0,23.0,-4.0641259176583056,11.919473118279571,6.0,,,50.0,10.059
2019-05-20,525.0,383.0,23.0,4.0,2.0,57.819383259911895,11.0,2.0,4.0,0.6142506142506011,11.938786251342643,2.0,,,33.33,-0.54
2019-05-21,768.0,152.0,11.0,2.0,0.0,83.47826086956522,1.0,0.0,1.0,1.332288401253918,12.114876476906552,1.0,,,0.0,1.021
2019-05-22,352.0,557.0,22.0,1.0,0.0,38.72387238723872,1.0,4.0,2.0,-0.6164383561643826,12.110977443609022,1.0,,,80.0,0.941
2019-05-23,120.0,804.0,8.0,2.0,3.0,12.987012987012985,6.0,1.0,11.0,-2.472410518387533,11.813969957081547,1.0,,,33.33,-2.124
2019-05-24,340.0,557.0,36.0,3.0,2.0,37.9041248606466,3.0,3.0,5.0,-0.4848484848484745,11.765262593783493,2.0,,,50.0,3.881
2019-05-27,899.0,32.0,4.0,7.0,0.0,96.56283566058002,1.0,4.0,0.0,3.010471204188488,12.143540106951871,2.0,,,36.36,4.526
2019-05-28,344.0,561.0,30.0,4.0,0.0,38.011049723756905,0.0,5.0,0.0,-0.4360465116279106,12.153379679144384,3.0,,,55.56,4.824
2019-05-29,572.0,322.0,41.0,5.0,0.0,63.982102908277405,1.0,5.0,2.0,0.4440497335701661,12.239262032085561,4.0,,,50.0,7.688
2019-05-30,281.0,638.0,16.0,5.0,1.0,30.576713819368877,2.0,4.0,4.0,-1.0515247108307006,12.159989304812834,3.0,,,44.44,2.969
2019-05-31,464.0,435.0,36.0,6.0,1.0,51.61290322580645,1.0,5.0,2.0,0.0,12.246866310160428,4.0,,,45.45,6.767
2019-06-03,225.0,698.0,12.0,6.0,2.0,24.37703141928494,6.0,9.0,12.0,-1.722391084093211,12.091775401069517,4.0,,,60.0,-0.754
2019-06-04,198.0,726.0,11.0,4.0,5.0,21.428571428571427,9.0,1.0,14.0,-1.5927977839335088,11.922032085561497,5.0,,,20.0,0.068
2019-06-05,510.0,388.0,37.0,13.0,2.0,56.792873051224944,3.0,2.0,6.0,0.1897533206831247,11.95592513368984,6.0,,,13.33,4.902
2019-06-06,106.0,819.0,11.0,3.0,8.0,11.45945945945946,15.0,7.0,13.0,-2.863507363760185,11.603835470085471,2.0,,,70.0,-2.498
2019-06-10,707.0,204.0,26.0,7.0,2.0,77.60702524698134,4.0,3.0,3.0,1.1200000000000043,11.767235859124867,3.0,,,30.0,3.646
2019-06-11,926.0,9.0,2.0,9.0,0.0,99.03743315508021,3.0,3.0,0.0,3.485254691689013,12.213062966915688,4.0,,,25.0,4.06
2019-06-12,321.0,587.0,28.0,4.0,0.0,35.352422907488986,0.0,7.0,6.0,-0.609343542691181,12.192115384615384,3.0,,,63.64,2.615
2019-06-13,593.0,308.0,35.0,4.0,0.0,65.8157602663707,2.0,4.0,10.0,0.5084760369894795,12.246378205128206,3.0,,,50.0,-0.667
2019-06-14,77.0,846.0,13.0,2.0,6.0,8.342361863488625,8.0,0.0,13.0,-2.8800073728188753,11.923247863247862,1.0,,,0.0,-4.219
2019-06-17,487.0,409.0,38.0,5.0,0.0,54.35267857142857,1.0,4.0,4.0,0.13192663799844265,11.926970021413277,1.0,,,44.44,0.525
2019-06-18,422.0,470.0,43.0,3.0,0.0,47.309417040358746,3.0,0.0,2.0,-0.066093853271656,11.95,2.0,,,0.0,1.487
2019-06-19,777.0,133.0,25.0,6.0,0.0,85.38461538461539,0.0,1.0,1.0,1.1851851851851862,12.156748663101604,3.0,,,14.29,7.876
2019-06-20,751.0,166.0,18.0,8.0,0.0,81.89749182115594,1.0,4.0,2.0,1.1668611435239165,12.314256684491978,4.0,,,33.33,3.601
2019-06-21,864.0,61.0,10.0,3.0,0.0,93.4054054054054,0.0,3.0,1.0,2.2533022533022606,12.63825668449198,3.0,,,50.0,1.623
2019-06-24,285.0,633.0,20.0,3.0,0.0,31.045751633986928,0.0,4.0,7.0,-0.7891030392883608,12.586151385927504,1.0,,,57.14,1.389
2019-06-25,225.0,698.0,16.0,3.0,1.0,24.37703141928494,2.0,2.0,3.0,-1.4388489208633,12.429105431309905,2.0,,,40.0,1.859
2019-06-26,466.0,442.0,32.0,2.0,1.0,51.3215859030837,1.0,1.0,2.0,0.0,12.483882978723404,3.0,,,33.33,-1.708
2019-06-27,584.0,309.0,48.0,2.0,0.0,65.39753639417694,1.0,6.0,4.0,0.4078857919782374,12.604771519659936,1.0,,,75.0,2.11
2019-06-28,144.0,783.0,14.0,0.0,1.0,15.53398058252427,3.0,3.0,6.0,-1.944106925880925,12.403581296493092,0.0,,,100.0,-1.883
2019-07-01,911.0,24.0,4.0,8.0,0.0,97.43315508021391,0.0,7.0,0.0,2.936630602782077,12.856166134185305,1.0,,,46.67,
2019-07-02,407.0,504.0,29.0,2.0,0.0,44.6761800219539,0.0,5.0,7.0,-0.2457373327537019,12.876063829787235,2.0,,,71.43,-1.155
2019-07-03,190.0,732.0,18.0,2.0,0.0,20.607375271149674,0.0,3.0,2.0,-1.5198275757265258,12.708978723404256,1.0,,,60.0,-1.22
2019-07-04,307.0,584.0,49.0,5.0,1.0,34.45566778900112,2.0,3.0,7.0,-0.5569816600261535,12.626893617021278,2.0,,,37.5,2.704
2019-07-05,562.0,332.0,46.0,4.0,0.0,62.86353467561522,1.0,4.0,2.0,0.3839840371156694,12.724659574468085,2.0,,,50.0,-0.563
2019-07-08,66.0,869.0,5.0,1.0,1.0,7.0588235294117645,5.0,2.0,3.0,-4.0369821642258845,12.29527659574468,1.0,,,66.67,0.086
2019-07-09,598.0,305.0,36.0,2.0,1.0,66.22369878183831,3.0,4.0,2.0,0.5050505050504942,12.365165069222577,1.0,,,66.67,-3.731
2019-07-10,281.0,634.0,24.0,3.0,0.0,30.710382513661198,2.0,1.0,5.0,-0.763358778625953,12.318892438764644,1.0,,,25.0,-1.96
2019-07-11,447.0,432.0,59.0,2.0,0.0,50.85324232081911,0.0,2.0,3.0,0.0,12.317473347547976,1.0,,,50.0,-1.153
2019-07-12,498.0,402.0,39.0,3.0,0.0,55.333333333333336,0.0,0.0,4.0,0.1614205004035478,12.311938232161873,1.0,,,0.0,-2.704
2019-07-15,686.0,235.0,21.0,2.0,1.0,74.48425624321389,4.0,2.0,1.0,1.104742624964878,12.469182590233546,2.0,,,50.0,1.24
2019-07-16,518.0,386.0,39.0,2.0,0.0,57.30088495575221,0.0,1.0,0.0,0.1811594202898673,12.524475079533405,3.0,,,33.33,5.595
2019-07-17,401.0,490.0,51.0,3.0,0.0,45.00561167227834,1.0,2.0,0.0,-0.131839671834808,12.549819532908705,2.0,,,40.0,2.98
2019-07-18,114.0,818.0,11.0,1.0,0.0,12.231759656652361,1.0,3.0,2.0,-2.3728813559322126,12.303669141039236,1.0,,,75.0,-4.237
2019-07-19,572.0,321.0,50.0,0.0,1.0,64.05375139977603,1.0,2.0,2.0,0.3671970624234927,12.354973488865323,0.0,,,100.0,1.375
2019-07-22,91.0,847.0,5.0,0.0,4.0,9.701492537313433,16.0,0.0,6.0,-3.3239038189533283,11.98204665959703,0.0,,,,
2019-07-23,821.0,101.0,21.0,5.0,0.0,89.04555314533621,1.0,2.0,0.0,1.4705882352941255,12.202354188759278,1.0,,,28.57,
2019-07-24,802.0,116.0,26.0,4.0,0.0,87.36383442265794,0.0,1.0,0.0,1.3469193497655008,12.42271186440678,2.0,,,20.0,4.511
2019-07-25,516.0,367.0,60.0,4.0,0.0,58.437146092865234,0.0,3.0,6.0,0.1694915254237252,12.475302226935312,3.0,,,42.86,2.089
2019-07-26,371.0,525.0,48.0,2.0,1.0,41.40625,1.0,5.0,1.0,-0.204290091930537,12.481832627118644,2.0,,,71.43,0.335
2019-07-29,442.0,462.0,41.0,4.0,0.0,48.89380530973451,0.0,1.0,0.0,0.0,12.546592592592594,3.0,,,20.0,4.722
2019-07-30,561.0,344.0,40.0,3.0,0.0,61.988950276243095,0.0,0.0,0.0,0.3510825043885238,12.605915343915344,4.0,,,0.0,4.815
2019-07-31,279.0,626.0,41.0,2.0,1.0,30.82872928176796,1.0,2.0,3.0,-0.7449055032349745,12.559788583509514,3.0,,,50.0,-1.188
2019-08-01,386.0,526.0,34.0,3.0,0.0,42.32456140350877,1.0,1.0,0.0,-0.24858568640529688,12.582716701902749,4.0,,,25.0,6.89
2019-08-02,163.0,773.0,10.0,2.0,0.0,17.414529914529915,0.0,2.0,1.0,-1.9560139419767788,12.417959830866806,5.0,,,50.0,7.864
2019-08-05,223.0,706.0,18.0,6.0,1.0,24.004305705059203,1.0,5.0,1.0,-1.1228533685601052,12.301879619852164,6.0,,,45.45,9.983
2019-08-06,143.0,800.0,3.0,4.0,0.0,15.1643690349947,9.0,4.0,2.0,-3.2786885245901707,12.023002114164905,7.0,,,50.0,4.276
2019-08-07,298.0,620.0,27.0,2.0,1.0,32.46187363834422,2.0,2.0,4.0,-0.7722007722007729,11.94258201058201,3.0,,,50.0,-1.083
2019-08-08,659.0,244.0,43.0,3.0,0.0,72.97895902547066,3.0,1.0,1.0,0.5713313524014523,12.061268498942917,4.0,,,25.0,2.905
2019-08-09,198.0,728.0,20.0,3.0,0.0,21.382289416846653,1.0,1.0,0.0,-1.3679916161389332,11.92330866807611,5.0,,,25.0,3.143
2019-08-12,847.0,84.0,16.0,1.0,1.0,90.97744360902256,1.0,2.0,2.0,1.830282861896844,12.172534318901794,1.0,,,66.67,-0.899
2019-08-13,258.0,669.0,19.0,5.0,1.0,27.831715210355988,1.0,0.0,2.0,-0.9637744335171977,12.121923890063425,2.0,,,0.0,10.015
2019-08-14,627.0,266.0,53.0,5.0,1.0,70.2127659574468,1.0,6.0,3.0,0.498781033882281,12.228171247357293,3.0,,,54.55,3.219
2019-08-15,520.0,372.0,54.0,3.0,1.0,58.29596412556054,3.0,2.0,0.0,0.2275810644269299,12.315813953488373,4.0,,,40.0,4.247
2019-08-16,544.0,357.0,46.0,5.0,0.0,60.37735849056604,0.0,3.0,0.0,0.3051881993896171,12.385438225976769,2.0,,,37.5,7.277
2019-08-19,921.0,24.0,3.0,13.0,0.0,97.46031746031746,1.0,3.0,0.0,3.198348877665215,12.860506329113925,3.0,,,18.75,6.692
2019-08-20,433.0,476.0,39.0,6.0,0.0,47.634763476347636,1.0,9.0,6.0,-0.06626309329040746,12.885221518987342,3.0,,,60.0,1.058
2019-08-21,421.0,493.0,34.0,1.0,0.0,46.06126914660831,0.0,7.0,3.0,-0.1273260714517252,12.895822784810127,4.0,,,87.5,1.393
2019-08-22,534.0,371.0,43.0,4.0,0.0,59.005524861878456,2.0,0.0,1.0,0.246156176626519,12.925601265822785,1.0,,,0.0,-5.916
2019-08-23,284.0,631.0,33.0,0.0,0.0,31.038251366120218,0.0,1.0,5.0,-0.7726150963523427,12.863945147679326,0.0,,,100.0,0.268
2019-08-26,231.0,695.0,22.0,7.0,0.0,24.946004319654428,0.0,5.0,0.0,-1.201144121264031,12.81318565400844,1.0,,,41.67,
2019-08-27,837.0,103.0,9.0,5.0,0.0,89.04255319148936,0.0,2.0,0.0,1.7881705639614962,13.030010537407797,2.0,,,28.57,4.697
2019-08-28,398.0,516.0,35.0,5.0,0.0,43.544857768052516,1.0,1.0,1.0,-0.2766251728907394,13.032128556375131,3.0,,,16.67,2.272
2019-08-29,390.0,518.0,41.0,2.0,0.0,42.951541850220266,0.0,4.0,0.0,-0.2525252525252471,13.043371970495258,3.0,,,66.67,2.155
2019-08-30,156.0,782.0,12.0,1.0,1.0,16.631130063965884,1.0,3.0,11.0,-2.049793914551524,12.833705263157896,1.0,,,75.0,2.639
2019-09-02,920.0,28.0,3.0,4.0,0.0,97.0464135021097,0.0,3.0,1.0,2.604166666666673,13.211808622502629,2.0,,,42.86,9.981
2019-09-03,642.0,272.0,37.0,3.0,0.0,70.24070021881839,0.0,2.0,3.0,0.6377551020408141,13.346961093585698,2.0,,,40.0,2.788
2019-09-04,596.0,316.0,39.0,5.0,0.0,65.35087719298247,1.0,1.0,2.0,0.4347826086956622,13.43856992639327,3.0,,,16.67,10.055
2019-09-05,697.0,218.0,36.0,5.0,0.0,76.17486338797815,0.0,6.0,1.0,0.6944444444444295,13.590578338590957,3.0,,,54.55,3.438
2019-09-06,580.0,331.0,41.0,1.0,1.0,63.666300768386385,1.0,4.0,3.0,0.43076047268423645,13.650336134453783,1.0,,,80.0,-4.545
2019-09-09,894.0,47.0,11.0,7.0,0.0,95.00531349628055,0.0,1.0,0.0,2.20497920747768,14.041827731092436,2.0,,,12.5,9.975
2019-09-10,446.0,464.0,41.0,2.0,0.0,49.01098901098901,0.0,5.0,1.0,0.0,14.023827549947423,3.0,,,71.43,1.133
2019-09-11,248.0,678.0,26.0,2.0,0.0,26.78185745140389,0.0,0.0,3.0,-1.026412822635257,13.904495798319328,4.0,,,0.0,3.149
2019-09-12,634.0,279.0,39.0,3.0,0.0,69.44140197152245,0.0,0.0,2.0,0.5465090846010614,13.992678571428572,5.0,,,0.0,5.481
2019-09-16,537.0,383.0,31.0,5.0,0.0,58.369565217391305,0.0,1.0,1.0,0.2828854314002768,14.085162986330179,6.0,,,16.67,7.238
2019-09-17,114.0,831.0,7.0,7.0,0.0,12.063492063492063,0.0,1.0,3.0,-2.753454535318828,13.779086134453783,7.0,,,12.5,7.212
2019-09-18,468.0,443.0,42.0,8.0,0.0,51.37211855104281,0.0,2.0,2.0,0.0,13.818174186778593,8.0,,,20.0,4.08
2019-09-19,770.0,159.0,24.0,10.0,0.0,82.88482238966631,0.0,1.0,0.0,1.2474849094567353,14.051878279118574,9.0,,,9.09,6.041
2019-09-20,398.0,526.0,29.0,7.0,0.0,43.073593073593074,0.0,5.0,5.0,-0.2958579881656916,14.061825813221406,10.0,,,41.67,5.019
2019-09-23,338.0,602.0,14.0,5.0,0.0,35.95744680851064,0.0,1.0,2.0,-0.8408093213141514,14.017809224318658,11.0,,,16.67,5.873
2019-09-24,484.0,434.0,35.0,5.0,0.0,52.723311546840954,0.0,3.0,3.0,0.0850340136054403,14.104543546694648,12.0,,,37.5,8.586
2019-09-25,148.0,795.0,11.0,5.0,4.0,15.69459172852598,6.0,3.0,7.0,-2.4144474173234567,13.80667714884696,13.0,,,37.5,1.69
2019-09-26,95.0,852.0,6.0,7.0,6.0,10.03167898627244,15.0,2.0,36.0,-3.5148173673328724,13.303473242392444,14.0,,,22.22,7.687
2019-09-27,703.0,223.0,27.0,6.0,3.0,75.91792656587472,9.0,5.0,2.0,0.926879505664262,13.475320041972717,15.0,,,45.45,3.55
2019-09-30,183.0,752.0,21.0,1.0,5.0,19.572192513368982,6.0,3.0,5.0,-1.427615921708791,13.281443514644351,3.0,,,75.0,0.686
2019-10-08,437.0,472.0,46.0,3.0,3.0,48.07480748074808,4.0,5.0,6.0,0.0,13.245497382198954,1.0,,,62.5,8.012
2019-10-09,755.0,178.0,23.0,5.0,0.0,80.92175777063237,1.0,3.0,2.0,1.1449029290262538,13.392824267782428,2.0,,,37.5,3.376
2019-10-10,801.0,122.0,32.0,4.0,0.0,86.78223185265439,0.0,4.0,0.0,1.1011699931176886,13.657465968586386,3.0,,,50.0,3.306
2019-10-11,397.0,522.0,37.0,4.0,0.0,43.19912948857454,0.0,5.0,3.0,-0.2609689093278887,13.634100418410043,4.0,,,55.56,4.537
2019-10-14,817.0,125.0,14.0,10.0,0.0,86.7303609341826,0.0,6.0,1.0,1.4156908218092992,13.865585774058577,5.0,,,37.5,10.024
2019-10-15,248.0,684.0,24.0,2.0,4.0,26.609442060085836,4.0,4.0,9.0,-1.3919168039828889,13.650219665271967,1.0,,,66.67,-4.299
2019-10-16,303.0,627.0,26.0,3.0,1.0,32.58064516129032,1.0,2.0,2.0,-0.7229353291034704,13.617060669456066,1.0,,,40.0,-4.297
2019-10-17,411.0,511.0,34.0,1.0,2.0,44.577006507592195,2.0,0.0,2.0,-0.18064629113558744,13.623587866108787,1.0,,,0.0,-5.609
2019-10-18,187.0,744.0,24.0,0.0,0.0,20.0859291084855,0.0,0.0,2.0,-1.5151515151515276,13.471979057591623,0.0,,,,-7.772
2019-10-21,429.0,500.0,26.0,0.0,1.0,46.178686759956946,9.0,0.0,7.0,-0.2247191011235907,13.361591623036649,0.0,,,,
2019-10-22,760.0,171.0,25.0,3.0,0.0,81.63265306122449,1.0,2.0,1.0,1.0704546581387242,13.584822175732217,1.0,,,40.0,
2019-10-23,267.0,665.0,24.0,2.0,0.0,28.6480686695279,0.0,3.0,2.0,-0.7926286244716715,13.458682008368202,1.0,,,60.0,1.199
2019-10-24,429.0,493.0,35.0,2.0,3.0,46.529284164859,4.0,1.0,0.0,-0.1216545012165424,13.422277951933125,1.0,,,33.33,-3.929
2019-10-25,616.0,306.0,35.0,1.0,2.0,66.81127982646422,3.0,3.0,0.0,0.5133470225872581,13.510710553814002,1.0,,,75.0,1.579
2019-10-28,803.0,136.0,19.0,4.0,2.0,85.51650692225772,3.0,3.0,0.0,1.7318402242820647,13.795897703549059,1.0,,,42.86,0.053
2019-10-29,128.0,811.0,20.0,3.0,3.0,13.631522896698616,3.0,0.0,13.0,-2.130177514792896,13.559541188738269,2.0,,,0.0,3.319
2019-10-30,257.0,690.0,13.0,3.0,1.0,27.13833157338965,4.0,1.0,1.0,-1.3959984409510189,13.458770833333334,3.0,,,25.0,4.969
2019-10-31,205.0,736.0,17.0,1.0,4.0,21.785334750265676,9.0,3.0,6.0,-1.277318263467791,13.290636743215032,1.0,,,75.0,-4.695
2019-11-01,710.0,222.0,27.0,4.0,1.0,76.1802575107296,2.0,4.0,0.0,0.8934269304403355,13.424254431699687,2.0,,,50.0,10.021
2019-11-04,490.0,430.0,40.0,3.0,1.0,53.2608695652174,1.0,4.0,2.0,0.07291311138826614,13.523666666666665,3.0,,,57.14,2.629
2019-11-05,410.0,508.0,41.0,0.0,0.0,44.66230936819172,0.0,1.0,1.0,-0.1908396946564912,13.553065693430657,0.0,,,100.0,-2.429
2019-11-06,225.0,707.0,25.0,2.0,1.0,24.141630901287552,1.0,2.0,0.0,-1.2121212121212133,13.438275862068966,1.0,,,50.0,
2019-11-07,647.0,269.0,45.0,2.0,0.0,70.63318777292577,0.0,4.0,2.0,0.5241700640652291,13.551602497398543,1.0,,,66.67,2.804
2019-11-08,374.0,546.0,41.0,4.0,0.0,40.65217391304348,0.0,1.0,2.0,-0.2547121752419802,13.549219562955255,2.0,,,20.0,4.799
2019-11-11,112.0,847.0,4.0,2.0,0.0,11.678832116788321,1.0,1.0,0.0,-3.043022035676801,13.207580477673936,1.0,,,33.33,-0.689
2019-11-12,581.0,344.0,39.0,5.0,0.0,62.810810810810814,0.0,2.0,0.0,0.403733187291768,13.250020746887968,2.0,,,28.57,9.023
2019-11-13,328.0,600.0,35.0,3.0,0.0,35.3448275862069,1.0,1.0,1.0,-0.5444646098003514,13.273042575285567,3.0,,,25.0,5.068
2019-11-14,640.0,259.0,63.0,8.0,0.0,71.19021134593993,0.0,1.0,0.0,0.44021135312508763,13.367037422037422,4.0,,,11.11,9.469
2019-11-15,185.0,761.0,18.0,3.0,4.0,19.556025369978858,7.0,5.0,8.0,-1.465125071652455,13.243744813278008,5.0,,,62.5,1.616
2019-11-18,663.0,266.0,37.0,3.0,0.0,71.36706135629709,2.0,1.0,3.0,0.6570313579223699,13.329865424430642,6.0,,,25.0,6.473
2019-11-19,897.0,57.0,13.0,6.0,0.0,94.0251572327044,0.0,1.0,1.0,1.775147928994087,13.61789038262668,7.0,,,14.29,6.989
2019-11-20,239.0,703.0,25.0,1.0,0.0,25.371549893842886,0.0,2.0,2.0,-1.0235414534288605,13.53340227507756,8.0,,,66.67,-0.049
2019-11-21,438.0,491.0,38.0,1.0,0.0,47.14747039827772,0.0,2.0,0.0,-0.0852514919011064,13.519193381592554,9.0,,,66.67,10.022
2019-11-22,193.0,745.0,30.0,2.0,2.0,20.575692963752665,3.0,2.0,7.0,-1.339232811604232,13.2675,10.0,,,50.0,9.993
2019-11-25,255.0,688.0,27.0,2.0,2.0,27.041357370095444,5.0,0.0,13.0,-1.3394157167817689,13.006103092783505,11.0,,,0.0,9.977
2019-11-26,390.0,535.0,46.0,0.0,1.0,42.16216216216216,3.0,0.0,3.0,-0.2049180327868808,13.00244078269825,0.0,,,,-3.58
2019-11-27,393.0,529.0,48.0,0.0,2.0,42.624728850325376,4.0,0.0,2.0,-0.22450436439117705,13.023628865979381,0.0,,,,
2019-11-28,317.0,617.0,36.0,1.0,0.0,33.940042826552464,0.0,0.0,2.0,-0.43855347073167916,12.998505154639174,1.0,,,0.0,
2019-11-29,541.0,381.0,47.0,1.0,1.0,58.6767895878525,1.0,1.0,1.0,0.2139037433155034,12.999009287925697,1.0,,,50.0,7.918
2019-12-02,494.0,434.0,44.0,1.0,1.0,53.23275862068966,2.0,3.0,2.0,0.074906409070912,13.025956790123457,2.0,,,75.0,10.007
2019-12-03,677.0,262.0,34.0,4.0,0.0,72.09797657082002,1.0,0.0,2.0,0.6240249609984405,13.120729701952722,3.0,,,0.0,9.994
2019-12-04,475.0,438.0,61.0,2.0,0.0,52.026286966046,0.0,2.0,1.0,0.0,13.148305954825462,2.0,,,50.0,3.594
2019-12-05,859.0,93.0,23.0,9.0,0.0,90.23109243697479,0.0,0.0,0.0,1.046337817638257,13.380482051282051,3.0,,,0.0,10.03
2019-12-06,680.0,247.0,48.0,3.0,0.0,73.35490830636462,1.0,3.0,0.0,0.5341246290801178,13.51065641025641,4.0,,,50.0,2.891
2019-12-09,493.0,428.0,54.0,2.0,1.0,53.528773072747015,1.0,0.0,0.0,0.072780203784569,13.509928205128205,5.0,,,0.0,5.458
2019-12-10,608.0,305.0,61.0,3.0,0.0,66.59364731653888,0.0,0.0,0.0,0.41004623791509065,13.640112936344968,6.0,,,0.0,10.019
2019-12-11,301.0,625.0,48.0,4.0,1.0,32.50539956803456,1.0,2.0,2.0,-0.5714285714285778,13.585,7.0,,,33.33,6.116
2019-12-12,382.0,549.0,44.0,8.0,0.0,41.03114930182599,0.0,0.0,4.0,-0.2906976744185984,13.578133333333334,8.0,,,0.0,7.436
2019-12-13,799.0,155.0,21.0,2.0,0.0,83.75262054507337,0.0,4.0,1.0,1.0364842454394694,13.762030769230769,9.0,,,66.67,0.617
2019-12-16,892.0,67.0,16.0,5.0,0.0,93.0135557872784,0.0,2.0,0.0,1.760268231349546,14.052441025641025,1.0,,,28.57,3.464
2019-12-17,768.0,181.0,24.0,4.0,0.0,80.927291886196,0.0,4.0,0.0,0.8530183727034055,14.203854059609455,2.0,,,50.0,3.771
2019-12-18,479.0,445.0,52.0,3.0,0.0,51.83982683982684,0.0,5.0,0.0,0.0,14.243319672131147,2.0,,,62.5,5.375
2019-12-19,643.0,301.0,32.0,3.0,0.0,68.11440677966102,0.0,2.0,3.0,0.4823151904568354,14.273309426229508,2.0,,,40.0,5.501
2019-12-20,212.0,747.0,17.0,2.0,0.0,22.10636079249218,0.0,2.0,1.0,-1.3714303626845565,14.141116803278688,3.0,,,50.0,1.662
2019-12-23,139.0,826.0,12.0,2.0,2.0,14.404145077720207,3.0,2.0,7.0,-2.373887240356085,13.88930399181167,4.0,,,50.0,6.75
2019-12-24,858.0,108.0,12.0,3.0,1.0,88.81987577639751,3.0,2.0,1.0,1.6070734475825472,14.13993865030675,5.0,,,40.0,4.161
2019-12-25,545.0,387.0,46.0,2.0,0.0,58.47639484978541,0.0,0.0,0.0,0.2467347992916215,14.257341513292435,6.0,,,0.0,2.544
2019-12-26,667.0,279.0,31.0,2.0,0.0,70.50739957716702,0.0,3.0,1.0,0.4830917874396246,14.390276356192425,7.0,,,60.0,6.497
2019-12-27,193.0,759.0,26.0,2.0,0.0,20.27310924369748,0.0,3.0,3.0,-1.2663573383510132,14.215654396728016,8.0,,,60.0,5.0
2019-12-30,511.0,430.0,38.0,3.0,0.0,54.30393198724761,3.0,1.0,2.0,0.1267427122940516,14.244218590398367,1.0,,,25.0,-5.12
2019-12-31,543.0,400.0,37.0,3.0,0.0,57.582184517497346,0.0,3.0,0.0,0.19569940035941635,14.305826530612244,2.0,,,50.0,3.312
2020-01-02,894.0,68.0,18.0,6.0,0.0,92.93139293139293,0.0,1.0,0.0,1.77391390193187,14.620530612244899,3.0,,,14.29,5.839
2020-01-03,541.0,399.0,40.0,2.0,0.0,57.5531914893617,0.0,4.0,4.0,0.22573478455830914,14.664438775510204,4.0,,,66.67,3.677
2020-01-06,590.0,358.0,32.0,4.0,0.0,62.236286919831215,0.0,4.0,1.0,0.3998480394731958,14.770234693877551,5.0,,,50.0,8.633
2020-01-07,777.0,188.0,17.0,4.0,0.0,80.51813471502591,0.0,4.0,0.0,1.0489510489510523,14.975885947046843,6.0,,,50.0,4.09
2020-01-08,201.0,768.0,13.0,2.0,0.0,20.743034055727556,0.0,1.0,1.0,-1.8896283916993908,14.79725050916497,2.0,,,33.33,0.87
2020-01-09,864.0,106.0,11.0,3.0,0.0,89.07216494845362,1.0,1.0,2.0,1.690140845070424,15.115647298674823,3.0,,,25.0,5.921
2020-01-10,363.0,592.0,27.0,5.0,0.0,38.010471204188484,0.0,1.0,3.0,-0.5398719511898866,15.137067209775967,4.0,,,16.67,3.979
2020-01-13,768.0,183.0,29.0,9.0,0.0,80.7570977917981,0.0,0.0,1.0,0.8328997571973659,15.338408163265305,5.0,,,0.0,4.173
2020-01-14,388.0,563.0,29.0,9.0,0.0,40.79915878023134,0.0,3.0,2.0,-0.41099116629602545,15.28662244897959,6.0,,,25.0,3.025
2020-01-15,375.0,587.0,19.0,3.0,0.0,38.981288981288984,0.0,0.0,1.0,-0.6024096385542175,15.288205912334352,7.0,,,0.0,1.517
2020-01-16,338.0,615.0,27.0,4.0,0.0,35.46694648478489,0.0,1.0,2.0,-0.6342499250431866,15.309275510204081,8.0,,,20.0,9.961
2020-01-17,327.0,610.0,45.0,6.0,0.0,34.898612593383135,0.0,3.0,6.0,-0.5973792394655749,15.31590631364562,9.0,,,33.33,7.016
2020-01-20,692.0,269.0,21.0,2.0,1.0,72.00832466181062,3.0,4.0,2.0,0.8850531958386916,15.542698574338086,10.0,,,66.67,2.442
2020-01-21,256.0,714.0,11.0,2.0,2.0,26.39175257731959,5.0,2.0,3.0,-1.518987341772153,15.420244648318043,6.0,,,50.0,0.498
2020-01-22,501.0,448.0,34.0,1.0,2.0,52.79241306638567,7.0,3.0,3.0,0.0811030008110282,15.53466937945066,2.0,,,75.0,0.794
2020-01-23,83.0,893.0,7.0,1.0,2.0,8.504098360655737,11.0,2.0,2.0,-3.738317757009349,14.967772126144455,3.0,,,66.67,9.979
2020-02-03,48.0,936.0,0.0,4.0,204.0,4.878048780487805,213.0,0.0,9.0,-9.988633111465285,13.696382113821137,4.0,,,0.0,10.0
2020-02-04,405.0,573.0,6.0,15.0,0.0,41.41104294478527,113.0,6.0,0.0,-1.798075202207691,13.832815040650406,5.0,,,28.57,5.075
2020-02-05,882.0,92.0,11.0,10.0,0.0,90.55441478439425,0.0,9.0,0.0,2.311435523114349,14.221817258883249,6.0,,,47.37,5.56
2020-02-06,912.0,61.0,13.0,13.0,0.0,93.73072970195273,0.0,5.0,0.0,2.0726434310345008,14.681369168356998,7.0,,,27.78,6.891
2020-02-07,710.0,253.0,23.0,11.0,0.0,73.72793354101765,0.0,1.0,10.0,1.418723874122565,14.925649087221096,8.0,,,8.33,5.168
2020-02-10,705.0,269.0,12.0,10.0,1.0,72.38193018480493,2.0,5.0,12.0,1.3342709130721198,15.093367139959431,6.0,,,33.33,1.711
2020-02-11,300.0,669.0,18.0,10.0,2.0,30.959752321981426,3.0,2.0,7.0,-0.9589041095890328,15.047031408308005,7.0,,,16.67,-0.097
2020-02-12,873.0,96.0,19.0,5.0,0.0,90.09287925696594,3.0,4.0,0.0,1.4754165027049178,15.387327935222672,5.0,,,44.44,3.038
2020-02-13,239.0,744.0,6.0,3.0,0.0,24.313326551373347,0.0,3.0,6.0,-1.6393442622950762,15.263862487360973,6.0,,,50.0,-0.065
2020-02-14,449.0,506.0,35.0,3.0,1.0,47.01570680628272,2.0,3.0,2.0,-0.0983133178638509,15.318555555555557,7.0,,,50.0,5.8
2020-02-17,967.0,19.0,4.0,9.0,0.0,98.07302231237323,0.0,3.0,0.0,3.6554035220451357,15.949454545454545,8.0,,,25.0,6.459
2020-02-18,835.0,137.0,17.0,7.0,0.0,85.90534979423869,0.0,3.0,5.0,2.063375092114955,16.33969666329626,9.0,,,30.0,4.143
2020-02-19,343.0,632.0,16.0,11.0,1.0,35.17948717948718,1.0,2.0,9.0,-0.8603832616347238,16.219091826437943,10.0,,,15.38,3.098
2020-02-20,827.0,150.0,14.0,9.0,0.0,84.64687819856704,0.0,6.0,0.0,1.5483870967741948,16.534803229061556,4.0,,,40.0,5.421
2020-02-21,671.0,294.0,26.0,7.0,0.0,69.53367875647668,0.0,3.0,3.0,0.8486562942008431,16.835580221997983,3.0,,,30.0,0.182
2020-02-24,721.0,250.0,20.0,19.0,0.0,74.25334706488157,2.0,2.0,1.0,1.473684210526322,17.2477194752775,4.0,,,9.52,7.306
2020-02-25,347.0,637.0,7.0,10.0,0.0,35.264227642276424,3.0,2.0,1.0,-1.4260249554367213,17.274460141271444,5.0,,,16.67,5.228
2020-02-26,235.0,745.0,10.0,6.0,6.0,23.97959183673469,8.0,3.0,14.0,-2.7200795700840352,16.599858585858588,6.0,,,33.33,5.396
2020-02-27,526.0,431.0,34.0,6.0,5.0,54.96342737722048,6.0,5.0,12.0,0.189274447949534,16.669293642785068,7.0,,,45.45,-0.281
2020-02-28,63.0,927.0,1.0,4.0,27.0,6.363636363636363,42.0,5.0,4.0,-6.713780918727913,15.70326942482341,1.0,,,55.56,-3.021
2020-03-02,949.0,41.0,1.0,22.0,0.0,95.85858585858585,4.0,8.0,2.0,4.07554671968191,16.32780020181635,2.0,,,26.67,7.634
2020-03-03,695.0,262.0,34.0,9.0,0.0,72.62277951933125,0.0,9.0,5.0,0.8403361344537785,16.59135216952573,3.0,,,50.0,3.007
2020-03-04,608.0,362.0,20.0,4.0,1.0,62.68041237113402,4.0,6.0,6.0,0.6666666666666672,16.64528282828283,4.0,,,60.0,0.289
2020-03-05,730.0,236.0,24.0,8.0,0.0,75.56935817805382,1.0,5.0,6.0,1.2384789969461854,16.810606060606062,5.0,,,38.46,8.137
2020-03-06,410.0,556.0,23.0,4.0,0.0,42.44306418219462,0.0,5.0,2.0,-0.3999999999999915,16.759373104145602,6.0,,,55.56,3.285
2020-03-09,132.0,854.0,4.0,7.0,4.0,13.387423935091277,4.0,3.0,9.0,-4.207925801011804,16.08710101010101,7.0,,,30.0,5.453
2020-03-10,851.0,134.0,5.0,7.0,3.0,86.39593908629442,8.0,6.0,5.0,2.7591107844387324,16.557131313131315,8.0,,,46.15,-0.149
2020-03-11,241.0,727.0,22.0,3.0,1.0,24.89669421487603,5.0,5.0,7.0,-1.7167698202180892,16.292919191919193,9.0,,,62.5,1.645
2020-03-12,175.0,811.0,5.0,3.0,2.0,17.748478701825558,3.0,3.0,6.0,-2.2673031026253136,15.989475277497476,4.0,,,50.0,3.32
2020-03-13,257.0,728.0,8.0,5.0,4.0,26.091370558375637,12.0,3.0,4.0,-1.82303245887061,15.827955689828801,5.0,,,37.5,1.732
2020-03-16,81.0,908.0,4.0,6.0,14.0,8.190091001011123,23.0,4.0,135.0,-4.784130688448076,15.053575025176235,6.0,,,40.0,1.962
2020-03-17,438.0,530.0,24.0,7.0,1.0,45.24793388429752,12.0,2.0,6.0,-0.30364403576116306,15.064354838709678,3.0,,,22.22,5.391
2020-03-18,210.0,766.0,17.0,6.0,0.0,21.51639344262295,1.0,6.0,19.0,-1.7513134851138374,14.90255790533736,4.0,,,50.0,0.189
2020-03-19,724.0,256.0,14.0,7.0,2.0,73.87755102040816,5.0,1.0,3.0,1.3382329038179508,15.077897384305835,5.0,,,12.5,6.519
2020-03-20,729.0,242.0,24.0,10.0,1.0,75.07723995880535,2.0,4.0,6.0,1.139240506329112,15.228854271356782,6.0,,,28.57,2.981
2020-03-23,90.0,901.0,3.0,2.0,17.0,9.081735620585267,23.0,3.0,17.0,-4.417359259584804,14.54566398390342,4.0,,,60.0,1.513
2020-03-24,831.0,147.0,16.0,6.0,2.0,84.96932515337423,3.0,3.0,9.0,2.0530884400970324,14.818360160965796,5.0,,,33.33,5.105
2020-03-25,886.0,95.0,13.0,13.0,1.0,90.31600407747197,2.0,6.0,1.0,1.835510288705744,15.19118712273642,6.0,,,31.58,7.355
2020-03-26,265.0,713.0,16.0,6.0,0.0,27.096114519427406,1.0,2.0,1.0,-1.5702696704940582,15.08218309859155,7.0,,,25.0,0.446
2020-03-27,291.0,673.0,30.0,4.0,1.0,30.186721991701244,2.0,3.0,9.0,-0.9640420431495496,14.936830985915492,8.0,,,42.86,0.776
2020-03-30,160.0,831.0,5.0,3.0,7.0,16.145307769929364,13.0,3.0,4.0,-3.2225611734925743,14.486666666666666,2.0,,,50.0,-0.636
2020-03-31,368.0,597.0,33.0,2.0,1.0,38.134715025906736,1.0,7.0,2.0,-0.5139345597330645,14.46877755511022,1.0,,,77.78,-0.117
2020-04-01,393.0,574.0,31.0,3.0,1.0,40.641158221302994,1.0,4.0,2.0,-0.44233490450675883,14.41370741482966,1.0,,,57.14,-1.967
2020-04-02,915.0,77.0,6.0,4.0,1.0,92.23790322580645,2.0,2.0,1.0,2.5646516206617767,14.839018036072144,1.0,,,33.33,2.435
2020-04-03,285.0,690.0,23.0,6.0,0.0,29.230769230769234,3.0,1.0,1.0,-1.1049737248236886,14.75884769539078,2.0,,,14.29,5.323
2020-04-07,983.0,11.0,3.0,7.0,0.0,98.8933601609658,0.0,5.0,0.0,3.0448717948717867,15.281033099297893,3.0,,,41.67,7.218
2020-04-08,621.0,349.0,26.0,4.0,0.0,64.02061855670102,1.0,3.0,3.0,0.5689911939911945,15.317008032128514,3.0,,,42.86,-0.709
2020-04-09,644.0,306.0,46.0,5.0,1.0,67.78947368421052,5.0,3.0,1.0,0.5616400330580662,15.503684738955823,1.0,,,37.5,-4.173
2020-04-10,128.0,863.0,6.0,1.0,0.0,12.916246215943492,1.0,1.0,9.0,-3.2163742690058443,15.023430290872618,2.0,,,50.0,0.021
2020-04-13,269.0,715.0,13.0,5.0,1.0,27.33739837398374,4.0,2.0,1.0,-1.525054466230943,14.81816449348044,3.0,,,28.57,10.064
2020-04-14,887.0,95.0,15.0,6.0,0.0,90.32586558044807,0.0,4.0,1.0,1.8242122719734568,15.168716148445336,4.0,,,40.0,1.81
2020-04-15,297.0,682.0,19.0,6.0,0.0,30.337078651685395,0.0,4.0,2.0,-1.0288109401130416,15.102665330661322,5.0,,,40.0,4.159
2020-04-16,611.0,351.0,37.0,8.0,0.0,63.51351351351351,0.0,2.0,0.0,0.4787552363853877,15.251871871871872,6.0,,,20.0,6.031
2020-04-17,427.0,552.0,20.0,7.0,0.0,43.61593462717058,0.0,2.0,9.0,-0.2356637863315093,15.2901001001001,7.0,,,22.22,3.709
2020-04-20,776.0,186.0,40.0,13.0,1.0,80.66528066528068,2.0,2.0,1.0,0.9832927253741708,15.556127744510977,3.0,,,13.33,4.477
2020-04-21,346.0,642.0,13.0,8.0,0.0,35.020242914979754,0.0,2.0,2.0,-0.8179959100204507,15.486713286713288,4.0,,,20.0,4.128
2020-04-22,662.0,309.0,33.0,5.0,0.0,68.17713697219362,1.0,5.0,3.0,0.6049912156556535,15.57453187250996,5.0,,,50.0,2.931
2020-04-23,291.0,693.0,20.0,5.0,0.0,29.573170731707314,0.0,0.0,3.0,-1.1934363965461063,15.446713147410359,6.0,,,0.0,3.082
2020-04-24,174.0,821.0,10.0,0.0,7.0,17.48743718592965,9.0,5.0,7.0,-2.1430758240636743,15.13828855721393,0.0,,,100.0,-7.187
2020-04-27,322.0,667.0,17.0,8.0,6.0,32.55813953488372,7.0,1.0,1.0,-0.9980388511120546,15.080646123260436,1.0,,,11.11,
2020-04-28,209.0,792.0,5.0,1.0,6.0,20.87912087912088,32.0,2.0,5.0,-2.7922418934194955,14.900258449304175,2.0,,,66.67,1.838
2020-04-29,452.0,520.0,33.0,5.0,3.0,46.50205761316872,3.0,0.0,2.0,-0.1692047377326529,14.907383084577114,3.0,,,0.0,9.965
2020-04-30,876.0,121.0,10.0,11.0,0.0,87.86359077231694,0.0,5.0,1.0,2.647657841140527,15.264141012909633,4.0,,,31.25,5.523
2020-05-06,902.0,95.0,10.0,9.0,0.0,90.47141424272819,0.0,1.0,0.0,1.842546063651597,15.618152929493545,3.0,,,10.0,5.382
2020-05-07,367.0,615.0,26.0,10.0,0.0,37.372708757637476,1.0,3.0,2.0,-0.5339938081137332,15.642559523809524,4.0,,,23.08,4.882
2020-05-08,794.0,181.0,36.0,6.0,0.0,81.43589743589743,1.0,2.0,0.0,1.0513296227581828,15.82408506429278,5.0,,,25.0,3.51
2020-05-11,429.0,554.0,28.0,5.0,0.0,43.641912512716175,0.0,7.0,2.0,-0.2793296089385539,15.811493570722057,6.0,,,58.33,7.562
2020-05-12,418.0,564.0,29.0,8.0,0.0,42.56619144602851,0.0,2.0,1.0,-0.278035217794248,15.927230464886252,7.0,,,20.0,5.118
2020-05-13,544.0,422.0,46.0,10.0,0.0,56.31469979296067,0.0,2.0,1.0,0.1879759023373362,16.08098814229249,8.0,,,16.67,5.987
2020-05-14,258.0,740.0,14.0,5.0,0.0,25.851703406813627,0.0,2.0,2.0,-1.079379411450594,15.98422924901186,9.0,,,28.57,3.086
2020-05-15,493.0,481.0,38.0,6.0,1.0,50.616016427104725,1.0,3.0,2.0,0.0,16.069219367588932,10.0,,,33.33,7.572
2020-05-18,336.0,654.0,21.0,5.0,4.0,33.939393939393945,5.0,10.0,9.0,-0.9841029523088628,15.964035608308604,10.0,,,66.67,5.508
2020-05-19,771.0,214.0,26.0,9.0,1.0,78.2741116751269,2.0,3.0,1.0,1.129363449691986,16.276211671612266,11.0,,,25.0,0.233
2020-05-20,256.0,744.0,12.0,6.0,1.0,25.6,1.0,2.0,5.0,-1.4013656139219992,16.053616600790512,12.0,,,25.0,1.847
2020-05-21,251.0,744.0,18.0,4.0,1.0,25.22613065326633,2.0,1.0,2.0,-1.2125534950071322,15.89442250740375,3.0,,,20.0,2.772
2020-05-22,190.0,803.0,21.0,4.0,0.0,19.133937562940584,1.0,3.0,2.0,-1.8844250846334107,15.583343195266272,4.0,,,42.86,2.581
2020-05-25,441.0,547.0,26.0,2.0,6.0,44.635627530364374,10.0,2.0,6.0,-0.2421307506053217,15.531568047337279,1.0,,,50.0,-1.23
2020-05-26,928.0,73.0,15.0,9.0,0.0,92.70729270729271,1.0,2.0,0.0,2.0512080514637097,16.00898622047244,1.0,,,18.18,3.82
2020-05-27,344.0,640.0,31.0,7.0,0.0,34.959349593495936,2.0,5.0,3.0,-0.6968641114982584,15.887950738916256,2.0,,,41.67,1.368
2020-05-28,310.0,685.0,20.0,3.0,1.0,31.155778894472363,4.0,3.0,3.0,-0.8287813147485492,15.787566502463054,3.0,,,50.0,0.13
2020-05-29,572.0,404.0,38.0,3.0,0.0,58.606557377049185,1.0,6.0,2.0,0.280733503112204,15.94145956607495,4.0,,,66.67,7.341
2020-06-01,977.0,34.0,4.0,9.0,0.0,96.63699307616221,1.0,1.0,0.0,2.857142857142849,16.452403940886697,5.0,,,10.0,4.052
2020-06-02,639.0,340.0,38.0,4.0,3.0,65.27068437180796,4.0,1.0,5.0,0.5327650506126874,16.486647000983282,1.0,,,20.0,-0.338
2020-06-03,390.0,597.0,31.0,6.0,0.0,39.51367781155015,0.0,4.0,0.0,-0.4253602263763129,16.524381139489194,1.0,,,40.0,2.138
2020-06-04,543.0,436.0,39.0,4.0,0.0,55.464759959141986,0.0,1.0,3.0,0.1752957443539728,16.585137524557954,2.0,,,20.0,1.079
2020-06-05,463.0,519.0,35.0,4.0,1.0,47.14867617107943,1.0,2.0,3.0,-0.100806451612901,16.64361848574238,1.0,,,33.33,1.344
2020-06-08,410.0,580.0,29.0,4.0,0.0,41.41414141414141,0.0,4.0,5.0,-0.3929273084479288,16.56459273797841,1.0,,,50.0,1.705
2020-06-09,569.0,413.0,38.0,2.0,0.0,57.94297352342159,0.0,2.0,2.0,0.24793456166808198,16.682676470588238,2.0,,,50.0,1.753
2020-06-10,388.0,616.0,16.0,2.0,0.0,38.645418326693225,0.0,2.0,2.0,-0.57518178258063,16.71391176470588,1.0,,,50.0,-1.033
2020-06-11,381.0,595.0,44.0,1.0,1.0,39.03688524590164,2.0,5.0,3.0,-0.4243281471004277,16.72389813907933,1.0,,,83.33,6.348
2020-06-12,424.0,564.0,33.0,3.0,0.0,42.91497975708502,0.0,4.0,0.0,-0.2628120893561164,16.834730656219392,2.0,,,57.14,9.99
2020-06-15,448.0,541.0,32.0,7.0,0.0,45.29828109201213,0.0,3.0,2.0,-0.2173913043478214,16.84457394711068,3.0,,,30.0,4.176
2020-06-16,871.0,130.0,21.0,5.0,0.0,87.01298701298701,0.0,0.0,2.0,1.5770001128683377,17.21829745596869,4.0,,,0.0,-0.082
2020-06-17,513.0,477.0,33.0,3.0,0.0,51.81818181818182,0.0,2.0,4.0,0.0548245614035173,17.277849462365594,5.0,,,40.0,3.655
2020-06-18,415.0,579.0,29.0,3.0,0.0,41.75050301810865,0.0,1.0,15.0,-0.3095975232198076,17.193802541544475,1.0,,,25.0,0.139
2020-06-19,552.0,420.0,52.0,7.0,0.0,56.79012345679012,0.0,2.0,3.0,0.16827937349383582,17.3791015625,2.0,,,22.22,2.795
2020-06-22,555.0,431.0,38.0,2.0,0.0,56.28803245436106,1.0,2.0,3.0,0.1858123269606483,17.5003125,3.0,,,50.0,0.034
2020-06-23,368.0,636.0,20.0,2.0,0.0,36.65338645418327,1.0,5.0,4.0,-0.6607526021598831,17.624736328125,1.0,,,71.43,-1.161
2020-06-24,373.0,622.0,29.0,3.0,1.0,37.48743718592965,3.0,2.0,1.0,-0.5758289975767619,17.649609375,1.0,,,40.0,-3.52
2020-06-29,363.0,642.0,16.0,1.0,0.0,36.11940298507463,0.0,5.0,5.0,-0.8620689655172384,17.637384916748285,1.0,,,83.33,2.512
2020-06-30,869.0,133.0,20.0,8.0,0.0,86.72654690618764,0.0,4.0,0.0,1.4062225781653503,18.027632093933466,1.0,,,33.33,3.445
2020-07-01,455.0,534.0,34.0,0.0,0.0,46.00606673407482,1.0,4.0,2.0,-0.1618122977346243,17.99421309872923,0.0,,,100.0,1.61
2020-07-02,747.0,266.0,11.0,5.0,1.0,73.74136229022706,3.0,3.0,1.0,0.9597441364605503,18.050439453125,1.0,,,37.5,
2020-07-03,715.0,286.0,24.0,7.0,0.0,71.42857142857143,0.0,1.0,0.0,0.8130081300813016,18.223599999999998,2.0,,,12.5,5.981
2020-07-06,950.0,72.0,5.0,15.0,0.0,92.95499021526419,0.0,9.0,0.0,3.377016129032267,18.751139240506326,3.0,,,37.5,6.984
2020-07-07,745.0,259.0,23.0,11.0,1.0,74.20318725099602,1.0,11.0,1.0,1.1156186612576189,19.195443037974684,4.0,,,50.0,2.498
2020-07-08,880.0,136.0,12.0,15.0,0.0,86.61417322834646,1.0,12.0,2.0,1.524216595387501,19.627879377431906,4.0,,,44.44,5.598
2020-07-09,927.0,95.0,7.0,17.0,0.0,90.70450097847358,1.0,6.0,0.0,2.338634237605239,20.28061224489796,5.0,,,26.09,7.406
2020-07-10,350.0,669.0,9.0,9.0,0.0,34.34739941118744,0.0,7.0,3.0,-1.4264827973530638,20.35535019455253,2.0,,,43.75,0.904
2020-07-13,968.0,61.0,2.0,13.0,0.0,94.07191448007775,5.0,5.0,2.0,3.033908387864376,20.978215324927255,2.0,,,27.78,3.965
2020-07-14,353.0,672.0,8.0,9.0,2.0,34.4390243902439,8.0,4.0,6.0,-1.158645276292342,20.728964181994193,3.0,,,30.77,-0.021
2020-07-15,203.0,820.0,10.0,2.0,4.0,19.843597262952102,8.0,6.0,19.0,-3.2941176470588163,20.295450145208132,1.0,,,75.0,-2.535
2020-07-16,64.0,963.0,6.0,0.0,17.0,6.2317429406037,30.0,3.0,96.0,-4.79214780600463,19.157124878993226,0.0,,,100.0,-2.335
2020-07-17,526.0,477.0,30.0,7.0,3.0,52.44267198404786,7.0,5.0,7.0,0.1082837033026506,19.27434656340755,1.0,,,41.67,
2020-07-20,940.0,92.0,1.0,13.0,0.0,91.08527131782945,2.0,3.0,3.0,3.159851301115241,19.717473378509197,2.0,,,18.75,4.584
2020-07-21,544.0,471.0,20.0,2.0,0.0,53.596059113300484,0.0,3.0,6.0,0.1651527663088468,19.899545893719807,1.0,,,60.0,1.931
2020-07-22,532.0,477.0,26.0,4.0,0.0,52.72547076313181,0.0,5.0,2.0,0.0851788756388397,20.114125603864732,1.0,,,55.56,4.472
2020-07-23,364.0,660.0,13.0,0.0,0.0,35.546875,2.0,5.0,1.0,-1.0241404535479193,20.14171648987464,0.0,,,100.0,-1.701
2020-07-24,78.0,957.0,3.0,1.0,8.0,7.536231884057972,14.0,0.0,33.0,-4.638030888030883,19.08811175337187,1.0,,,0.0,
2020-07-27,479.0,535.0,25.0,2.0,1.0,47.23865877712032,3.0,2.0,4.0,-0.1577909270217068,19.08492781520693,1.0,,,50.0,-6.665
2020-07-28,789.0,229.0,22.0,11.0,0.0,77.5049115913556,2.0,3.0,3.0,1.2005932298971826,19.353701923076922,2.0,,,21.43,3.811
2020-07-29,983.0,50.0,7.0,6.0,0.0,95.15972894482091,0.0,4.0,0.0,2.2189397669456747,19.92976923076923,2.0,,,40.0,4.457
2020-07-30,345.0,681.0,14.0,7.0,0.0,33.62573099415205,0.0,2.0,4.0,-0.8809663971551187,19.836144230769232,2.0,,,22.22,3.201
2020-07-31,802.0,210.0,28.0,6.0,0.0,79.2490118577075,0.0,2.0,0.0,1.077491041334702,20.19630769230769,3.0,,,25.0,2.336
2020-08-03,957.0,76.0,8.0,21.0,0.0,92.64278799612778,0.0,8.0,0.0,2.656675749318805,20.859452449567723,3.0,,,27.59,5.999
2020-08-04,306.0,726.0,11.0,6.0,1.0,29.651162790697676,2.0,10.0,16.0,-1.160714285714277,20.724995206136143,3.0,,,62.5,0.562
2020-08-05,713.0,312.0,18.0,8.0,0.0,69.5609756097561,0.0,6.0,2.0,0.7683863885839768,20.997152444870565,3.0,,,42.86,5.674
2020-08-06,352.0,673.0,19.0,9.0,0.0,34.34146341463415,1.0,4.0,5.0,-0.8880388046084122,20.84438697318008,4.0,,,30.77,5.698
2020-08-07,211.0,829.0,4.0,9.0,2.0,20.28846153846154,3.0,2.0,8.0,-2.1778366560516997,20.489865900383144,5.0,,,18.18,4.008
2020-08-10,669.0,354.0,21.0,7.0,3.0,65.39589442815249,6.0,2.0,18.0,0.6999173325985049,20.520555555555553,6.0,,,22.22,0.518
2020-08-11,172.0,864.0,8.0,3.0,2.0,16.602316602316602,3.0,4.0,7.0,-2.4543129332394256,20.124176245210727,7.0,,,57.14,2.222
2020-08-12,333.0,694.0,17.0,3.0,0.0,32.42453748782862,10.0,2.0,7.0,-1.2018007861335511,19.742193486590036,8.0,,,40.0,6.679
2020-08-13,583.0,433.0,28.0,5.0,1.0,57.381889763779526,1.0,2.0,2.0,0.23739282101567685,19.78770114942529,9.0,,,28.57,9.978
2020-08-14,754.0,266.0,25.0,4.0,2.0,73.92156862745098,3.0,2.0,4.0,0.8906882591093216,19.99419138755981,10.0,,,33.33,3.173
2020-08-17,905.0,118.0,20.0,2.0,1.0,88.4652981427175,4.0,9.0,2.0,1.486697965571215,20.371399808245446,1.0,,,81.82,-0.752
2020-08-18,566.0,452.0,25.0,3.0,0.0,55.5992141453831,1.0,1.0,2.0,0.1890359168241925,20.509721955896453,1.0,,,25.0,2.623
2020-08-19,161.0,877.0,6.0,5.0,0.0,15.510597302504816,0.0,4.0,7.0,-2.3476986067159586,19.954731800766286,2.0,,,44.44,3.498
2020-08-20,321.0,700.0,23.0,2.0,0.0,31.43976493633692,3.0,1.0,4.0,-0.8266424477708119,19.75486590038314,3.0,,,33.33,0.048
2020-08-21,701.0,319.0,24.0,3.0,0.0,68.72549019607843,0.0,5.0,2.0,0.7677797754133668,20.01964559386973,4.0,,,62.5,3.632
2020-08-24,777.0,255.0,12.0,8.0,1.0,75.29069767441861,1.0,4.0,3.0,1.497174618603753,20.36757662835249,5.0,,,33.33,8.864
2020-08-25,741.0,307.0,15.0,12.0,0.0,70.70610687022901,2.0,20.0,6.0,1.5516318887105358,21.3858231420508,6.0,,,62.5,3.665
2020-08-26,212.0,843.0,7.0,6.0,3.0,20.09478672985782,7.0,11.0,35.0,-2.7292410344280684,20.782335216572505,3.0,,,64.71,4.923
2020-08-27,832.0,222.0,7.0,21.0,1.0,78.93738140417457,6.0,4.0,23.0,2.1424070573409013,21.028020735155515,4.0,,,16.0,10.218
2020-08-28,628.0,416.0,15.0,10.0,1.0,60.15325670498084,3.0,8.0,27.0,0.565824217276494,21.206185080264397,2.0,,,44.44,-1.221
2020-08-31,441.0,602.0,18.0,6.0,1.0,42.281879194630875,3.0,5.0,11.0,-0.4991680532445817,21.15765315739868,1.0,,,45.45,-0.126
2020-09-01,675.0,367.0,17.0,14.0,3.0,64.77927063339732,4.0,2.0,4.0,0.7559395248380161,21.293899905571294,2.0,,,12.5,9.091
2020-09-02,752.0,299.0,12.0,18.0,2.0,71.55090390104662,5.0,7.0,9.0,1.6157989228007157,21.570620884289745,5.0,,,28.0,8.258
2020-09-03,332.0,716.0,14.0,11.0,0.0,31.679389312977097,0.0,10.0,28.0,-1.4838850602330704,21.324105461393597,6.0,,,47.62,3.879
2020-09-04,651.0,395.0,15.0,14.0,2.0,62.23709369024857,2.0,4.0,6.0,0.7504690431519707,21.39096135721018,3.0,,,22.22,6.086
2020-09-07,439.0,610.0,12.0,17.0,3.0,41.84938036224976,3.0,10.0,19.0,-0.611450806003332,21.014410933081997,4.0,,,37.04,12.641
2020-09-08,691.0,364.0,6.0,24.0,4.0,65.49763033175356,7.0,6.0,7.0,1.084010840108402,21.115598491988692,5.0,,,20.0,12.202
2020-09-09,180.0,876.0,3.0,14.0,8.0,17.045454545454543,15.0,19.0,165.0,-4.02498265093685,20.263503305004722,4.0,,,57.58,-2.574
2020-09-10,97.0,957.0,7.0,6.0,49.0,9.20303605313093,66.0,5.0,390.0,-5.801594331266602,19.301555136663527,5.0,,,45.45,-13.706
2020-09-11,869.0,184.0,12.0,15.0,3.0,82.52611585944919,16.0,9.0,6.0,1.71503957783641,19.74093896713615,1.0,,,37.5,-3.371
2020-09-14,913.0,144.0,8.0,19.0,3.0,86.37653736991486,4.0,9.0,4.0,3.1914893617021387,20.255981220657276,2.0,,,32.14,8.971
2020-09-15,471.0,583.0,15.0,13.0,1.0,44.686907020872866,3.0,7.0,14.0,-0.2904162633107392,20.374003741814782,3.0,,,35.0,-1.115
2020-09-16,273.0,786.0,11.0,12.0,1.0,25.77903682719547,1.0,5.0,5.0,-1.4167651321221293,20.237495327102803,4.0,,,29.41,5.96
2020-09-17,618.0,433.0,22.0,6.0,0.0,58.801141769743104,0.0,8.0,23.0,0.452830188679249,20.398816402609505,3.0,,,57.14,3.97
2020-09-18,665.0,384.0,29.0,10.0,1.0,63.39370829361296,1.0,5.0,8.0,0.5097150999453857,20.626011131725416,4.0,,,33.33,5.99
2020-09-21,377.0,679.0,23.0,6.0,1.0,35.70075757575758,1.0,8.0,5.0,-0.6618863761720764,20.580454124189064,5.0,,,57.14,0.017
2020-09-22,209.0,864.0,10.0,7.0,2.0,19.478098788443614,3.0,3.0,3.0,-2.018842530282631,20.312723915050785,6.0,,,30.0,2.539
2020-09-23,780.0,284.0,21.0,13.0,0.0,73.30827067669173,0.0,5.0,3.0,0.9587727708533044,20.635594470046083,7.0,,,27.78,11.33
2020-09-24,98.0,986.0,3.0,10.0,0.0,9.040590405904059,3.0,4.0,19.0,-3.416398713826358,20.057847286108558,8.0,,,28.57,1.626
2020-09-25,375.0,691.0,24.0,12.0,3.0,35.17823639774859,5.0,5.0,15.0,-0.6079033595847905,19.997339449541283,9.0,,,29.41,4.198
2020-09-28,205.0,869.0,16.0,6.0,7.0,19.08752327746741,12.0,2.0,13.0,-2.062196661333984,19.611330275229356,5.0,,,25.0,-2.353
2020-09-29,775.0,292.0,25.0,12.0,3.0,72.63355201499532,7.0,3.0,10.0,0.9079487430595232,19.923910256410256,6.0,,,20.0,6.274
2020-09-30,433.0,634.0,25.0,7.0,1.0,40.58106841611996,4.0,8.0,6.0,-0.41760950350467096,19.921043956043956,7.0,,,53.33,3.733
2020-10-09,1047.0,42.0,6.0,22.0,0.0,96.14325068870524,1.0,8.0,0.0,3.263157894736848,20.709415525114157,4.0,,,26.67,8.209
2020-10-12,1059.0,32.0,3.0,26.0,0.0,97.06691109074244,1.0,9.0,4.0,3.433150408423698,21.502266910420474,5.0,,,25.71,8.813
2020-10-13,638.0,431.0,26.0,16.0,0.0,59.68194574368568,0.0,10.0,4.0,0.3820915358418421,21.694666666666667,6.0,,,38.46,4.091
2020-10-14,378.0,693.0,26.0,16.0,0.0,35.294117647058826,2.0,5.0,11.0,-0.7812499999999927,21.71235186873291,7.0,,,23.81,2.712
2020-10-15,345.0,735.0,17.0,8.0,7.0,31.944444444444443,10.0,9.0,17.0,-1.054713249835202,21.454311759343664,8.0,,,52.94,2.219
2020-10-16,570.0,510.0,18.0,11.0,1.0,52.77777777777778,1.0,4.0,7.0,0.12563527889137638,21.482322404371583,9.0,,,26.67,6.371
2020-10-19,401.0,680.0,19.0,8.0,0.0,37.09528214616096,3.0,6.0,12.0,-0.7255658887524075,21.369063636363638,10.0,,,42.86,5.236
2020-10-20,873.0,204.0,23.0,16.0,0.0,81.05849582172702,0.0,4.0,1.0,1.403346650103661,21.76567272727273,11.0,,,20.0,6.039
2020-10-21,261.0,830.0,9.0,11.0,0.0,23.92300641613199,1.0,7.0,23.0,-1.7475518862082078,21.511936363636366,12.0,,,38.89,2.133
2020-10-22,520.0,553.0,28.0,11.0,1.0,48.462255358807084,2.0,9.0,6.0,-0.0376293508936896,21.39732970027248,13.0,,,45.0,4.713
2020-10-23,234.0,856.0,12.0,13.0,0.0,21.467889908256883,4.0,8.0,16.0,-1.9486848434216828,20.957078039927406,14.0,,,38.1,5.618
2020-10-26,652.0,420.0,29.0,16.0,1.0,60.820895522388064,4.0,6.0,2.0,0.5694760820045639,21.158937329700272,15.0,,,27.27,4.981
2020-10-27,513.0,561.0,28.0,13.0,1.0,47.76536312849162,1.0,9.0,12.0,-0.11820925553319665,21.25290381125227,16.0,,,40.91,3.38
2020-10-28,515.0,562.0,26.0,13.0,3.0,47.8180129990715,5.0,8.0,3.0,-0.0801924619085788,21.336826835902084,5.0,,,38.1,3.601
2020-10-29,447.0,641.0,14.0,7.0,1.0,41.08455882352941,2.0,6.0,8.0,-0.7251365623343445,21.26450998185118,6.0,,,46.15,-1.643
2020-10-30,155.0,945.0,6.0,3.0,3.0,14.09090909090909,4.0,8.0,84.0,-3.572556390977439,20.62633815551537,2.0,,,72.73,-3.034
2020-11-02,669.0,421.0,14.0,12.0,2.0,61.37614678899082,4.0,9.0,1.0,0.8722170150916194,20.896141304347825,2.0,,,42.86,17.317
2020-11-03,887.0,206.0,12.0,14.0,0.0,81.15279048490393,1.0,7.0,6.0,1.932367149758456,21.27600904977376,2.0,,,33.33,7.083
2020-11-04,372.0,720.0,13.0,12.0,1.0,34.065934065934066,1.0,9.0,10.0,-0.796695190321638,21.21558371040724,2.0,,,42.86,1.498
2020-11-05,885.0,209.0,11.0,8.0,0.0,80.89579524680073,0.0,9.0,2.0,1.4634146341463392,21.587610859728507,3.0,,,52.94,1.598
2020-11-06,205.0,895.0,8.0,3.0,0.0,18.636363636363637,4.0,8.0,26.0,-1.8734595825663751,21.224296028880868,2.0,,,72.73,0.154
2020-11-09,1006.0,93.0,12.0,12.0,1.0,91.53776160145587,2.0,9.0,4.0,2.275894101254057,21.856669666966695,2.0,,,42.86,11.351
2020-11-10,306.0,790.0,15.0,4.0,2.0,27.919708029197082,3.0,9.0,14.0,-1.4605647517039957,21.521818181818183,2.0,,,69.23,-2.081
2020-11-11,192.0,908.0,11.0,2.0,2.0,17.454545454545457,4.0,2.0,10.0,-2.509410288582185,20.962556255625564,3.0,,,50.0,-2.227
2020-11-12,438.0,662.0,12.0,8.0,0.0,39.81818181818182,2.0,0.0,3.0,-0.5148748159057455,20.89203237410072,4.0,,,0.0,15.012
2020-11-13,572.0,517.0,24.0,10.0,0.0,52.52525252525253,1.0,3.0,5.0,0.097895252080272,20.985516621743038,2.0,,,23.08,-0.948
2020-11-16,499.0,589.0,24.0,5.0,1.0,45.86397058823529,1.0,7.0,3.0,-0.2550096961861674,21.06351618705036,1.0,,,58.33,1.383
2020-11-17,262.0,840.0,11.0,3.0,3.0,23.77495462794918,5.0,4.0,6.0,-1.5614834092387668,20.745498652291108,1.0,,,57.14,-4.141
2020-11-18,653.0,432.0,29.0,4.0,0.0,60.184331797235025,2.0,9.0,3.0,0.3073040314956741,20.70978456014363,2.0,,,69.23,12.372
2020-11-19,693.0,385.0,38.0,10.0,0.0,64.28571428571429,1.0,4.0,5.0,0.48348891209150524,20.96174731182796,2.0,,,28.57,1.071
2020-11-20,483.0,607.0,26.0,6.0,0.0,44.31192660550459,0.0,2.0,2.0,-0.2053388090349032,21.02094982078853,3.0,,,25.0,4.692
2020-11-23,398.0,683.0,35.0,6.0,0.0,36.817761332099906,1.0,3.0,5.0,-0.5864321042462675,20.97470430107527,1.0,,,33.33,-3.962
2020-11-24,458.0,630.0,29.0,7.0,0.0,42.095588235294116,0.0,4.0,2.0,-0.3508771929824642,20.968084153983884,2.0,,,36.36,4.163
2020-11-25,247.0,850.0,20.0,8.0,2.0,22.51595259799453,2.0,4.0,6.0,-1.591511936339524,20.640617726051925,2.0,,,33.33,-1.144
2020-11-26,369.0,721.0,27.0,5.0,2.0,33.85321100917431,2.0,3.0,4.0,-0.7342143906020533,20.504512085944494,2.0,,,37.5,0.174
2020-11-27,405.0,690.0,23.0,4.0,2.0,36.986301369863014,3.0,6.0,7.0,-0.6175281084498525,20.407066189624327,2.0,,,60.0,0.078
2020-11-30,456.0,638.0,25.0,5.0,3.0,41.681901279707496,5.0,6.0,2.0,-0.341151385927498,20.387435210008938,2.0,,,54.55,3.259
2020-12-01,950.0,148.0,21.0,10.0,0.0,86.52094717668488,1.0,3.0,0.0,1.304801670146138,20.74378016085791,3.0,,,23.08,9.162
2020-12-02,534.0,552.0,33.0,12.0,1.0,49.171270718232044,3.0,6.0,4.0,0.0,20.79889186773905,4.0,,,33.33,4.015
2020-12-03,460.0,635.0,26.0,9.0,1.0,42.00913242009132,2.0,1.0,6.0,-0.2949852507374689,20.837484388938446,5.0,,,10.0,3.005
2020-12-04,525.0,563.0,34.0,3.0,2.0,48.25367647058824,2.0,4.0,5.0,-0.043308000189007295,20.957201426024955,6.0,,,57.14,-3.037
2020-12-07,363.0,743.0,16.0,1.0,4.0,32.82097649186257,6.0,3.0,5.0,-0.9052708160858964,20.890944741532977,1.0,,,75.0,-3.724
2020-12-08,444.0,644.0,36.0,4.0,3.0,40.80882352941176,5.0,1.0,1.0,-0.318133973874555,20.932357651245553,1.0,,,20.0,-6.637
2020-12-09,161.0,956.0,8.0,7.0,2.0,14.4136078782453,2.0,5.0,6.0,-2.556390977443599,20.495964444444443,1.0,,,41.67,-2.43
2020-12-10,533.0,564.0,28.0,7.0,2.0,48.587055606198724,3.0,0.0,3.0,-0.0447627573858619,20.526764444444446,2.0,,,0.0,3.848
2020-12-11,194.0,927.0,4.0,3.0,2.0,17.305976806422837,6.0,1.0,8.0,-2.412868632707771,20.164008888888887,1.0,,,25.0,-0.275
2020-12-14,787.0,313.0,27.0,8.0,3.0,71.54545454545455,7.0,1.0,2.0,0.8556149732620328,20.428811002661934,1.0,,,11.11,-0.183
2020-12-15,506.0,588.0,33.0,4.0,2.0,46.25228519195612,3.0,6.0,3.0,-0.1300390117035198,20.48731144631766,2.0,,,60.0,2.509
2020-12-16,204.0,917.0,6.0,4.0,4.0,18.198037466547724,6.0,5.0,10.0,-2.180685358255461,20.19784383318545,3.0,,,55.56,6.778
2020-12-17,792.0,310.0,25.0,6.0,4.0,71.86932849364791,7.0,1.0,4.0,0.9489051094890568,20.357719609582965,4.0,,,14.29,2.914
2020-12-18,259.0,850.0,19.0,3.0,2.0,23.354373309287645,3.0,2.0,3.0,-1.497182048953157,20.17142730496454,5.0,,,40.0,3.899
2020-12-21,774.0,324.0,31.0,8.0,4.0,70.49180327868852,5.0,2.0,2.0,0.6410256410256416,20.51708591674048,3.0,,,20.0,-3.314
2020-12-22,161.0,961.0,6.0,5.0,0.0,14.349376114081997,1.0,2.0,2.0,-2.886339277014512,20.071037234042553,2.0,,,28.57,0.264
2020-12-23,538.0,554.0,38.0,2.0,1.0,49.26739926739927,7.0,1.0,3.0,0.0,20.084938053097346,3.0,,,33.33,2.157
2020-12-24,189.0,935.0,7.0,5.0,5.0,16.814946619217082,7.0,4.0,10.0,-3.1135531135531123,19.717206012378426,4.0,,,44.44,2.677
2020-12-25,690.0,414.0,29.0,6.0,1.0,62.5,3.0,6.0,6.0,0.531443755535877,19.86380406001765,5.0,,,50.0,4.2
2020-12-28,238.0,884.0,13.0,4.0,0.0,21.21212121212121,2.0,2.0,9.0,-2.3264831329972773,19.597612334801763,6.0,,,33.33,6.05
2020-12-29,661.0,455.0,23.0,8.0,5.0,59.22939068100358,8.0,6.0,17.0,0.3927344133529616,19.472194907813872,7.0,,,42.86,4.845
2020-12-30,517.0,581.0,39.0,12.0,0.0,47.0856102003643,2.0,5.0,1.0,-0.0844594594594576,19.65532102022867,8.0,,,29.41,5.112
2020-12-31,966.0,152.0,20.0,9.0,0.0,86.40429338103756,0.0,3.0,0.0,1.5376462435285971,20.039007029876977,9.0,,,25.0,4.11
2021-01-04,886.0,238.0,17.0,19.0,1.0,78.82562277580071,1.0,6.0,1.0,1.362397820163495,20.552120946538125,10.0,,,24.0,4.045
2021-01-05,443.0,677.0,22.0,17.0,1.0,39.55357142857142,2.0,9.0,3.0,-0.5746536745991813,20.6777057793345,11.0,,,34.62,3.858
2021-01-06,250.0,887.0,5.0,13.0,2.0,21.98768689533861,3.0,2.0,7.0,-2.505352034300495,20.42885288966725,12.0,,,13.33,3.389
2021-01-07,164.0,972.0,9.0,6.0,6.0,14.43661971830986,13.0,5.0,11.0,-4.521625163826996,19.983720524017468,13.0,,,45.45,0.781
2021-01-08,609.0,517.0,21.0,7.0,3.0,54.08525754884547,10.0,6.0,5.0,0.1996007984031893,19.87319093286835,14.0,,,46.15,4.286
2021-01-11,210.0,926.0,10.0,10.0,9.0,18.485915492957748,14.0,6.0,19.0,-3.05449533502969,19.48438045375218,5.0,,,37.5,2.834
2021-01-12,649.0,463.0,34.0,9.0,2.0,58.36330935251799,6.0,7.0,4.0,0.3121572186617789,19.714973821989528,6.0,,,43.75,4.099
2021-01-13,246.0,891.0,10.0,12.0,5.0,21.63588390501319,6.0,5.0,9.0,-2.6405716060888413,19.34055797733217,7.0,,,29.41,3.338
2021-01-14,747.0,374.0,26.0,14.0,4.0,66.63693131132918,7.0,6.0,7.0,0.830564784053168,19.38585876198779,8.0,,,30.0,3.576
2021-01-15,908.0,229.0,10.0,22.0,1.0,79.85927880386984,3.0,11.0,5.0,2.047370533922126,19.714263295553618,9.0,,,33.33,4.059
2021-01-18,897.0,218.0,33.0,20.0,1.0,80.44843049327353,2.0,8.0,2.0,1.3717446936625053,20.088885017421603,10.0,,,28.57,4.681
2021-01-19,663.0,464.0,22.0,16.0,0.0,58.828748890860695,2.0,5.0,1.0,0.4784688995215304,20.01901653611836,11.0,,,23.81,4.283
2021-01-20,547.0,574.0,29.0,14.0,0.0,48.7957181088314,0.0,4.0,3.0,0.0,20.296252173913043,12.0,,,22.22,3.339
2021-01-21,603.0,526.0,23.0,13.0,0.0,53.41009743135518,0.0,5.0,3.0,0.12228677388722886,20.55980034722222,13.0,,,27.78,4.23
2021-01-22,339.0,804.0,11.0,10.0,1.0,29.658792650918635,1.0,5.0,11.0,-1.7190303352896086,20.558544194107455,14.0,,,33.33,0.545
2021-01-25,246.0,906.0,3.0,8.0,5.0,21.354166666666664,7.0,7.0,13.0,-2.692998204667869,20.2952987012987,4.0,,,46.67,4.437
2021-01-26,441.0,686.0,28.0,11.0,7.0,39.130434782608695,8.0,8.0,15.0,-0.7029876977152906,19.969056277056275,5.0,,,42.11,-3.018
2021-01-27,541.0,592.0,23.0,9.0,5.0,47.74933804060018,10.0,6.0,2.0,-0.15979041384384723,19.99801903114187,6.0,,,40.0,5.848
2021-01-28,303.0,826.0,30.0,9.0,2.0,26.83790965456156,5.0,3.0,10.0,-1.2903225806451597,19.52074201898188,7.0,,,25.0,2.944
2021-01-29,302.0,843.0,16.0,8.0,4.0,26.375545851528386,12.0,8.0,21.0,-2.0172910662824286,19.357235142118864,8.0,,,50.0,6.719
2021-02-01,690.0,444.0,26.0,17.0,3.0,60.84656084656085,10.0,13.0,3.0,0.7918552036199082,19.727474137931033,9.0,,,43.33,7.524
2021-02-02,517.0,623.0,20.0,4.0,5.0,45.35087719298246,11.0,8.0,17.0,-0.2382801588761556,19.71214655172414,10.0,,,66.67,0.736
2021-02-03,228.0,923.0,9.0,12.0,5.0,19.808861859252826,7.0,1.0,4.0,-2.725504067916514,19.420043103448275,11.0,,,7.69,8.088
2021-02-04,249.0,902.0,10.0,9.0,7.0,21.63336229365769,10.0,5.0,14.0,-2.500000000000007,19.127321274763133,12.0,,,35.71,1.225
2021-02-05,273.0,871.0,17.0,10.0,5.0,23.863636363636363,8.0,10.0,40.0,-1.6181229773462726,18.774547803617573,13.0,,,50.0,-0.678
2021-02-08,437.0,697.0,28.0,11.0,3.0,38.53615520282187,8.0,8.0,5.0,-0.6866202162865458,18.79157487091222,2.0,,,42.11,0.811
2021-02-09,963.0,188.0,12.0,9.0,0.0,83.66637706342311,4.0,4.0,4.0,1.6731016731016757,19.18708512467756,3.0,,,30.77,4.072
2021-02-10,689.0,440.0,36.0,3.0,3.0,61.027457927369355,4.0,6.0,5.0,0.4201680672269005,19.424669527897,1.0,,,66.67,3.641
2021-02-18,1000.0,160.0,9.0,13.0,1.0,86.20689655172413,1.0,10.0,12.0,3.1026252983293525,19.605637296834903,1.0,,,43.48,-3.072
2021-02-19,1023.0,140.0,6.0,10.0,2.0,87.9621668099742,8.0,2.0,2.0,2.8159340659340666,19.80622754491018,2.0,,,16.67,1.288
2021-02-22,684.0,460.0,25.0,7.0,0.0,59.79020979020979,1.0,12.0,4.0,0.4956629491945371,19.5830624465355,3.0,,,63.16,3.497
2021-02-23,312.0,838.0,19.0,9.0,0.0,27.1304347826087,2.0,1.0,6.0,-1.2008733624454089,19.414875962360995,4.0,,,10.0,1.681
2021-02-24,721.0,423.0,25.0,8.0,3.0,63.02447552447552,6.0,0.0,4.0,0.5471956224350211,19.228169375534645,5.0,,,0.0,-0.196
2021-02-25,260.0,898.0,12.0,4.0,0.0,22.452504317789295,2.0,3.0,8.0,-1.6132776997438703,19.04632478632479,1.0,,,42.86,0.794
2021-02-26,617.0,520.0,34.0,7.0,1.0,54.26561125769569,3.0,4.0,7.0,0.1931034482758628,18.882963279248507,2.0,,,36.36,-0.406
2021-03-01,1052.0,106.0,14.0,16.0,0.0,90.84628670120898,2.0,4.0,3.0,2.259255939023142,19.462721843003415,3.0,,,20.0,4.925
2021-03-02,348.0,803.0,21.0,4.0,3.0,30.234578627280627,5.0,3.0,4.0,-0.9847435092608225,19.358080204778155,2.0,,,42.86,0.033
2021-03-03,815.0,316.0,41.0,8.0,0.0,72.06012378426172,1.0,1.0,1.0,0.5708977924560976,19.546032423208192,3.0,,,11.11,9.952
2021-03-04,273.0,881.0,18.0,5.0,2.0,23.656845753899482,4.0,3.0,6.0,-1.2614318504580682,19.095546075085323,3.0,,,37.5,4.345
2021-03-05,898.0,248.0,26.0,7.0,1.0,78.35951134380453,5.0,1.0,8.0,1.2895404102424184,19.27359215017065,1.0,,,12.5,-6.49
2021-03-08,261.0,890.0,21.0,10.0,1.0,22.67593397046047,4.0,5.0,31.0,-1.4505505716125662,18.820529010238907,2.0,,,33.33,2.08
2021-03-09,134.0,1031.0,8.0,9.0,2.0,11.50214592274678,10.0,3.0,20.0,-3.5148514851485197,18.12606990622336,2.0,,,25.0,-0.116
2021-03-10,257.0,906.0,10.0,5.0,3.0,22.098022355975925,5.0,4.0,11.0,-1.8817204301075343,18.05242966751918,2.0,,,44.44,-2.066
2021-03-11,1028.0,137.0,8.0,7.0,0.0,88.24034334763948,1.0,3.0,0.0,1.7416545718432528,18.413418584825234,3.0,,,30.0,4.097
2021-03-12,377.0,775.0,21.0,7.0,1.0,32.72569444444444,2.0,6.0,3.0,-0.9615384615384686,18.32751918158568,4.0,,,46.15,2.593
2021-03-15,385.0,766.0,23.0,4.0,2.0,33.44917463075586,3.0,6.0,2.0,-0.8045099156008966,17.972316865417376,5.0,,,60.0,1.035
2021-03-16,930.0,226.0,17.0,15.0,0.0,80.44982698961938,2.0,2.0,0.0,1.487314085739282,18.223512361466327,6.0,,,11.76,4.013
2021-03-17,759.0,385.0,29.0,18.0,0.0,66.34615384615384,0.0,5.0,1.0,0.6856023506366161,18.52684569479966,7.0,,,21.74,7.099
2021-03-18,477.0,668.0,29.0,14.0,0.0,41.65938864628821,0.0,7.0,3.0,-0.5218794468690642,18.631652470187394,8.0,,,33.33,2.407
2021-03-19,558.0,578.0,39.0,20.0,0.0,49.11971830985916,4.0,7.0,7.0,0.0,18.60804255319149,9.0,,,25.93,5.859
2021-03-22,956.0,198.0,22.0,18.0,0.0,82.842287694974,0.0,5.0,1.0,1.1724975250761172,18.910425170068027,10.0,,,21.74,6.301
2021-03-23,333.0,826.0,19.0,12.0,4.0,28.731665228645387,8.0,7.0,13.0,-1.3112974698281636,18.737470288624788,11.0,,,36.84,2.436
2021-03-24,365.0,775.0,38.0,8.0,4.0,32.01754385964912,7.0,2.0,7.0,-0.9204978377674262,18.511782682512735,12.0,,,20.0,-0.871
2021-03-25,502.0,651.0,26.0,5.0,7.0,43.53859496964441,11.0,9.0,17.0,-0.3012048192771198,18.499177268871925,13.0,,,64.29,-2.992
2021-03-26,883.0,256.0,41.0,16.0,0.0,77.52414398595259,0.0,6.0,1.0,0.9162144919430453,18.98634745762712,14.0,,,27.27,4.331
2021-03-29,455.0,701.0,25.0,12.0,2.0,39.3598615916955,2.0,4.0,5.0,-0.56497175141243,18.97077053344623,15.0,,,25.0,2.159
2021-03-30,342.0,830.0,12.0,17.0,2.0,29.180887372013654,6.0,9.0,8.0,-1.481580454285172,18.956114864864865,16.0,,,34.62,4.412
2021-03-31,688.0,468.0,29.0,16.0,1.0,59.515570934256054,4.0,9.0,7.0,0.330760749724359,18.944210970464134,17.0,,,36.0,2.086
2021-04-01,494.0,661.0,30.0,17.0,4.0,42.77056277056277,5.0,3.0,4.0,-0.2610966057441313,19.053915611814347,18.0,,,15.0,1.586
2021-04-02,733.0,408.0,44.0,15.0,2.0,64.2418930762489,2.0,4.0,3.0,0.4672897196261701,19.263628691983122,19.0,,,21.05,3.614
2021-04-06,883.0,266.0,37.0,17.0,0.0,76.84943429068755,1.0,4.0,2.0,1.0985850708730625,19.560834738617203,20.0,,,19.05,4.087
2021-04-07,715.0,435.0,38.0,21.0,0.0,62.17391304347826,0.0,7.0,0.0,0.4298214824530522,19.633257575757575,11.0,,,25.0,6.482
2021-04-08,330.0,842.0,16.0,11.0,0.0,28.15699658703072,2.0,11.0,8.0,-1.1810896883155606,19.66431818181818,12.0,,,50.0,2.833
2021-04-09,571.0,576.0,41.0,14.0,2.0,49.78204010462075,2.0,2.0,5.0,0.0,19.59027777777778,13.0,,,12.5,6.799
2021-04-12,216.0,958.0,16.0,9.0,4.0,18.39863713798978,10.0,4.0,13.0,-1.9852094554390374,19.166823529411765,14.0,,,30.77,2.589
2021-04-13,447.0,718.0,28.0,14.0,13.0,38.36909871244635,17.0,6.0,6.0,-0.571428571428572,19.138222967309307,15.0,,,30.0,6.719
2021-04-14,915.0,255.0,24.0,14.0,5.0,78.2051282051282,11.0,6.0,5.0,1.0729492510652767,19.421951423785597,16.0,,,30.0,1.72
2021-04-15,448.0,721.0,25.0,9.0,9.0,38.32335329341318,12.0,6.0,6.0,-0.5640015291819785,19.259765494137355,7.0,,,40.0,-2.889
2021-04-16,946.0,239.0,12.0,9.0,3.0,79.83122362869199,5.0,6.0,1.0,1.4397905759162346,19.473842940685046,8.0,,,40.0,4.856
2021-04-19,946.0,214.0,36.0,12.0,1.0,81.55172413793103,2.0,3.0,1.0,1.1956995344873456,19.873737458193983,9.0,,,20.0,5.862
2021-04-20,383.0,785.0,30.0,8.0,3.0,32.79109589041096,4.0,3.0,4.0,-0.860268028942728,19.872796327212022,10.0,,,27.27,3.828
2021-04-21,440.0,730.0,30.0,6.0,3.0,37.60683760683761,5.0,3.0,3.0,-0.5228858503089602,19.939758333333334,11.0,,,33.33,-3.208
2021-04-22,678.0,478.0,46.0,14.0,3.0,58.65051903114187,3.0,3.0,2.0,0.2740780732846648,20.120848585690513,12.0,,,17.65,8.183
2021-04-23,328.0,852.0,20.0,7.0,4.0,27.796610169491526,6.0,4.0,4.0,-1.2237486650193659,20.023149999999998,2.0,,,36.36,-1.267
2021-04-26,472.0,707.0,24.0,12.0,3.0,40.03392705682782,8.0,6.0,9.0,-0.4938271604938166,19.91016625103907,3.0,,,33.33,2.321
2021-04-27,403.0,780.0,16.0,6.0,7.0,34.065934065934066,12.0,5.0,14.0,-1.1869436201780426,19.863636363636363,2.0,,,45.45,-0.212
2021-04-28,583.0,594.0,29.0,11.0,7.0,49.532710280373834,12.0,8.0,10.0,0.0,19.968648424543947,3.0,,,42.11,4.145
2021-04-29,460.0,720.0,23.0,7.0,6.0,38.983050847457626,8.0,9.0,10.0,-0.6213398085987748,19.840548628428927,2.0,,,56.25,-0.788
2021-04-30,382.0,807.0,16.0,4.0,3.0,32.12783851976451,8.0,7.0,7.0,-1.151631477927056,19.791253112033193,3.0,,,63.64,2.033
2021-05-06,669.0,510.0,28.0,10.0,4.0,56.74300254452926,5.0,5.0,2.0,0.2574002574002634,19.639055509527754,4.0,,,33.33,8.348
2021-05-07,403.0,778.0,26.0,9.0,2.0,34.123624047417444,4.0,5.0,14.0,-0.9104704097116784,19.1853603976802,3.0,,,35.71,3.386
2021-05-10,589.0,597.0,21.0,11.0,0.0,49.66273187183811,2.0,8.0,2.0,0.0,19.22993371996686,4.0,,,42.11,6.447
2021-05-11,745.0,434.0,28.0,3.0,1.0,63.189143341815104,5.0,5.0,9.0,0.5080440304826309,19.323869096934548,2.0,,,62.5,1.292
2021-05-12,821.0,360.0,28.0,7.0,0.0,69.5173581710415,0.0,5.0,6.0,0.6779661016949159,19.581803143093467,1.0,,,41.67,7.382
2021-05-13,456.0,724.0,32.0,10.0,0.0,38.64406779661017,1.0,2.0,8.0,-0.5048488426919064,19.48879537953795,2.0,,,16.67,3.703
2021-05-14,981.0,212.0,19.0,19.0,0.0,82.22967309304275,1.0,0.0,2.0,1.2222167503857622,19.833745874587457,2.0,,,0.0,2.608
2021-05-17,383.0,817.0,12.0,7.0,7.0,31.916666666666664,16.0,8.0,19.0,-1.1716596514292577,19.968927392739275,2.0,,,53.33,-0.453
2021-05-18,650.0,520.0,42.0,6.0,3.0,55.55555555555556,4.0,5.0,4.0,0.18250315844165266,19.977186468646863,3.0,,,45.45,0.748
2021-05-19,501.0,682.0,29.0,9.0,2.0,42.34995773457312,3.0,3.0,1.0,-0.33277962347729084,19.995734323432345,4.0,,,25.0,1.073
2021-05-20,496.0,682.0,35.0,7.0,3.0,42.10526315789473,4.0,4.0,2.0,-0.3844041735310284,20.07159934047815,5.0,,,36.36,3.616
2021-05-21,553.0,615.0,46.0,8.0,1.0,47.3458904109589,1.0,4.0,4.0,-0.06487943709903275,20.002504118616145,2.0,,,33.33,1.32
2021-05-24,757.0,417.0,39.0,5.0,0.0,64.48040885860307,2.0,8.0,1.0,0.5291005291005366,20.137864798021432,3.0,,,61.54,2.792
2021-05-25,768.0,396.0,50.0,6.0,1.0,65.97938144329896,2.0,4.0,3.0,0.4040404040404014,20.406046128500822,2.0,,,40.0,0.735
2021-05-26,784.0,388.0,44.0,13.0,0.0,66.89419795221842,1.0,5.0,3.0,0.6095028064653383,20.53580592105263,2.0,,,27.78,1.42
2021-05-27,792.0,379.0,46.0,11.0,0.0,67.63450042698548,0.0,2.0,1.0,0.5825242718446477,20.781725554642563,2.0,,,15.38,0.911
2021-05-28,345.0,850.0,22.0,8.0,0.0,28.870292887029287,0.0,3.0,2.0,-1.0600706713780934,20.694560394412488,3.0,,,27.27,3.49
2021-05-31,941.0,252.0,26.0,17.0,0.0,78.87678122380554,0.0,7.0,0.0,1.0570824524312858,21.127481542247747,4.0,,,29.17,8.203
2021-06-01,818.0,376.0,25.0,13.0,0.0,68.50921273031825,1.0,5.0,4.0,0.6787330316742138,21.258531583264972,2.0,,,27.78,2.078
2021-06-02,344.0,863.0,14.0,12.0,1.0,28.500414250207122,2.0,8.0,6.0,-1.272984441301271,20.953816543816544,3.0,,,40.0,-1.904
2021-06-03,481.0,710.0,34.0,6.0,2.0,40.38623005877414,2.0,3.0,9.0,-0.4027617951668601,20.86507755102041,2.0,,,33.33,-0.93
2021-06-04,556.0,643.0,27.0,6.0,2.0,46.371976647206004,3.0,5.0,6.0,-0.1771224233589223,20.951288743882543,1.0,,,45.45,0.401
2021-06-07,804.0,383.0,39.0,7.0,2.0,67.73378264532435,3.0,5.0,1.0,0.7324616131815204,21.14661500815661,2.0,,,41.67,3.372
2021-06-08,569.0,633.0,26.0,11.0,2.0,47.33777038269551,4.0,2.0,7.0,-0.12671150708809725,21.097972312703583,3.0,,,15.38,6.854
2021-06-09,599.0,603.0,25.0,13.0,0.0,49.833610648918466,3.0,1.0,4.0,0.0,21.133643031784842,3.0,,,7.14,4.275
2021-06-10,749.0,452.0,26.0,18.0,0.0,62.364696086594506,1.0,7.0,1.0,0.504413619167718,21.436259168704158,4.0,,,28.0,7.996
2021-06-11,452.0,762.0,12.0,18.0,3.0,37.23228995057661,7.0,5.0,16.0,-0.9465319213746853,21.348181076672102,5.0,,,21.74,6.369
2021-06-15,515.0,694.0,18.0,16.0,4.0,42.597187758478086,7.0,8.0,13.0,-0.7797270955165699,21.22749796251019,2.0,,,33.33,0.98
2021-06-16,389.0,812.0,25.0,10.0,1.0,32.389675270607825,4.0,5.0,17.0,-1.0939040283540424,20.64225938009788,2.0,,,33.33,1.586
2021-06-17,702.0,493.0,33.0,9.0,0.0,58.74476987447699,2.0,6.0,4.0,0.33379283897007955,20.954861563517916,3.0,,,40.0,6.007
2021-06-18,816.0,388.0,25.0,15.0,0.0,67.77408637873754,1.0,6.0,6.0,0.8839779005524869,21.179674532139952,4.0,,,28.57,3.839
2021-06-21,881.0,321.0,28.0,15.0,0.0,73.29450915141432,0.0,8.0,2.0,1.0865281618863598,21.563967479674798,5.0,,,34.78,1.123
2021-06-22,649.0,546.0,35.0,13.0,0.0,54.30962343096234,1.0,9.0,4.0,0.17011723044519939,21.665747967479675,6.0,,,40.91,3.442
2021-06-23,585.0,614.0,33.0,14.0,1.0,48.790658882402,1.0,3.0,6.0,0.0,21.931996753246754,3.0,,,17.65,-0.804
2021-06-24,387.0,827.0,18.0,14.0,0.0,31.87808896210873,1.0,4.0,7.0,-1.22612652723729,21.67710227272727,4.0,,,22.22,3.032
2021-06-25,506.0,697.0,29.0,10.0,0.0,42.061512884455524,3.0,5.0,6.0,-0.46032906376801397,21.793262987012987,5.0,,,33.33,2.708
2021-06-28,766.0,445.0,23.0,11.0,0.0,63.25350949628407,1.0,10.0,1.0,0.5317982861494577,22.072820097244733,6.0,,,47.62,5.203
2021-06-29,321.0,896.0,18.0,8.0,1.0,26.37633525061627,1.0,8.0,8.0,-1.5281757402101257,21.916955465587044,2.0,,,50.0,0.208
2021-06-30,817.0,383.0,35.0,11.0,1.0,68.08333333333333,3.0,8.0,5.0,0.7275132275132355,22.177263157894735,3.0,,,42.11,7.236
2021-07-01,290.0,933.0,14.0,12.0,0.0,23.712183156173346,3.0,4.0,35.0,-2.133922001471664,21.916071139854488,1.0,,,25.0,-1.79
2021-07-02,519.0,686.0,31.0,9.0,0.0,43.07053941908714,1.0,7.0,7.0,-0.36561768478184276,21.53960355987055,2.0,,,43.75,-0.294
2021-07-05,914.0,302.0,22.0,14.0,0.0,75.16447368421053,2.0,8.0,3.0,1.3916679073899885,21.862366720516963,2.0,,,36.36,4.325
2021-07-06,601.0,617.0,21.0,5.0,1.0,49.343185550082104,3.0,6.0,5.0,0.0,21.695238095238096,2.0,,,54.55,0.363
2021-07-07,716.0,479.0,47.0,12.0,0.0,59.91631799163179,1.0,5.0,2.0,0.38216020977188825,22.143357487922703,3.0,,,29.41,7.126
2021-07-08,458.0,769.0,17.0,16.0,0.0,37.32681336593317,1.0,1.0,10.0,-0.9677576703575372,22.072853697749196,2.0,,,5.88,2.167
2021-07-09,689.0,526.0,30.0,13.0,0.0,56.70781893004116,0.0,6.0,2.0,0.2654531664770583,22.042899598393575,2.0,,,31.58,0.411
2021-07-12,914.0,304.0,26.0,19.0,1.0,75.04105090311987,1.0,14.0,2.0,1.20374725769216,22.53370578778135,3.0,,,42.42,7.531
2021-07-13,682.0,533.0,28.0,12.0,2.0,56.13168724279836,2.0,5.0,8.0,0.2605863192182471,22.571295253419148,4.0,,,29.41,2.994
2021-07-14,355.0,877.0,11.0,9.0,6.0,28.814935064935064,7.0,5.0,10.0,-1.263940520446096,22.379163314561545,1.0,,,35.71,-1.717
2021-07-15,331.0,903.0,9.0,8.0,7.0,26.823338735818474,12.0,1.0,4.0,-1.6666666666666583,22.225333869670152,2.0,,,11.11,0.488
2021-07-16,427.0,785.0,34.0,3.0,2.0,35.23102310231023,2.0,9.0,7.0,-0.6402511033595641,21.99860353130016,1.0,,,75.0,2.771
2021-07-19,586.0,640.0,19.0,8.0,3.0,47.79771615008156,6.0,6.0,11.0,-0.164203612479471,21.99578313253012,2.0,,,42.86,3.55
2021-07-20,644.0,579.0,24.0,8.0,1.0,52.6573998364677,2.0,4.0,2.0,0.1485516216885424,22.13511627906977,2.0,,,33.33,7.502
2021-07-21,927.0,295.0,26.0,19.0,0.0,75.85924713584288,0.0,6.0,1.0,1.0505253283548543,22.59439903846154,3.0,,,24.0,9.485
2021-07-22,647.0,573.0,28.0,11.0,0.0,53.0327868852459,1.0,10.0,2.0,0.1548288134983849,22.676402243589745,2.0,,,47.62,4.703
2021-07-23,295.0,943.0,12.0,8.0,1.0,23.82875605815832,2.0,9.0,17.0,-2.1714405977437963,22.302872,3.0,,,52.94,0.552
2021-07-26,345.0,900.0,9.0,8.0,3.0,27.710843373493976,10.0,7.0,14.0,-1.8250961124758844,21.93663476874003,4.0,,,46.67,6.137
2021-07-27,324.0,913.0,19.0,11.0,5.0,26.192400970088926,7.0,12.0,65.0,-1.8934053416812047,21.471990445859873,5.0,,,52.17,7.059
2021-07-28,297.0,949.0,10.0,14.0,5.0,23.836276083467094,34.0,4.0,29.0,-3.205635347006251,21.19033439490446,2.0,,,22.22,0.094
2021-07-29,1138.0,109.0,11.0,25.0,0.0,91.25902165196472,0.0,13.0,1.0,2.668391360514133,22.07149443561208,2.0,,,34.21,8.761
2021-07-30,867.0,374.0,18.0,22.0,3.0,69.86301369863014,7.0,11.0,13.0,1.2170385395537628,22.218006354249404,3.0,,,33.33,6.66
2021-08-02,1010.0,232.0,17.0,22.0,0.0,81.32045088566827,1.0,19.0,8.0,1.90315586605637,22.6468149324861,3.0,,,46.34,5.879
2021-08-03,610.0,626.0,23.0,18.0,4.0,49.35275080906149,5.0,5.0,35.0,0.0,22.494273232724385,3.0,,,21.74,2.539
2021-08-04,829.0,395.0,36.0,20.0,0.0,67.72875816993465,0.0,10.0,2.0,0.749531835205996,22.9609126984127,4.0,,,33.33,1.661
2021-08-05,376.0,866.0,20.0,12.0,2.0,30.273752012882447,2.0,5.0,15.0,-1.433742919788052,22.828193343898572,2.0,,,29.41,1.818
2021-08-06,491.0,752.0,21.0,12.0,0.0,39.501206757843924,0.0,7.0,4.0,-0.6377763871506051,22.711431962025316,2.0,,,36.84,0.499
2021-08-09,823.0,432.0,10.0,21.0,1.0,65.57768924302789,4.0,6.0,5.0,0.9852216748768554,22.888711462450594,4.0,,,22.22,3.193
2021-08-10,896.0,348.0,21.0,18.0,1.0,72.02572347266882,3.0,7.0,11.0,0.8871989860583053,23.07522529644269,2.0,,,28.0,3.25
2021-08-11,647.0,572.0,44.0,18.0,1.0,53.07629204265791,1.0,1.0,3.0,0.0960614793467798,23.122074425969913,2.0,,,5.26,1.809
2021-08-12,573.0,667.0,26.0,8.0,2.0,46.20967741935484,4.0,9.0,6.0,-0.2515727250863825,23.126974723538705,1.0,,,52.94,-2.255
2021-08-13,481.0,763.0,24.0,11.0,1.0,38.66559485530547,2.0,4.0,8.0,-0.6481408549809115,22.976798107255522,2.0,,,26.67,8.637
2021-08-16,643.0,596.0,31.0,19.0,3.0,51.896690879741726,5.0,6.0,15.0,0.08807288383079305,22.937220472440945,3.0,,,24.0,4.643
2021-08-17,183.0,1081.0,7.0,10.0,3.0,14.477848101265822,8.0,7.0,30.0,-3.3051498847040715,22.418371361132966,4.0,,,41.18,-0.738
2021-08-18,832.0,419.0,21.0,18.0,4.0,66.50679456434852,4.0,6.0,8.0,0.7563568074727128,22.566462264150942,5.0,,,25.0,7.037
2021-08-19,507.0,745.0,21.0,8.0,3.0,40.495207667731634,4.0,6.0,11.0,-0.5260582334230397,22.650879811468972,2.0,,,42.86,-0.258
2021-08-20,421.0,831.0,21.0,9.0,0.0,33.626198083067095,4.0,6.0,10.0,-1.1836212412028182,22.331264728986646,3.0,,,40.0,-0.197
2021-08-23,1129.0,134.0,9.0,31.0,0.0,89.39034045922408,1.0,13.0,4.0,2.6122175594953347,23.05387578616352,2.0,,,29.55,8.239
2021-08-24,622.0,618.0,33.0,14.0,2.0,50.16129032258064,3.0,10.0,18.0,0.0,23.201814611154752,3.0,,,41.67,2.474
2021-08-25,665.0,583.0,28.0,14.0,0.0,53.28525641025641,0.0,7.0,5.0,0.1654777882628771,23.375101880877743,3.0,,,33.33,0.993
2021-08-26,325.0,933.0,18.0,4.0,1.0,25.834658187599363,1.0,8.0,6.0,-1.7276843729694624,23.015658307210032,4.0,,,66.67,0.68
2021-08-27,466.0,792.0,18.0,9.0,1.0,37.0429252782194,4.0,5.0,9.0,-0.8547134995869274,22.895078369905956,1.0,,,35.71,7.076
2021-08-30,559.0,703.0,15.0,15.0,3.0,44.294770206022186,5.0,9.0,6.0,-0.4574914220358406,22.89473766640564,2.0,,,37.5,10.823
2021-08-31,451.0,808.0,18.0,9.0,5.0,35.8220810166799,8.0,7.0,16.0,-1.0297482837528589,22.60082223962412,3.0,,,43.75,4.917
2021-09-01,589.0,668.0,19.0,17.0,4.0,46.857597454256165,10.0,6.0,45.0,-0.30064963813620127,22.31385579937304,3.0,,,26.09,6.117
2021-09-02,697.0,552.0,28.0,19.0,0.0,55.80464371497198,0.0,7.0,3.0,0.2401222440515159,22.347251370399373,4.0,,,26.92,3.718
2021-09-03,719.0,535.0,23.0,8.0,2.0,57.336523125996806,4.0,14.0,31.0,0.3613835828600943,22.23924823805795,2.0,,,63.64,0.761
2021-09-06,941.0,309.0,27.0,11.0,1.0,75.28,5.0,3.0,3.0,1.0245901639344226,22.685395458104935,2.0,,,21.43,4.957
2021-09-07,709.0,524.0,46.0,11.0,0.0,57.50202757502028,0.0,9.0,5.0,0.1918158567774895,22.87453479280688,1.0,,,45.0,-1.634
2021-09-08,701.0,561.0,19.0,13.0,0.0,55.54675118858954,0.0,10.0,5.0,0.2273588480484983,22.747291178766588,2.0,,,43.48,3.233
2021-09-09,428.0,832.0,21.0,6.0,0.0,33.96825396825397,1.0,4.0,6.0,-0.9023789991796508,22.585464480874318,3.0,,,40.0,-0.577
2021-09-10,452.0,814.0,17.0,10.0,0.0,35.70300157977883,0.0,3.0,1.0,-0.8375209380234475,22.581839438815276,4.0,,,23.08,4.314
2021-09-13,624.0,638.0,21.0,10.0,1.0,49.44532488114105,4.0,2.0,5.0,0.0,22.451379579111457,5.0,,,16.67,3.725
2021-09-14,455.0,809.0,22.0,15.0,0.0,35.99683544303797,0.0,10.0,5.0,-0.9136187995482428,22.547550544323485,2.0,,,40.0,4.988
2021-09-15,673.0,590.0,25.0,13.0,0.0,53.285827395091054,1.0,4.0,7.0,0.17760595183475755,22.566622670807455,3.0,,,23.53,1.941
2021-09-16,343.0,936.0,8.0,12.0,2.0,26.817826426896012,5.0,11.0,22.0,-1.7085427135678386,22.14977466977467,2.0,,,47.83,3.57
2021-09-17,532.0,735.0,21.0,7.0,2.0,41.988950276243095,6.0,4.0,13.0,-0.6402426527851777,22.205287267080745,2.0,,,36.36,-2.753
2021-09-22,542.0,717.0,27.0,8.0,0.0,43.05003971405878,4.0,5.0,3.0,-0.4370096888781258,22.159129082426126,3.0,,,38.46,3.596
2021-09-23,880.0,388.0,20.0,6.0,3.0,69.4006309148265,4.0,12.0,20.0,0.8365293217765905,22.258377329192548,2.0,,,66.67,4.64
2021-09-24,327.0,954.0,8.0,5.0,1.0,25.526932084309134,2.0,4.0,13.0,-1.8867924528301905,22.11008533747091,1.0,,,44.44,-0.195
2021-09-27,256.0,1034.0,1.0,6.0,5.0,19.844961240310077,17.0,5.0,65.0,-3.11890838206628,21.705050348567003,1.0,,,45.45,2.029
2021-09-28,672.0,582.0,37.0,9.0,1.0,53.588516746411486,4.0,4.0,4.0,0.1267427122940516,21.68291247095275,1.0,,,30.77,-4.438
2021-09-29,142.0,1143.0,9.0,2.0,2.0,11.050583657587548,4.0,3.0,23.0,-3.18181943273404,21.068377125193198,2.0,,,60.0,-2.375
2021-09-30,1159.0,126.0,11.0,11.0,0.0,90.19455252918289,2.0,2.0,5.0,1.9683881837748316,21.62639660493827,2.0,,,15.38,9.548
2021-10-08,1028.0,265.0,6.0,10.0,2.0,79.50502706883216,3.0,8.0,21.0,1.8033344675059584,21.70632794457275,1.0,,,44.44,1.092
2021-10-11,582.0,684.0,34.0,7.0,2.0,45.97156398104265,4.0,9.0,13.0,-0.1652933205105703,21.610176923076924,2.0,,,56.25,3.317
2021-10-12,241.0,1046.0,14.0,6.0,2.0,18.725718725718725,4.0,3.0,14.0,-1.7727272727272754,21.251667947732514,1.0,,,33.33,1.596
2021-10-13,899.0,377.0,25.0,15.0,0.0,70.45454545454545,0.0,5.0,2.0,0.8470798038341564,21.626333589546505,2.0,,,25.0,4.099
2021-10-14,721.0,531.0,49.0,16.0,0.0,57.587859424920126,2.0,5.0,0.0,0.2189781021897893,21.776179861644888,2.0,,,23.81,2.778
2021-10-15,395.0,889.0,18.0,5.0,8.0,30.76323987538941,11.0,8.0,10.0,-1.139699614635961,21.72927035330261,1.0,,,61.54,-2.154
2021-10-18,755.0,525.0,22.0,10.0,2.0,58.984375,5.0,4.0,2.0,0.4046075606774879,21.764224270353303,2.0,,,28.57,6.24
2021-10-19,659.0,600.0,44.0,12.0,1.0,52.343129467831616,1.0,5.0,7.0,0.0624609618988008,21.958772064466615,2.0,,,29.41,2.108
2021-10-20,459.0,816.0,29.0,9.0,0.0,36.0,0.0,6.0,1.0,-0.6722061490765087,21.94935582822086,3.0,,,40.0,-0.431
2021-10-21,360.0,918.0,28.0,7.0,0.0,28.169014084507044,0.0,5.0,0.0,-1.177553894485968,21.824647779479328,4.0,,,41.67,3.917
2021-10-22,460.0,815.0,31.0,6.0,0.0,36.07843137254902,0.0,11.0,7.0,-0.811754540370557,21.770803981623274,1.0,,,64.71,1.612
2021-10-25,751.0,526.0,28.0,17.0,0.0,58.80971025841817,2.0,5.0,1.0,0.4347826086956622,22.058268199233716,2.0,,,22.73,7.733
2021-10-26,539.0,737.0,30.0,5.0,0.0,42.241379310344826,2.0,10.0,8.0,-0.5289424755743874,22.01676875957121,1.0,,,66.67,2.03
2021-10-27,287.0,1001.0,18.0,6.0,1.0,22.282608695652172,4.0,1.0,10.0,-2.3370842589909495,21.693683001531394,1.0,,,14.29,4.866
2021-10-28,316.0,979.0,16.0,10.0,3.0,24.4015444015444,7.0,6.0,23.0,-1.92023633677991,21.301022120518688,1.0,,,37.5,2.108
2021-10-29,1047.0,253.0,12.0,18.0,0.0,80.53846153846153,1.0,6.0,5.0,1.62126642771804,21.667278963414635,2.0,,,25.0,2.894
2021-11-01,1030.0,252.0,30.0,24.0,0.0,80.34321372854915,0.0,14.0,1.0,1.305446836268749,21.915952743902437,3.0,,,36.84,4.923
2021-11-02,374.0,927.0,13.0,12.0,2.0,28.747117601844735,3.0,5.0,13.0,-1.513878278584166,21.816141552511414,2.0,,,29.41,1.295
2021-11-03,898.0,388.0,30.0,14.0,1.0,69.82892690513219,6.0,7.0,2.0,0.7816188298244559,21.963776595744683,3.0,,,33.33,2.662
2021-11-04,1018.0,255.0,44.0,24.0,0.0,79.96857816182246,1.0,7.0,5.0,0.9758538721381044,22.337061503416855,4.0,,,22.58,3.263
2021-11-05,673.0,616.0,28.0,15.0,3.0,52.21101629169899,3.0,7.0,15.0,0.1119820828667389,22.300311313591493,4.0,,,31.82,2.766
2021-11-08,738.0,550.0,30.0,15.0,0.0,57.298136645962735,2.0,8.0,7.0,0.364212619110613,22.3243095599393,3.0,,,34.78,3.838
2021-11-09,961.0,321.0,35.0,12.0,1.0,74.9609984399376,1.0,8.0,5.0,0.968992248062012,22.666165527714504,3.0,,,40.0,1.809
2021-11-10,885.0,404.0,28.0,16.0,0.0,68.65787432117921,2.0,7.0,3.0,0.6633499170812659,22.78405466970387,4.0,,,30.43,1.705
2021-11-11,860.0,419.0,40.0,20.0,3.0,67.24003127443315,6.0,10.0,12.0,0.6962576153176682,23.03947687642153,2.0,,,33.33,3.827
2021-11-12,934.0,355.0,31.0,18.0,0.0,72.45927075252133,0.0,6.0,6.0,0.9083408340834136,23.364272727272727,2.0,,,25.0,4.753
2021-11-15,963.0,347.0,11.0,22.0,1.0,73.5114503816794,3.0,17.0,18.0,1.4326937680352414,23.482679788039363,2.0,,,43.59,4.7
2021-11-16,333.0,976.0,12.0,12.0,0.0,25.439266615737203,0.0,3.0,19.0,-1.5459933006957003,23.18777441332324,2.0,,,20.0,-1.833
2021-11-17,1014.0,290.0,18.0,18.0,0.0,77.76073619631902,0.0,9.0,5.0,1.3618596218173487,23.55807110438729,3.0,,,33.33,0.899
2021-11-18,337.0,966.0,19.0,12.0,1.0,25.863392171910977,4.0,9.0,11.0,-1.6643171034953776,23.336830559757942,4.0,,,42.86,2.861
2021-11-19,908.0,384.0,31.0,15.0,0.0,70.27863777089783,2.0,7.0,3.0,0.8510638297872347,23.670136054421768,3.0,,,31.82,1.619
2021-11-22,781.0,513.0,31.0,21.0,0.0,60.35548686244204,1.0,5.0,4.0,0.4009355162044805,24.12925283018868,2.0,,,19.23,4.337
2021-11-23,704.0,582.0,42.0,15.0,0.0,54.74339035769829,1.0,15.0,7.0,0.15694533392449672,24.175918674698796,3.0,,,50.0,2.776
2021-11-24,733.0,568.0,27.0,28.0,0.0,56.341275941583405,0.0,6.0,4.0,0.3164132424022711,24.33680722891566,2.0,,,17.65,4.339
2021-11-25,622.0,677.0,29.0,11.0,1.0,47.88298691301001,2.0,11.0,16.0,-0.09084404022250431,24.420790662650603,2.0,,,50.0,-1.986
2021-11-26,476.0,828.0,24.0,13.0,0.0,36.50306748466258,1.0,11.0,10.0,-0.7525659121403749,24.401754518072288,1.0,,,45.83,-2.059
2021-11-29,547.0,761.0,21.0,20.0,1.0,41.81957186544342,2.0,8.0,3.0,-0.5714285714285737,24.634349134687735,2.0,,,28.57,-0.033
2021-11-30,822.0,487.0,20.0,11.0,0.0,62.796027501909855,2.0,9.0,9.0,0.686498855835246,24.664296463506396,2.0,,,45.0,4.231
2021-12-01,906.0,405.0,18.0,22.0,1.0,69.10755148741418,2.0,6.0,8.0,1.0416666666666752,24.685823927765238,3.0,,,21.43,5.876
2021-12-02,235.0,1078.0,17.0,12.0,1.0,17.897943640517898,5.0,11.0,18.0,-2.1279486058169343,24.230443609022558,3.0,,,47.83,-2.16
2021-12-03,691.0,599.0,41.0,5.0,0.0,53.56589147286822,1.0,7.0,14.0,0.1019021739130352,24.275995492111193,2.0,,,58.33,-3.505
2021-12-06,217.0,1107.0,8.0,7.0,0.0,16.389728096676738,2.0,5.0,9.0,-2.6199705973683947,23.720878378378377,1.0,,,41.67,0.538
2021-12-07,428.0,885.0,21.0,10.0,3.0,32.5971058644326,10.0,7.0,11.0,-1.0410602588716265,23.415434782608695,2.0,,,41.18,0.109
2021-12-08,1060.0,242.0,35.0,14.0,0.0,81.41321044546851,0.0,5.0,1.0,0.947867298578203,23.862460732984292,3.0,,,26.32,2.74
2021-12-09,763.0,538.0,37.0,12.0,0.0,58.647194465795536,1.0,13.0,3.0,0.2842184566406429,23.953281016442453,4.0,,,52.0,2.013
2021-12-10,722.0,585.0,31.0,14.0,0.0,55.24100994644223,1.0,6.0,1.0,0.24897105737285116,24.110635276532136,5.0,,,30.0,3.922
2021-12-13,692.0,616.0,30.0,14.0,1.0,52.90519877675841,2.0,4.0,4.0,0.0847521227080731,24.21329596412556,6.0,,,22.22,3.864
2021-12-14,925.0,390.0,23.0,19.0,1.0,70.34220532319392,2.0,6.0,2.0,0.9237233354880382,24.408116591928252,7.0,,,24.0,4.196
2021-12-15,583.0,717.0,38.0,12.0,0.0,44.84615384615385,0.0,6.0,7.0,-0.2446557312288508,24.29293721973094,3.0,,,33.33,1.304
2021-12-16,840.0,471.0,28.0,16.0,0.0,64.07322654462243,0.0,11.0,4.0,0.4486316733961482,24.620104555638537,4.0,,,40.74,2.947
2021-12-17,331.0,989.0,19.0,12.0,0.0,25.075757575757574,0.0,6.0,11.0,-1.469450889404482,24.170993278566094,2.0,,,33.33,1.193
2021-12-20,321.0,999.0,21.0,9.0,2.0,24.31818181818182,5.0,6.0,22.0,-1.6253869969040176,23.684653243847873,2.0,,,40.0,-1.872
2021-12-21,1041.0,284.0,17.0,12.0,1.0,78.56603773584906,3.0,7.0,2.0,1.2172060126572504,23.963889716840537,3.0,,,36.84,3.885
2021-12-22,730.0,582.0,30.0,7.0,2.0,55.640243902439025,3.0,9.0,10.0,0.21760010822510634,24.117317436661697,3.0,,,56.25,2.383
2021-12-23,387.0,946.0,14.0,6.0,1.0,29.03225806451613,4.0,6.0,9.0,-1.4035087719298125,24.008968077208614,2.0,,,50.0,-1.003
2021-12-24,257.0,1078.0,13.0,8.0,1.0,19.250936329588015,4.0,1.0,17.0,-2.6456988994081017,23.489473293768548,2.0,,,11.11,0.168
2021-12-27,861.0,469.0,20.0,13.0,0.0,64.73684210526316,1.0,6.0,9.0,0.5645137074737993,23.53977777777778,2.0,,,31.58,4.723
2021-12-28,953.0,368.0,29.0,8.0,1.0,72.14231642694928,2.0,4.0,7.0,1.0004549590536844,23.806555555555555,2.0,,,33.33,1.013
2021-12-29,584.0,731.0,35.0,11.0,0.0,44.4106463878327,1.0,4.0,3.0,-0.23453583083166907,23.845814814814815,2.0,,,26.67,3.854
2021-12-30,922.0,395.0,34.0,19.0,0.0,70.00759301442673,0.0,8.0,2.0,0.599700149925038,24.082605477424128,3.0,,,29.63,8.666
2021-12-31,716.0,592.0,43.0,11.0,1.0,54.74006116207951,2.0,11.0,10.0,0.1482579688658233,24.121458179126574,4.0,,,50.0,3.661
2022-01-04,970.0,366.0,14.0,16.0,3.0,72.60479041916167,4.0,13.0,10.0,1.3304459871172143,24.036844444444444,4.0,,,44.83,4.99
2022-01-05,294.0,1039.0,17.0,7.0,5.0,22.05551387846962,9.0,7.0,17.0,-1.6695375939073438,23.51482962962963,2.0,,,50.0,1.487
2022-01-06,896.0,423.0,32.0,13.0,0.0,67.93025018953753,2.0,8.0,6.0,0.6869479882237516,23.649874167283492,1.0,,,38.1,0.469
2022-01-07,196.0,1152.0,4.0,7.0,7.0,14.540059347181009,10.0,10.0,28.0,-2.506685612026732,23.119926035502957,1.0,,,58.82,-4.036
2022-01-10,963.0,364.0,25.0,17.0,0.0,72.56970610399397,1.0,6.0,3.0,1.0928206745239002,23.37032544378698,2.0,,,26.09,1.492
2022-01-11,472.0,843.0,37.0,9.0,1.0,35.893536121673,4.0,7.0,9.0,-0.65798588061442,23.139578402366862,3.0,,,43.75,0.455
2022-01-12,1104.0,226.0,24.0,11.0,0.0,83.00751879699249,2.0,8.0,1.0,1.357631903180017,23.59532496307238,4.0,,,42.11,5.48
2022-01-13,356.0,976.0,23.0,9.0,0.0,26.726726726726728,2.0,11.0,4.0,-1.1470281543274186,23.305837638376385,5.0,,,55.0,7.068
2022-01-14,534.0,808.0,14.0,21.0,1.0,39.79135618479881,1.0,7.0,1.0,-0.6974697787138334,23.472087020648967,3.0,,,25.0,6.444
2022-01-17,1096.0,242.0,16.0,28.0,1.0,81.91330343796712,2.0,7.0,4.0,2.061051365529135,23.97297636632201,4.0,,,20.0,7.824
2022-01-18,297.0,1050.0,9.0,8.0,6.0,22.048997772828507,11.0,15.0,40.0,-2.0245791415278247,23.625317109144543,5.0,,,65.22,-0.279
2022-01-19,738.0,600.0,19.0,13.0,4.0,55.15695067264574,6.0,6.0,8.0,0.2886002886002953,23.466366985998526,5.0,,,31.58,1.332
2022-01-20,158.0,1194.0,3.0,10.0,4.0,11.68639053254438,7.0,8.0,20.0,-3.603603603603595,22.848922509225094,6.0,,,44.44,2.652
2022-01-21,417.0,910.0,29.0,4.0,9.0,31.424265259984928,13.0,8.0,36.0,-1.1326099738093873,22.46589970501475,3.0,,,66.67,-5.938
2022-01-24,572.0,762.0,24.0,14.0,5.0,42.87856071964018,10.0,5.0,7.0,-0.34131283126566103,22.53417525773196,4.0,,,26.32,1.703
2022-01-25,80.0,1274.0,3.0,7.0,9.0,5.908419497784342,14.0,1.0,37.0,-4.761904761904765,21.684782608695652,2.0,,,12.5,-1.762
2022-01-26,885.0,450.0,23.0,7.0,3.0,66.29213483146067,7.0,6.0,13.0,0.6801184463818901,21.780846833578792,2.0,,,46.15,2.03
2022-01-27,58.0,1296.0,6.0,4.0,12.0,4.283604135893649,18.0,4.0,66.0,-3.8393363584798617,21.010382352941175,1.0,,,50.0,-7.008
2022-01-28,1065.0,287.0,9.0,7.0,5.0,78.77218934911244,9.0,6.0,4.0,1.85185185185184,21.18174871418075,2.0,,,46.15,3.335
2022-02-07,974.0,371.0,19.0,19.0,6.0,72.41635687732342,12.0,9.0,13.0,1.1851852892343697,21.413042521994136,2.0,,,32.14,0.162
2022-02-08,1059.0,295.0,10.0,13.0,1.0,78.21270310192023,5.0,3.0,2.0,1.2619333447664873,21.390945747800586,2.0,,,18.75,5.181
2022-02-09,1146.0,197.0,21.0,23.0,0.0,85.331347728965,2.0,9.0,3.0,1.2341199448117675,21.70983137829912,3.0,,,28.12,6.734
2022-02-10,353.0,982.0,30.0,9.0,1.0,26.44194756554307,1.0,2.0,15.0,-0.8522727272727216,21.44849084249084,4.0,,,18.18,0.629
2022-02-11,143.0,1214.0,9.0,8.0,3.0,10.5379513633014,5.0,7.0,10.0,-2.663277051098933,20.937664714494876,5.0,,,46.67,2.305
2022-02-14,756.0,576.0,35.0,21.0,1.0,56.75675675675676,1.0,3.0,4.0,0.2249718785151808,20.964908558888077,6.0,,,12.5,1.067
2022-02-15,796.0,525.0,47.0,13.0,2.0,60.25738077214232,2.0,12.0,4.0,0.37480097752028224,21.357068713450293,2.0,,,48.0,4.152
2022-02-16,1047.0,298.0,23.0,17.0,0.0,77.84386617100371,2.0,6.0,5.0,1.2324547832691013,21.630372807017544,3.0,,,26.09,3.908
2022-02-17,517.0,831.0,20.0,13.0,4.0,38.353115727002965,7.0,12.0,12.0,-0.6082612127822764,21.68684941520468,2.0,,,48.0,0.467
2022-02-18,824.0,513.0,31.0,12.0,0.0,61.630516080777866,1.0,7.0,2.0,0.39320168205804495,21.717054093567253,3.0,,,36.84,0.378
2022-02-21,1080.0,274.0,16.0,25.0,0.0,79.76366322008862,0.0,10.0,2.0,1.3481010310807857,21.979868613138684,4.0,,,28.57,9.245
2022-02-22,275.0,1085.0,10.0,11.0,0.0,20.22058823529412,1.0,11.0,9.0,-1.4526613283090004,21.700386861313866,3.0,,,50.0,5.394
2022-02-23,1159.0,193.0,19.0,26.0,1.0,85.72485207100591,2.0,5.0,3.0,1.67300380228136,22.27989059080963,4.0,,,16.13,8.883
2022-02-24,191.0,1172.0,9.0,11.0,5.0,14.01320616287601,14.0,20.0,30.0,-2.882944594764301,21.754139941690962,5.0,,,64.52,-2.186
2022-02-25,1002.0,346.0,24.0,11.0,1.0,74.33234421364985,4.0,8.0,1.0,0.8519859893845018,22.076413994169098,6.0,,,42.11,1.372
2022-02-28,559.0,784.0,29.0,11.0,5.0,41.62323157110946,9.0,4.0,6.0,-0.4053664603810103,22.146428571428572,7.0,,,26.67,0.488
2022-03-01,941.0,407.0,26.0,9.0,2.0,69.80712166172107,3.0,1.0,5.0,0.6930010258144058,22.318093158660844,3.0,,,10.0,3.045
2022-03-02,730.0,605.0,39.0,8.0,0.0,54.68164794007491,1.0,8.0,3.0,0.129004348211908,22.260960698689956,4.0,,,50.0,1.5
2022-03-03,365.0,981.0,28.0,11.0,0.0,27.11738484398217,0.0,5.0,5.0,-1.1357874467901472,22.01986899563319,5.0,,,31.25,6.574
2022-03-04,333.0,1025.0,16.0,8.0,5.0,24.521354933726066,6.0,5.0,16.0,-1.2967502325520899,21.796237263464338,6.0,,,38.46,-5.515
2022-03-07,258.0,1106.0,10.0,13.0,1.0,18.914956011730204,7.0,5.0,3.0,-1.800883425049808,21.37141193595342,7.0,,,27.78,7.501
2022-03-08,142.0,1229.0,4.0,2.0,11.0,10.35740335521517,21.0,8.0,42.0,-3.4157303370786587,20.68581090909091,1.0,,,80.0,-9.227
2022-03-09,347.0,1021.0,8.0,8.0,0.0,25.36549707602339,21.0,6.0,0.0,-1.8343713411454452,20.494571220930233,2.0,,,42.86,12.705
2022-03-10,1067.0,287.0,23.0,14.0,0.0,78.80354505169868,0.0,15.0,6.0,1.428571428571421,20.94693536673929,2.0,,,51.72,2.072
2022-03-11,871.0,476.0,30.0,16.0,1.0,64.66221232368225,8.0,6.0,3.0,0.5938242280285121,21.052490922294844,2.0,,,27.27,4.147
2022-03-14,129.0,1245.0,4.0,7.0,7.0,9.388646288209607,7.0,12.0,12.0,-3.330584987348786,20.491835994194485,2.0,,,63.16,-0.047
2022-03-15,97.0,1281.0,1.0,6.0,8.0,7.039187227866474,13.0,6.0,17.0,-5.295524427741718,19.711667875271935,2.0,,,50.0,-0.956
2022-03-16,1261.0,113.0,6.0,23.0,1.0,91.77583697234353,4.0,9.0,3.0,2.9378579979351382,20.31981884057971,3.0,,,28.12,10.86
2022-03-17,1147.0,211.0,22.0,19.0,0.0,84.46244477172313,0.0,17.0,10.0,1.6869546026471824,20.767514492753623,3.0,,,47.22,4.336
2022-03-18,980.0,380.0,21.0,20.0,1.0,72.05882352941177,2.0,7.0,0.0,0.8480104370515381,20.874322954380883,4.0,,,25.93,3.246
2022-03-21,1009.0,337.0,35.0,15.0,0.0,74.962852897474,0.0,14.0,2.0,0.9911894273127816,21.162845763939174,4.0,,,48.28,6.113
2022-03-22,457.0,895.0,29.0,11.0,0.0,33.80177514792899,1.0,9.0,12.0,-0.6911217437533175,20.912853005068794,5.0,,,45.0,-0.889
2022-03-23,665.0,678.0,41.0,7.0,0.0,49.51600893521966,1.0,9.0,6.0,0.0,21.015130057803468,6.0,,,56.25,0.549
2022-03-24,269.0,1097.0,19.0,6.0,2.0,19.692532942898975,3.0,7.0,5.0,-1.81855333060891,20.81719855595668,7.0,,,53.85,2.178
2022-03-25,482.0,863.0,40.0,10.0,0.0,35.8364312267658,1.0,10.0,7.0,-0.6493506493506499,20.535126353790616,8.0,,,50.0,5.984
2022-03-28,415.0,931.0,39.0,6.0,2.0,30.832095096582467,4.0,6.0,6.0,-0.8403361344537761,20.277624548736462,9.0,,,50.0,-0.647
2022-03-29,298.0,1070.0,18.0,6.0,0.0,21.783625730994153,0.0,6.0,4.0,-1.7923298279985493,20.057200577200575,2.0,,,50.0,3.311
2022-03-30,1153.0,211.0,24.0,11.0,0.0,84.5307917888563,2.0,9.0,2.0,1.403236569294891,20.533040345821327,3.0,,,45.0,1.062
2022-03-31,605.0,746.0,36.0,10.0,1.0,44.78164322723908,2.0,13.0,11.0,-0.2638522427440694,20.35824801730353,2.0,,,56.52,3.041
2022-04-01,408.0,958.0,22.0,8.0,2.0,29.86822840409956,2.0,6.0,7.0,-1.0638354771139324,20.180583573487034,3.0,,,42.86,2.219
2022-04-06,977.0,398.0,13.0,12.0,1.0,71.05454545454546,4.0,2.0,1.0,0.9729502560587023,20.18305475504323,4.0,,,14.29,3.609
2022-04-07,161.0,1223.0,4.0,6.0,2.0,11.632947976878613,2.0,7.0,7.0,-2.9461917646743636,19.718018731988472,2.0,,,53.85,-0.749
2022-04-08,342.0,1038.0,11.0,8.0,2.0,24.782608695652176,2.0,4.0,17.0,-1.6863406408094477,19.439309849029478,3.0,,,33.33,-3.153
2022-04-11,142.0,1243.0,5.0,7.0,4.0,10.252707581227437,8.0,11.0,7.0,-3.720653057523082,18.71843165467626,2.0,,,61.11,-3.658
2022-04-12,1155.0,229.0,8.0,9.0,1.0,83.45375722543352,5.0,7.0,4.0,1.7323519923173274,18.980797413793105,2.0,,,43.75,-0.112
2022-04-13,178.0,1208.0,8.0,10.0,4.0,12.842712842712842,7.0,6.0,7.0,-2.714367705748339,18.50971305595409,2.0,,,37.5,3.808
2022-04-14,912.0,437.0,47.0,15.0,1.0,67.6056338028169,2.0,2.0,5.0,0.5163071487725248,18.647385386819483,3.0,,,11.76,1.95
2022-04-15,263.0,1120.0,13.0,4.0,5.0,19.016630513376718,10.0,5.0,5.0,-2.3657024481882054,18.40445558739255,2.0,,,55.56,0.428
2022-04-18,996.0,367.0,32.0,9.0,4.0,73.0741012472487,7.0,6.0,4.0,1.1525795828759653,18.67893906810036,2.0,,,40.0,4.232
2022-04-19,806.0,551.0,38.0,11.0,1.0,59.39572586588062,1.0,2.0,5.0,0.3361344537815054,18.64199283154122,3.0,,,15.38,1.619
2022-04-20,444.0,933.0,21.0,8.0,1.0,32.24400871459695,1.0,1.0,8.0,-0.8498477433240399,18.4558226037196,2.0,,,11.11,1.029
2022-04-21,94.0,1302.0,3.0,2.0,4.0,6.73352435530086,7.0,2.0,18.0,-4.273504273504269,17.823345246604717,2.0,,,50.0,-2.09
2022-04-22,401.0,965.0,34.0,13.0,13.0,29.355783308931187,16.0,6.0,27.0,-1.472394854747801,17.613235714285715,2.0,,,31.58,6.445
2022-04-25,56.0,1345.0,2.0,5.0,98.0,3.9971448965024985,122.0,5.0,227.0,-9.011627906976749,16.279885958660014,1.0,,,50.0,-3.892
2022-04-26,225.0,1169.0,9.0,5.0,35.0,16.140602582496413,57.0,10.0,82.0,-3.7762237762237834,15.765081967213115,1.0,,,66.67,-2.089
2022-04-27,1231.0,165.0,7.0,25.0,1.0,88.18051575931231,28.0,16.0,4.0,3.333333333333336,16.423335709194582,2.0,,,39.02,4.792
2022-04-28,243.0,1147.0,11.0,10.0,10.0,17.48201438848921,18.0,7.0,23.0,-2.816901408450708,16.092562455389007,3.0,,,41.18,3.768
2022-04-29,1360.0,39.0,3.0,31.0,1.0,97.21229449606862,3.0,18.0,3.0,4.813118853267024,16.834115549215408,4.0,,,36.73,7.518
2022-05-05,1146.0,233.0,22.0,25.0,2.0,83.10369833212474,3.0,11.0,0.0,1.6746411483253658,17.138929336188436,5.0,,,30.56,4.417
2022-05-06,453.0,920.0,30.0,20.0,2.0,32.99344501092498,4.0,8.0,6.0,-0.7740686985970011,17.00565930149679,6.0,,,28.57,4.243
2022-05-09,1160.0,223.0,21.0,18.0,0.0,83.87563268257412,0.0,10.0,3.0,1.6253155101067156,17.209252136752138,7.0,,,35.71,4.161
2022-05-10,1214.0,168.0,22.0,21.0,0.0,87.84370477568741,0.0,8.0,3.0,1.676498143585826,17.63113247863248,8.0,,,27.59,6.771
2022-05-11,622.0,737.0,46.0,18.0,1.0,45.76894775570272,3.0,16.0,23.0,-0.1344086021505467,17.808106761565835,8.0,,,47.06,4.746
2022-05-12,1061.0,312.0,33.0,17.0,1.0,77.27603787327021,1.0,5.0,16.0,0.9436305523531046,17.94034850640114,9.0,,,22.73,0.744
2022-05-13,683.0,675.0,48.0,10.0,2.0,50.29455081001473,4.0,5.0,5.0,0.0,17.96360597439545,4.0,,,33.33,2.221
2022-05-16,561.0,796.0,48.0,10.0,3.0,41.341193809874724,5.0,5.0,13.0,-0.2785515320334202,17.871103202846975,5.0,,,33.33,-3.172
2022-05-17,554.0,807.0,43.0,9.0,4.0,40.70536370315944,9.0,3.0,8.0,-0.3501970177561261,17.91051282051282,6.0,,,25.0,2.496
2022-05-18,921.0,447.0,38.0,17.0,1.0,67.32456140350878,5.0,10.0,3.0,0.7121503309844077,18.01835704125178,6.0,,,37.04,2.254
2022-05-19,839.0,510.0,56.0,12.0,0.0,62.194217939214234,2.0,4.0,1.0,0.3676470588235215,18.19224199288256,7.0,,,25.0,3.257
2022-05-20,1033.0,333.0,39.0,12.0,1.0,75.62225475841873,1.0,10.0,6.0,0.744132799084159,18.373950177935946,8.0,,,45.45,2.403
2022-05-23,1122.0,264.0,20.0,11.0,5.0,80.95238095238095,7.0,6.0,5.0,1.3394536712241196,18.5950213371266,2.0,,,35.29,-0.98
2022-05-24,70.0,1336.0,0.0,6.0,4.0,4.978662873399715,7.0,12.0,63.0,-5.18063007967678,17.727802275960173,2.0,,,66.67,-1.875
2022-05-25,1225.0,173.0,9.0,16.0,1.0,87.62517882689556,3.0,6.0,1.0,1.8691588785046744,17.98641080312722,2.0,,,27.27,3.086
2022-05-26,723.0,640.0,44.0,9.0,1.0,53.04475421863536,4.0,6.0,5.0,0.1103752759381874,17.99401563610519,2.0,,,40.0,0.645
2022-05-27,545.0,812.0,52.0,13.0,2.0,40.16212232866618,3.0,8.0,8.0,-0.3154574132492046,18.004520936834634,2.0,,,38.1,0.831
2022-05-30,867.0,493.0,50.0,10.0,1.0,63.74999999999999,1.0,7.0,2.0,0.49724927810107145,18.196241134751773,3.0,,,41.18,2.242
2022-05-31,1033.0,343.0,34.0,11.0,3.0,75.07267441860465,4.0,10.0,4.0,0.9133702549444542,18.46285106382979,1.0,,,47.62,-1.265
2022-06-01,913.0,457.0,40.0,11.0,2.0,66.64233576642336,2.0,10.0,2.0,0.5938275784247415,18.568468085106385,2.0,,,47.62,1.759
2022-06-02,997.0,378.0,35.0,6.0,0.0,72.50909090909092,2.0,6.0,1.0,0.9917824542470438,18.822758865248225,2.0,,,50.0,-0.848
2022-06-06,1268.0,121.0,22.0,15.0,1.0,91.28869690424766,3.0,6.0,0.0,1.7906884202148798,19.291963146704465,2.0,,,28.57,1.086
2022-06-07,353.0,1042.0,18.0,5.0,1.0,25.304659498207887,1.0,5.0,6.0,-1.2356575463371628,19.21263269639066,2.0,,,50.0,-0.543
2022-06-08,413.0,970.0,30.0,4.0,0.0,29.862617498192336,2.0,5.0,0.0,-0.680272108843538,19.14904458598726,2.0,,,55.56,5.341
2022-06-09,139.0,1267.0,8.0,3.0,0.0,9.88620199146515,3.0,6.0,7.0,-2.6661863592699335,18.664257425742573,1.0,,,66.67,-5.007
2022-06-10,1244.0,140.0,31.0,14.0,0.0,89.88439306358381,0.0,1.0,1.0,1.4285714285714246,19.034360424028268,1.0,,,6.67,0.805
2022-06-13,934.0,448.0,32.0,12.0,0.0,67.58321273516643,3.0,5.0,1.0,0.7058794857074753,19.191562942008485,2.0,,,29.41,1.682
2022-06-14,427.0,940.0,47.0,5.0,0.0,31.236283833211413,2.0,6.0,2.0,-0.6906288156288118,19.079200848656296,3.0,,,54.55,2.501
2022-06-15,607.0,761.0,47.0,12.0,0.0,44.37134502923977,2.0,7.0,6.0,-0.2317497103128777,19.038141342756184,4.0,,,36.84,2.204
2022-06-16,1057.0,326.0,32.0,20.0,0.0,76.42805495300072,0.0,13.0,2.0,0.9733939000648952,19.304897526501765,5.0,,,39.39,2.667
2022-06-17,754.0,622.0,37.0,10.0,0.0,54.79651162790697,1.0,5.0,2.0,0.1913265306122521,19.572767162066526,6.0,,,33.33,2.132
2022-06-20,1124.0,262.0,29.0,24.0,0.0,81.0966810966811,1.0,10.0,2.0,1.2906846240179597,19.942197879858657,7.0,,,29.41,8.076
2022-06-21,615.0,774.0,27.0,9.0,0.0,44.27645788336933,1.0,15.0,8.0,-0.288410353661382,19.839646892655367,8.0,,,62.5,1.748
2022-06-22,265.0,1142.0,9.0,13.0,0.0,18.834399431414354,3.0,2.0,1.0,-1.9878448566069764,19.596716101694916,9.0,,,13.33,7.181
2022-06-23,1234.0,175.0,9.0,17.0,1.0,87.57984386089424,2.0,12.0,6.0,1.7200303946950357,20.07589562764457,10.0,,,41.38,2.853
2022-06-24,995.0,382.0,42.0,20.0,0.0,72.25853304284678,0.0,13.0,7.0,0.8087810514153702,20.44739957716702,11.0,,,39.39,4.125
2022-06-27,887.0,477.0,56.0,28.0,0.0,65.02932551319648,1.0,9.0,3.0,0.42216652742968575,20.695274647887324,6.0,,,24.32,6.577
2022-06-28,1090.0,308.0,22.0,29.0,0.0,77.96852646638054,1.0,3.0,1.0,1.4169060844702024,20.91185211267606,7.0,,,9.38,4.812
2022-06-29,200.0,1208.0,13.0,12.0,10.0,14.204545454545455,12.0,7.0,20.0,-2.400000000000002,20.34801548205489,5.0,,,36.84,-1.376
2022-06-30,818.0,542.0,62.0,13.0,5.0,60.147058823529406,7.0,12.0,5.0,0.3116099171413893,20.63076652601969,6.0,,,48.0,0.21
2022-07-01,559.0,824.0,39.0,14.0,4.0,40.41937816341287,6.0,2.0,4.0,-0.42581150575540533,20.561680731364277,7.0,,,12.5,-0.532
2022-07-04,750.0,637.0,33.0,14.0,1.0,54.073540014419606,4.0,7.0,1.0,0.19490875661699086,20.79307746478873,2.0,,,33.33,2.365
2022-07-05,257.0,1148.0,15.0,6.0,2.0,18.291814946619215,4.0,9.0,4.0,-1.6771243115656933,20.57582394366197,3.0,,,60.0,2.226
2022-07-06,459.0,927.0,36.0,11.0,0.0,33.116883116883116,3.0,5.0,3.0,-0.8117299089983946,20.544268635724332,2.0,,,31.25,2.019
2022-07-07,735.0,648.0,40.0,12.0,1.0,53.14533622559653,5.0,8.0,7.0,0.1236093943139652,20.66565706254392,2.0,,,40.0,3.153
2022-07-08,857.0,540.0,27.0,12.0,2.0,61.345740873299924,2.0,7.0,6.0,0.49975024975024795,20.63639747191011,3.0,,,36.84,2.288
2022-07-11,386.0,1018.0,22.0,6.0,4.0,27.492877492877493,11.0,6.0,2.0,-1.4021966531935541,20.383225806451613,4.0,,,50.0,0.421
2022-07-12,202.0,1219.0,6.0,7.0,5.0,14.215341308937369,5.0,5.0,8.0,-2.5784753363228745,19.914519971969167,1.0,,,41.67,-2.292
2022-07-13,1073.0,325.0,29.0,12.0,0.0,76.75250357653792,2.0,7.0,1.0,1.2633891787970362,20.141688857743517,2.0,,,36.84,1.079
2022-07-14,949.0,440.0,38.0,17.0,5.0,68.32253419726422,5.0,14.0,1.0,0.9852216748768388,20.5744078486335,3.0,,,45.16,4.69
2022-07-15,359.0,1059.0,9.0,17.0,2.0,25.317348377997178,5.0,8.0,4.0,-1.9498607242339787,20.395844428871758,4.0,,,32.0,4.327
2022-07-18,1227.0,195.0,7.0,22.0,0.0,86.28691983122363,1.0,11.0,3.0,2.483069977426637,20.7629811056683,5.0,,,33.33,4.956
2022-07-19,1042.0,355.0,32.0,13.0,1.0,74.58840372226199,1.0,10.0,5.0,0.9928295642581344,20.860888733379987,6.0,,,43.48,0.742
2022-07-20,899.0,477.0,53.0,9.0,1.0,65.33430232558139,4.0,8.0,3.0,0.4647232784114888,21.03560531840448,3.0,,,47.06,0.712
2022-07-21,499.0,899.0,31.0,7.0,0.0,35.693848354792564,0.0,6.0,1.0,-0.5451713395638652,20.969804058782366,2.0,,,46.15,1.39
2022-07-22,528.0,860.0,41.0,11.0,1.0,38.04034582132565,1.0,5.0,3.0,-0.5434782608695656,20.84477256822953,2.0,,,31.25,-0.475
2022-07-25,382.0,1020.0,24.0,6.0,4.0,27.246790299572037,5.0,6.0,14.0,-1.1287035862894728,20.649319775596073,3.0,,,50.0,-0.73
2022-07-26,997.0,393.0,36.0,10.0,1.0,71.72661870503597,2.0,5.0,1.0,0.706111829620583,20.844565217391303,4.0,,,33.33,5.019
2022-07-27,990.0,402.0,36.0,14.0,0.0,71.12068965517241,1.0,10.0,0.0,0.8240372733632247,21.135378151260504,5.0,,,41.67,4.276
2022-07-28,917.0,465.0,46.0,15.0,0.0,66.35311143270623,0.0,8.0,0.0,0.610221560230874,21.243956582633054,6.0,,,34.78,7.811
2022-07-29,418.0,988.0,22.0,11.0,1.0,29.72972972972973,2.0,4.0,3.0,-0.9276055441219797,21.092871148459384,3.0,,,26.67,-1.16
2022-08-01,877.0,516.0,38.0,19.0,0.0,62.95764536970567,2.0,8.0,3.0,0.4838709677419395,21.370349406009783,4.0,,,29.63,5.138
2022-08-02,127.0,1303.0,2.0,10.0,8.0,8.881118881118882,19.0,4.0,1.0,-4.832139956574342,20.65486033519553,4.0,,,28.57,2.449
2022-08-03,604.0,795.0,34.0,6.0,6.0,43.17369549678342,12.0,16.0,30.0,-0.2931118710307705,20.577208653175155,3.0,,,72.73,0.216
2022-08-04,1160.0,264.0,9.0,12.0,3.0,81.46067415730337,4.0,8.0,3.0,1.6781083142639257,20.823956734124213,4.0,,,40.0,0.716
2022-08-05,974.0,430.0,30.0,5.0,4.0,69.37321937321937,6.0,9.0,6.0,0.9317122955742316,21.125097629009762,5.0,,,64.29,-0.263
2022-08-08,1114.0,287.0,35.0,24.0,1.0,79.5146324054247,3.0,5.0,1.0,1.1135041752607908,21.60558495821727,2.0,,,17.24,4.667
2022-08-09,701.0,683.0,54.0,11.0,1.0,50.650289017341045,1.0,11.0,0.0,0.0,21.78354659248957,2.0,,,50.0,3.719
2022-08-10,762.0,632.0,44.0,18.0,1.0,54.66284074605452,2.0,10.0,4.0,0.17925099327300226,21.816696801112656,3.0,,,35.71,1.637
2022-08-11,1052.0,360.0,27.0,15.0,1.0,74.5042492917847,1.0,9.0,5.0,1.1718749999999925,22.097581653926337,2.0,,,37.5,1.98
2022-08-12,444.0,958.0,38.0,7.0,3.0,31.669044222539227,3.0,8.0,14.0,-0.8326446624773314,21.7816875,3.0,,,53.33,-1.148
2022-08-15,690.0,717.0,34.0,13.0,2.0,49.040511727078886,4.0,6.0,3.0,0.0,21.970506592643996,4.0,,,31.58,0.178
2022-08-16,841.0,563.0,37.0,12.0,0.0,59.90028490028491,1.0,14.0,1.0,0.3805496828752637,22.15678695350451,3.0,,,53.85,2.74
2022-08-17,637.0,763.0,42.0,15.0,2.0,45.5,3.0,6.0,6.0,-0.16318468353351726,22.194244105409155,4.0,,,28.57,-0.567
2022-08-18,740.0,683.0,20.0,20.0,0.0,52.002810962754744,2.0,7.0,3.0,0.1183431952662907,22.38001386001386,2.0,,,25.93,4.015
2022-08-19,245.0,1172.0,27.0,7.0,2.0,17.290049400141143,4.0,8.0,19.0,-1.7897605062766124,21.87148891966759,2.0,,,53.33,-2.801
2022-08-22,793.0,620.0,31.0,11.0,1.0,56.12172682236376,4.0,6.0,3.0,0.26292745875195894,21.998621883656508,3.0,,,35.29,-1.869
2022-08-23,692.0,715.0,37.0,13.0,1.0,49.182658137882015,1.0,6.0,1.0,0.0,22.072403047091413,2.0,,,31.58,3.227
2022-08-24,121.0,1317.0,6.0,4.0,10.0,8.414464534075105,14.0,2.0,23.0,-3.615009236028789,21.264362880886427,3.0,,,33.33,-2.871
2022-08-25,413.0,1003.0,28.0,6.0,5.0,29.166666666666668,11.0,4.0,18.0,-1.136951208047381,20.953663434903046,4.0,,,40.0,1.937
2022-08-26,465.0,943.0,36.0,4.0,6.0,33.02556818181818,6.0,9.0,6.0,-0.7970472118074531,20.794549861495845,1.0,,,69.23,-4.5
2022-08-29,926.0,496.0,24.0,8.0,2.0,65.11954992967651,6.0,5.0,0.0,0.7270411015665669,20.935698478561548,1.0,,,38.46,7.682
2022-08-30,672.0,745.0,30.0,7.0,0.0,47.424135497529996,3.0,9.0,8.0,-0.108754758020661,20.88364201796821,1.0,,,56.25,0.083
2022-08-31,155.0,1287.0,6.0,7.0,14.0,10.748959778085991,20.0,3.0,36.0,-3.0893009925410855,20.192437845303868,2.0,,,30.0,0.953
2022-09-01,518.0,901.0,30.0,7.0,2.0,36.5045806906272,7.0,5.0,5.0,-0.5540166204986154,20.118122843340235,2.0,,,41.67,-2.006
2022-09-02,1185.0,249.0,16.0,12.0,1.0,82.63598326359832,1.0,12.0,2.0,1.6633901266928803,20.359806896551724,3.0,,,50.0,5.138
2022-09-05,638.0,789.0,26.0,8.0,3.0,44.70918009810792,4.0,7.0,4.0,-0.2862595419847437,20.361225051617343,3.0,,,46.67,0.072
2022-09-06,981.0,428.0,44.0,17.0,0.0,69.62384669978708,0.0,4.0,2.0,0.5899705014749268,20.602401927047488,4.0,,,19.05,8.605
2022-09-07,735.0,684.0,34.0,12.0,1.0,51.79704016913319,1.0,7.0,0.0,0.0797766254487418,20.785223675154853,5.0,,,36.84,3.841
2022-09-08,248.0,1186.0,19.0,6.0,0.0,17.294281729428175,1.0,3.0,1.0,-1.6181229773462786,20.503275980729523,6.0,,,33.33,-0.964
2022-09-09,649.0,768.0,38.0,6.0,1.0,45.80098800282287,4.0,5.0,4.0,-0.2114164904862721,20.492219931271478,7.0,,,45.45,1.03
2022-09-13,871.0,533.0,53.0,9.0,3.0,62.03703703703704,3.0,4.0,3.0,0.3099814011159374,20.59169526424159,1.0,,,30.77,-2.677
2022-09-14,321.0,1114.0,23.0,3.0,3.0,22.369337979094077,5.0,2.0,0.0,-1.0645380627248802,20.42165294924554,2.0,,,40.0,1.201
2022-09-15,134.0,1316.0,8.0,5.0,10.0,9.241379310344827,13.0,0.0,23.0,-2.819239085968085,19.77329218106996,3.0,,,0.0,0.502
2022-09-16,177.0,1267.0,15.0,6.0,4.0,12.257617728531855,4.0,2.0,9.0,-2.446300715990454,19.42514050719671,1.0,,,25.0,-2.907
2022-09-19,273.0,1171.0,15.0,5.0,4.0,18.905817174515235,6.0,5.0,6.0,-1.6911764705882384,19.117183002056205,2.0,,,50.0,3.787
2022-09-20,1237.0,203.0,21.0,16.0,0.0,85.90277777777777,0.0,10.0,1.0,1.5105740181268827,19.523716632443534,3.0,,,38.46,5.619
2022-09-21,864.0,560.0,38.0,6.0,3.0,60.67415730337079,3.0,2.0,3.0,0.37747506199807396,19.401922024623804,3.0,,,25.0,0.414
2022-09-22,483.0,955.0,26.0,12.0,2.0,33.58831710709318,4.0,2.0,2.0,-0.6455246048215523,19.420484972677595,4.0,,,14.29,0.282
2022-09-23,135.0,1321.0,9.0,4.0,3.0,9.271978021978022,5.0,4.0,9.0,-2.591362126245851,19.00865529010239,5.0,,,50.0,-2.513
2022-09-26,314.0,1139.0,11.0,12.0,0.0,21.61046111493462,0.0,6.0,2.0,-2.066268183342991,18.942254098360657,1.0,,,33.33,-1.748
2022-09-27,1341.0,111.0,15.0,14.0,0.0,92.35537190082644,1.0,4.0,0.0,2.4968789013732966,19.391370143149285,1.0,,,22.22,-0.315
2022-09-28,111.0,1351.0,5.0,6.0,3.0,7.59233926128591,6.0,2.0,9.0,-2.974223397224065,18.795105657805045,2.0,,,25.0,-0.74
2022-09-29,500.0,937.0,32.0,7.0,1.0,34.794711203897,4.0,5.0,11.0,-0.5913660555884177,18.81014295439074,3.0,,,41.67,3.129
2022-09-30,291.0,1150.0,28.0,9.0,7.0,20.194309507286608,9.0,1.0,6.0,-1.547116736990159,18.40801225323349,4.0,,,10.0,3.777
2022-10-10,202.0,1252.0,16.0,6.0,12.0,13.892709766162312,14.0,8.0,15.0,-2.059065800949702,17.952625850340137,4.0,,,57.14,1.209
2022-10-11,940.0,498.0,32.0,12.0,1.0,65.36856745479834,5.0,8.0,2.0,0.5789271414271364,18.04578231292517,1.0,,,40.0,2.407
2022-10-12,1386.0,80.0,4.0,18.0,0.0,94.54297407912688,4.0,7.0,0.0,3.0114465501896728,18.62795238095238,2.0,,,28.0,5.535
2022-10-13,1130.0,308.0,33.0,19.0,1.0,78.58136300417246,1.0,5.0,2.0,1.1928429423459166,18.88064581917063,3.0,,,20.83,5.111
2022-10-14,1366.0,93.0,13.0,16.0,0.0,93.62577107607952,0.0,9.0,2.0,1.9168677587312137,19.42390625,2.0,,,36.0,3.062
2022-10-17,1250.0,207.0,15.0,23.0,0.0,85.79272477693891,1.0,9.0,2.0,1.7548020906155364,19.682683423913044,3.0,,,28.12,5.087
2022-10-18,704.0,722.0,46.0,19.0,1.0,49.36886395511921,2.0,13.0,5.0,0.0,19.79023097826087,2.0,,,40.62,0.704
2022-10-19,335.0,1102.0,35.0,12.0,2.0,23.312456506610996,2.0,6.0,3.0,-0.908605283605279,19.620978260869567,3.0,,,33.33,1.102
2022-10-20,589.0,828.0,56.0,13.0,4.0,41.566690190543405,5.0,9.0,9.0,-0.2204261572373208,19.56262729124236,4.0,,,40.91,0.817
2022-10-21,651.0,764.0,59.0,12.0,4.0,46.00706713780919,5.0,4.0,3.0,-0.1075270060434779,19.534559023066485,5.0,,,25.0,2.376
2022-10-24,328.0,1124.0,21.0,11.0,6.0,22.58953168044077,7.0,10.0,8.0,-1.398601398601406,19.350244399185335,6.0,,,47.62,-0.324
2022-10-25,526.0,925.0,22.0,11.0,8.0,36.25086147484494,19.0,4.0,10.0,-0.7067137809187285,19.268818737270877,2.0,,,26.67,0.103
2022-10-26,1275.0,188.0,12.0,21.0,3.0,87.14969241285031,6.0,11.0,2.0,2.5114155251141628,19.77457627118644,3.0,,,34.38,3.909
2022-10-27,638.0,804.0,33.0,16.0,2.0,44.24410540915395,4.0,6.0,17.0,-0.3305785123966872,19.587308474576272,4.0,,,27.27,4.1
2022-10-28,125.0,1344.0,6.0,6.0,14.0,8.509189925119129,19.0,6.0,18.0,-4.126213592233007,18.905437288135595,3.0,,,50.0,-2.779
2022-10-31,1188.0,276.0,11.0,22.0,3.0,81.14754098360656,5.0,4.0,2.0,1.858431265373052,19.20179661016949,4.0,,,15.38,7.994
2022-11-01,1318.0,148.0,9.0,19.0,0.0,89.90450204638472,2.0,11.0,3.0,2.4466750313676213,19.730596610169492,5.0,,,36.67,2.115
2022-11-02,1104.0,331.0,44.0,24.0,1.0,76.93379790940766,1.0,13.0,7.0,1.0280373831775649,20.11923597025017,6.0,,,35.14,4.771
2022-11-03,794.0,634.0,51.0,11.0,3.0,55.602240896358545,7.0,10.0,3.0,0.1663893510815314,20.31000676132522,4.0,,,47.62,2.062
2022-11-04,1228.0,220.0,31.0,15.0,0.0,84.80662983425414,2.0,5.0,1.0,1.15207373271889,20.6904462474645,5.0,,,25.0,4.86
2022-11-07,893.0,540.0,47.0,14.0,0.0,62.31681786461968,0.0,6.0,2.0,0.4480580179298394,20.746425675675674,4.0,,,30.0,2.758
2022-11-08,566.0,863.0,52.0,8.0,0.0,39.608117564730584,1.0,5.0,3.0,-0.3407155025553741,20.668170155300473,5.0,,,38.46,1.165
2022-11-09,558.0,859.0,63.0,11.0,1.0,39.37896965419901,3.0,9.0,2.0,-0.3336171444153202,20.6390472972973,2.0,,,45.0,0.126
2022-11-10,465.0,982.0,35.0,14.0,0.0,32.13545266067726,1.0,5.0,3.0,-0.8006662976319376,20.363414304993253,2.0,,,26.32,6.88
2022-11-11,680.0,749.0,54.0,12.0,0.0,47.585724282715184,3.0,15.0,31.0,-0.0729394602480055,20.37276466621713,3.0,,,55.56,-0.578
2022-11-14,648.0,800.0,35.0,15.0,2.0,44.751381215469614,4.0,8.0,1.0,-0.2395783421178759,20.26547538772758,2.0,,,34.78,4.02
2022-11-15,1269.0,198.0,16.0,16.0,1.0,86.50306748466258,3.0,7.0,1.0,1.801801801801812,20.76069453809845,3.0,,,30.43,4.073
2022-11-16,598.0,862.0,23.0,8.0,4.0,40.95890410958904,5.0,4.0,6.0,-0.3921568627450897,20.611888064733648,2.0,,,33.33,-1.021
2022-11-17,891.0,555.0,39.0,11.0,0.0,61.61825726141079,0.0,6.0,2.0,0.4228329809725067,20.692047138047137,3.0,,,35.29,2.382
2022-11-18,405.0,1055.0,26.0,8.0,1.0,27.73972602739726,2.0,11.0,1.0,-1.113540915180864,20.53869448183042,2.0,,,57.89,2.038
2022-11-21,838.0,614.0,36.0,14.0,1.0,57.71349862258953,1.0,9.0,2.0,0.31563392442053556,20.691801075268817,3.0,,,39.13,5.06
2022-11-22,260.0,1213.0,16.0,4.0,6.0,17.651052274270196,7.0,6.0,7.0,-1.7129356172474846,20.275419744795162,2.0,,,60.0,-0.758
2022-11-23,347.0,1125.0,19.0,5.0,5.0,23.57336956521739,11.0,4.0,7.0,-1.4481707317073134,20.107116029510394,3.0,,,44.44,6.79
2022-11-24,843.0,600.0,49.0,12.0,1.0,58.41995841995842,1.0,9.0,0.0,0.2965012964239407,20.206052278820376,4.0,,,42.86,0.411
2022-11-25,251.0,1226.0,15.0,4.0,4.0,16.99390656736628,6.0,4.0,0.0,-1.6914652471185523,19.8363672922252,3.0,,,50.0,0.211
2022-11-28,375.0,1088.0,29.0,8.0,2.0,25.63226247436774,3.0,5.0,2.0,-0.9509477072959045,19.766936997319036,3.0,,,38.46,4.704
2022-11-29,1247.0,229.0,17.0,13.0,1.0,84.4850948509485,1.0,5.0,2.0,1.6842105263157907,20.034206296048225,4.0,,,27.78,7.861
2022-11-30,489.0,958.0,46.0,6.0,0.0,33.794056668970285,0.0,4.0,3.0,-0.5230125523012626,19.990408573342265,5.0,,,40.0,1.632
2022-12-01,1076.0,375.0,44.0,12.0,1.0,74.15575465196417,3.0,7.0,4.0,0.791717417783185,20.25733110367893,6.0,,,36.84,-0.352
2022-12-02,1086.0,384.0,26.0,7.0,0.0,73.87755102040816,0.0,7.0,2.0,0.8779575457137181,20.46665106951872,7.0,,,50.0,2.292
2022-12-05,904.0,554.0,38.0,5.0,0.0,62.002743484224965,1.0,8.0,0.0,0.3681788870104795,20.42211898395722,3.0,,,61.54,-0.14
2022-12-06,461.0,999.0,36.0,5.0,4.0,31.575342465753426,4.0,2.0,4.0,-0.7556883634945876,20.382139037433156,1.0,,,28.57,-3.906
2022-12-07,626.0,833.0,37.0,7.0,0.0,42.9061000685401,0.0,3.0,0.0,-0.2709587966429871,20.41399732620321,1.0,,,30.0,1.058
2022-12-08,449.0,1012.0,35.0,4.0,2.0,30.73237508555784,2.0,3.0,2.0,-0.7807420351105329,20.35177807486631,1.0,,,42.86,1.579
2022-12-09,505.0,950.0,40.0,10.0,1.0,34.707903780068726,1.0,1.0,3.0,-0.6090222821924653,20.334434782608696,1.0,,,9.09,-3.433
2022-12-12,729.0,737.0,30.0,11.0,1.0,49.727148703956345,1.0,5.0,0.0,0.0,20.377867647058824,2.0,,,31.25,4.497
2022-12-13,439.0,1036.0,21.0,13.0,0.0,29.762711864406782,0.0,4.0,7.0,-1.0719284838423748,20.1334692513369,3.0,,,23.53,7.007
2022-12-14,586.0,874.0,36.0,9.0,2.0,40.136986301369866,4.0,10.0,5.0,-0.3407735658652832,20.06673128342246,1.0,,,52.63,-2.492
2022-12-15,1039.0,420.0,37.0,7.0,1.0,71.21315969842358,2.0,6.0,3.0,0.7126928439869968,20.24264037433155,2.0,,,46.15,4.244
2022-12-16,281.0,1207.0,10.0,6.0,2.0,18.884408602150536,4.0,6.0,5.0,-2.1008403361344463,19.901395193591455,1.0,,,50.0,-1.1
2022-12-19,187.0,1304.0,6.0,3.0,3.0,12.541918175720992,8.0,7.0,11.0,-2.367288378766141,19.519739478957916,2.0,,,70.0,1.199
2022-12-20,723.0,723.0,52.0,9.0,5.0,50.0,7.0,3.0,7.0,0.0,19.404138851802404,3.0,,,25.0,0.082
2022-12-21,300.0,1181.0,17.0,4.0,1.0,20.25658338960162,4.0,5.0,2.0,-1.2389480558625607,19.210774365821095,1.0,,,55.56,-0.179
2022-12-22,209.0,1278.0,12.0,8.0,0.0,14.055144586415603,0.0,4.0,5.0,-1.8544935805991425,18.907791861240828,2.0,,,33.33,2.963
2022-12-23,702.0,751.0,46.0,11.0,3.0,48.31383344803854,4.0,4.0,3.0,-0.047619047619055,18.845930620413608,3.0,,,26.67,2.134
2022-12-26,1240.0,241.0,18.0,12.0,3.0,83.7272113436867,4.0,3.0,1.0,1.6442451420029809,19.29114743162108,4.0,,,20.0,1.042
2022-12-27,770.0,671.0,59.0,8.0,1.0,53.43511450381679,3.0,3.0,12.0,0.07996798723580345,19.4015,5.0,,,27.27,7.121
2022-12-28,213.0,1269.0,20.0,5.0,0.0,14.37246963562753,1.0,5.0,1.0,-1.7391320582809917,19.150852197070574,6.0,,,50.0,2.631
2022-12-29,496.0,967.0,39.0,5.0,1.0,33.90293916609706,2.0,3.0,3.0,-0.529023062969683,19.138814913448734,7.0,,,37.5,4.147
2022-12-30,965.0,480.0,55.0,7.0,0.0,66.78200692041523,1.0,2.0,2.0,0.49302393414464024,19.16832,8.0,,,22.22,1.996
2023-01-03,1351.0,141.0,10.0,14.0,0.0,90.54959785522789,2.0,6.0,0.0,2.575537704592877,19.6627896138482,2.0,,,30.0,2.718
2023-01-04,899.0,552.0,52.0,10.0,0.0,61.95727084769125,1.0,6.0,4.0,0.3351955307262538,19.683060545575515,1.0,,,37.5,2.232
2023-01-05,935.0,507.0,61.0,11.0,2.0,64.84049930651872,2.0,1.0,1.0,0.3828483920367452,19.93170991350632,1.0,,,8.33,0.042
2023-01-06,588.0,867.0,48.0,9.0,4.0,40.41237113402062,6.0,9.0,2.0,-0.3117692907248708,20.02035262807718,2.0,,,50.0,1.695
2023-01-09,926.0,503.0,74.0,4.0,0.0,64.80055983205038,2.0,4.0,2.0,0.3312476996687518,20.150153027278776,1.0,,,50.0,0.057
2023-01-10,599.0,863.0,42.0,6.0,0.0,40.97127222982216,0.0,3.0,0.0,-0.2881180529998889,20.248676861702126,2.0,,,33.33,1.429
2023-01-11,261.0,1227.0,16.0,5.0,1.0,17.540322580645164,3.0,3.0,2.0,-1.331929435828802,20.0225,2.0,,,37.5,-0.548
2023-01-12,799.0,641.0,62.0,8.0,0.0,55.486111111111114,2.0,5.0,2.0,0.1203072720302795,20.043781624500664,2.0,,,38.46,1.95
2023-01-13,702.0,743.0,57.0,4.0,3.0,48.581314878892734,4.0,2.0,1.0,0.0,20.07675099866844,3.0,,,33.33,2.649
2023-01-16,1217.0,264.0,20.0,7.0,3.0,82.17420661715057,4.0,2.0,4.0,1.1845386533665916,20.338600932711525,4.0,,,22.22,7.467
2023-01-17,551.0,893.0,56.0,4.0,3.0,38.15789473684211,3.0,3.0,0.0,-0.3833787830669745,20.34952,4.0,,,42.86,2.821
2023-01-18,951.0,491.0,57.0,10.0,0.0,65.9500693481276,1.0,4.0,0.0,0.4524886877828158,20.38579052701801,5.0,,,28.57,4.399
2023-01-19,1058.0,404.0,36.0,9.0,4.0,72.36662106703147,4.0,4.0,2.0,0.6076470250744488,20.557116154873164,3.0,,,30.77,-0.264
2023-01-20,1098.0,362.0,39.0,4.0,2.0,75.20547945205479,4.0,3.0,2.0,0.5988023952095813,20.664916611074048,2.0,,,42.86,-0.411
2023-01-30,1242.0,235.0,22.0,18.0,0.0,84.08937034529451,1.0,6.0,1.0,1.4584949573312609,20.978338892595062,3.0,,,25.0,7.112
2023-01-31,908.0,547.0,43.0,5.0,2.0,62.40549828178694,4.0,8.0,1.0,0.3763525261121467,20.99225634178905,3.0,,,61.54,2.695
2023-02-01,1334.0,148.0,17.0,21.0,0.0,90.01349527665316,1.0,6.0,0.0,1.5364916773367492,21.31895263509006,4.0,,,22.22,11.508
2023-02-02,745.0,705.0,51.0,15.0,1.0,51.37931034482759,1.0,8.0,6.0,0.0,21.351132578281145,5.0,,,34.78,1.827
2023-02-03,689.0,776.0,36.0,13.0,1.0,47.03071672354949,3.0,5.0,3.0,-0.0954198473282422,21.36770153231179,6.0,,,27.78,0.945
2023-02-06,628.0,825.0,49.0,10.0,3.0,43.22092222986924,4.0,11.0,6.0,-0.217771522010478,21.28693741677763,3.0,,,52.38,2.558
2023-02-07,1043.0,432.0,29.0,12.0,2.0,70.71186440677965,3.0,7.0,3.0,0.6737891845675448,21.389634308510637,4.0,,,36.84,6.276
2023-02-08,487.0,984.0,33.0,12.0,0.0,33.10673011556764,0.0,9.0,0.0,-0.6353030207479333,21.341808510638298,5.0,,,42.86,5.505
2023-02-09,1282.0,204.0,20.0,10.0,1.0,86.27187079407807,2.0,6.0,2.0,1.2015621390621376,21.723970783532536,6.0,,,37.5,2.596
2023-02-10,651.0,817.0,40.0,7.0,1.0,44.346049046321525,1.0,8.0,6.0,-0.21238226733237237,21.638176392572944,7.0,,,53.33,1.584
2023-02-13,1047.0,420.0,41.0,10.0,0.0,71.37014314928425,0.0,6.0,1.0,0.6908401785491329,21.910968169761272,8.0,,,37.5,6.506
2023-02-14,639.0,822.0,47.0,6.0,0.0,43.737166324435314,0.0,5.0,4.0,-0.206555745164968,21.908786472148538,1.0,,,45.45,2.633
2023-02-15,836.0,626.0,46.0,9.0,0.0,57.18194254445964,0.0,3.0,0.0,0.2884175504262778,21.999436339522546,2.0,,,25.0,2.709
2023-02-16,138.0,1361.0,10.0,5.0,1.0,9.206137424949967,8.0,7.0,10.0,-2.9739776951672887,21.420371106693175,2.0,,,58.33,-3.199
2023-02-17,530.0,942.0,37.0,6.0,1.0,36.005434782608695,3.0,5.0,2.0,-0.5809731299927383,21.18527501656726,3.0,,,45.45,0.22
2023-02-20,1133.0,339.0,36.0,5.0,1.0,76.97010869565217,1.0,4.0,2.0,0.8744244133689019,21.424575596816975,2.0,,,44.44,3.019
2023-02-21,788.0,661.0,60.0,1.0,1.0,54.38233264320221,2.0,3.0,2.0,0.116550116550114,21.419324055666003,1.0,,,75.0,-1.083
2023-02-22,735.0,715.0,59.0,3.0,1.0,50.689655172413794,1.0,1.0,0.0,0.0,21.450967528164345,1.0,,,25.0,0.975
2023-02-23,530.0,942.0,37.0,3.0,0.0,36.005434782608695,0.0,3.0,2.0,-0.4248088360237803,21.42618952948973,1.0,,,50.0,1.178
2023-02-24,564.0,888.0,57.0,0.0,0.0,38.84297520661157,0.0,1.0,1.0,-0.3246753246753321,21.322352551358517,0.0,,,100.0,-1.705
2023-02-27,270.0,1223.0,16.0,2.0,0.0,18.08439383791025,0.0,2.0,1.0,-1.3770491803278744,21.111444665341285,1.0,,,50.0,
2023-02-28,1180.0,306.0,23.0,4.0,1.0,79.40780619111709,1.0,3.0,2.0,0.9575923392612898,21.29568588469185,2.0,,,42.86,6.269
2023-03-01,1081.0,393.0,35.0,4.0,0.0,73.33785617367707,0.0,4.0,0.0,0.7680491551459221,21.452379058979457,1.0,,,50.0,-0.17
2023-03-02,474.0,1000.0,36.0,9.0,2.0,32.15739484396201,2.0,4.0,1.0,-0.6751482444680513,21.29558940397351,1.0,,,30.77,-0.419
2023-03-03,511.0,965.0,34.0,2.0,0.0,34.62059620596206,0.0,5.0,1.0,-0.5260900049818202,21.24044370860927,1.0,,,71.43,-0.721
2023-03-06,696.0,769.0,46.0,2.0,0.0,47.50853242320819,1.0,2.0,0.0,-0.0657462195923837,21.313428193249504,1.0,,,50.0,-1.226
2023-03-07,110.0,1394.0,8.0,5.0,0.0,7.3138297872340425,1.0,2.0,1.0,-2.5651375959482072,20.840152116402116,2.0,,,28.57,3.851
2023-03-08,1216.0,272.0,24.0,9.0,0.0,81.72043010752688,1.0,3.0,0.0,1.133192760770075,21.07061507936508,3.0,,,25.0,6.511
2023-03-09,1006.0,483.0,23.0,11.0,0.0,67.56212222968435,0.0,4.0,1.0,0.6100908589393381,21.20093253968254,3.0,,,26.67,8.305
2023-03-10,318.0,1167.0,28.0,5.0,1.0,21.41414141414141,2.0,8.0,9.0,-1.289975812953518,21.008684732319892,1.0,,,61.54,0.403
2023-03-13,648.0,833.0,32.0,8.0,1.0,43.7542201215395,2.0,6.0,2.0,-0.2873563218390743,21.027990746860542,1.0,,,42.86,-5.133
2023-03-14,289.0,1211.0,13.0,4.0,0.0,19.26666666666667,0.0,3.0,4.0,-1.6684045881126188,20.80879048248513,2.0,,,42.86,-1.684
2023-03-15,960.0,522.0,31.0,5.0,0.0,64.77732793522267,0.0,2.0,3.0,0.5844535359439008,20.834738929279577,1.0,,,28.57,1.519
2023-03-16,224.0,1279.0,10.0,4.0,2.0,14.90352628077179,4.0,3.0,2.0,-1.7964071856287442,20.47584930601454,1.0,,,42.86,-0.185
2023-03-17,945.0,530.0,38.0,5.0,0.0,64.0677966101695,1.0,9.0,0.0,0.5217391304347869,20.57459352280238,1.0,,,64.29,-0.16
2023-03-20,636.0,857.0,21.0,2.0,1.0,42.598794373744134,4.0,7.0,6.0,-0.42643129326464774,20.494788639365918,2.0,,,77.78,4.893
2023-03-21,1307.0,194.0,15.0,7.0,1.0,87.07528314457028,2.0,3.0,0.0,1.7952518525394148,20.904775725593666,3.0,,,30.0,15.039
2023-03-22,995.0,497.0,25.0,7.0,0.0,66.68900804289544,2.0,6.0,3.0,0.6145251396648211,21.066512854317732,1.0,,,46.15,1.936
2023-03-23,627.0,854.0,36.0,4.0,0.0,42.336259284267385,0.0,3.0,2.0,-0.2801120448179212,21.11954515491101,2.0,,,42.86,4.501
2023-03-24,823.0,658.0,36.0,5.0,2.0,55.57056043214045,3.0,4.0,4.0,0.2164502164502118,21.216750164798945,3.0,,,44.44,4.142
2023-03-27,709.0,780.0,28.0,8.0,1.0,47.61584956346541,1.0,3.0,2.0,-0.1108647450110841,21.3352867501648,4.0,,,27.27,5.508
2023-03-28,364.0,1134.0,19.0,3.0,2.0,24.299065420560748,3.0,3.0,7.0,-1.3574660633484077,21.063473961766647,1.0,,,50.0,-3.629
2023-03-29,542.0,942.0,34.0,2.0,0.0,36.52291105121294,2.0,7.0,2.0,-0.5774462517971635,21.07148880105402,1.0,,,77.78,1.397
2023-03-30,480.0,1008.0,31.0,5.0,0.0,32.25806451612903,1.0,0.0,1.0,-0.8505467800729074,21.045681369321922,1.0,,,0.0,8.114
2023-03-31,1081.0,404.0,34.0,6.0,1.0,72.79461279461279,1.0,3.0,1.0,0.7792207792207742,21.19844634628045,1.0,,,33.33,-3.742
2023-04-03,1048.0,440.0,31.0,8.0,0.0,70.43010752688173,2.0,2.0,0.0,0.770142180094802,21.45826201448321,1.0,,,20.0,3.587
2023-04-04,339.0,1158.0,23.0,1.0,0.0,22.645290581162325,4.0,6.0,4.0,-1.57550762113625,21.21796710526316,1.0,,,85.71,2.043
2023-04-06,665.0,824.0,32.0,6.0,0.0,44.660846205507056,1.0,4.0,3.0,-0.2602472348731239,21.299276791584486,1.0,,,40.0,7.236
2023-04-07,1059.0,428.0,33.0,12.0,0.0,71.21721587088096,2.0,3.0,1.0,0.73193107928026,21.544769736842106,2.0,,,20.0,1.21
2023-04-10,373.0,1138.0,9.0,1.0,0.0,24.685638649900728,2.0,6.0,35.0,-1.6623369732471638,21.289973684210526,1.0,,,85.71,-0.723
2023-04-11,644.0,838.0,38.0,5.0,0.0,43.45479082321187,0.0,3.0,0.0,-0.23359981082826836,21.30466447368421,1.0,,,37.5,-3.818
2023-04-12,1066.0,428.0,26.0,17.0,0.0,71.3520749665328,0.0,3.0,0.0,0.827985959716451,21.513019736842107,2.0,,,15.0,2.127
2023-04-13,492.0,1004.0,24.0,5.0,0.0,32.887700534759354,0.0,5.0,7.0,-0.9668869838361323,21.358223684210525,2.0,,,50.0,0.408
2023-04-14,836.0,641.0,43.0,7.0,0.0,56.60121868652674,2.0,6.0,6.0,0.24291561681881055,21.492940789473685,1.0,,,46.15,2.254
2023-04-17,653.0,831.0,36.0,3.0,1.0,44.00269541778975,2.0,1.0,2.0,-0.2770729934759022,21.39017105263158,2.0,,,25.0,1.434
2023-04-18,404.0,1091.0,26.0,7.0,0.0,27.02341137123746,2.0,2.0,1.0,-0.992907801418431,21.296535174227483,2.0,,,22.22,4.773
2023-04-19,572.0,911.0,39.0,5.0,0.0,38.57046527309508,1.0,5.0,2.0,-0.4594180704441079,21.297122207621552,1.0,,,50.0,3.475
2023-04-20,510.0,994.0,20.0,8.0,0.0,33.909574468085104,0.0,4.0,2.0,-0.9026508102564836,21.206227034120737,1.0,,,33.33,2.556
2023-04-21,190.0,1320.0,14.0,1.0,1.0,12.582781456953644,5.0,3.0,40.0,-2.791578107503175,20.55734908136483,1.0,,,75.0,0.4
2023-04-24,684.0,806.0,34.0,8.0,3.0,45.90604026845638,9.0,3.0,15.0,-0.18068041600563145,20.408923884514437,1.0,,,27.27,0.158
2023-04-25,237.0,1276.0,12.0,7.0,14.0,15.664243225380039,22.0,1.0,39.0,-2.8274428274428263,19.869167213114753,2.0,,,12.5,1.026
2023-04-26,1055.0,458.0,10.0,16.0,5.0,69.72901520158625,12.0,3.0,17.0,1.2158054711246302,20.10091267235719,1.0,,,15.79,5.008
2023-04-27,716.0,776.0,30.0,7.0,11.0,47.98927613941019,15.0,3.0,32.0,-0.13177625957755407,20.04289750328515,2.0,,,30.0,3.951
2023-04-28,1217.0,294.0,14.0,25.0,2.0,80.54268696227663,5.0,4.0,1.0,2.096774193548385,20.373567213114754,1.0,,,13.79,2.437
2023-05-04,848.0,641.0,35.0,9.0,1.0,56.950973807924775,3.0,6.0,2.0,0.3539834097686938,20.323602362204724,2.0,,,40.0,6.09
2023-05-05,373.0,1136.0,17.0,8.0,2.0,24.718356527501655,2.0,3.0,13.0,-1.2529434850863495,20.0437876802097,2.0,,,27.27,2.533
2023-05-08,881.0,605.0,41.0,10.0,0.0,59.286675639300135,0.0,5.0,5.0,0.3311258278145624,20.15340537000655,2.0,,,33.33,3.839
2023-05-09,197.0,1321.0,9.0,6.0,1.0,12.97760210803689,1.0,5.0,9.0,-2.004716981132075,19.807550753110675,1.0,,,45.45,0.447
2023-05-10,1073.0,422.0,32.0,9.0,1.0,71.77257525083613,1.0,10.0,3.0,0.6872852233676982,20.01857236411264,2.0,,,52.63,1.242
2023-05-11,988.0,507.0,32.0,11.0,1.0,66.08695652173913,1.0,3.0,9.0,0.5509641873278243,20.127550753110675,3.0,,,21.43,8.073
2023-05-12,353.0,1151.0,23.0,2.0,1.0,23.470744680851062,1.0,5.0,2.0,-1.0777521170130913,19.9462278978389,1.0,,,71.43,-3.578
2023-05-15,1085.0,409.0,34.0,16.0,1.0,72.62382864792504,1.0,3.0,5.0,0.940546825141072,20.281531413612566,2.0,,,15.79,5.093
2023-05-16,565.0,935.0,29.0,11.0,2.0,37.666666666666664,2.0,6.0,14.0,-0.5253940455341549,20.238378024852846,2.0,,,35.29,4.204
2023-05-17,1201.0,311.0,17.0,14.0,0.0,79.43121693121694,0.0,2.0,0.0,1.250000000000005,20.47979071288424,2.0,,,12.5,2.744
2023-05-18,878.0,608.0,45.0,12.0,0.0,59.084791386271874,0.0,7.0,3.0,0.3618194348725032,20.64431743958197,1.0,,,36.84,0.828
2023-05-19,852.0,637.0,43.0,8.0,0.0,57.219610476830084,0.0,7.0,5.0,0.2642310361940958,20.74490861618799,2.0,,,46.67,0.969
2023-05-22,922.0,586.0,25.0,10.0,0.0,61.14058355437666,0.0,6.0,5.0,0.4047217537942698,20.832948467058056,3.0,,,37.5,4.686
2023-05-23,418.0,1094.0,21.0,9.0,0.0,27.645502645502646,0.0,4.0,6.0,-0.8939974457215872,20.669399869536853,4.0,,,30.77,3.298
2023-05-24,843.0,627.0,65.0,15.0,0.0,57.3469387755102,0.0,5.0,1.0,0.2132609538580834,20.796540716612377,2.0,,,25.0,7.63
2023-05-25,678.0,819.0,38.0,12.0,0.0,45.29058116232465,0.0,7.0,8.0,-0.1662049861495907,20.857355048859937,3.0,,,36.84,1.087
2023-05-26,900.0,603.0,33.0,12.0,2.0,59.88023952095808,3.0,7.0,9.0,0.4233926986887002,20.90725260416667,2.0,,,36.84,3.076
2023-05-29,516.0,1002.0,18.0,12.0,0.0,33.99209486166008,3.0,4.0,8.0,-0.8045592590394882,20.85860026041667,3.0,,,25.0,4.128
2023-05-30,913.0,577.0,46.0,8.0,2.0,61.2751677852349,3.0,6.0,2.0,0.37453183520599287,20.948743489583332,4.0,,,42.86,7.396
2023-05-31,596.0,914.0,27.0,8.0,0.0,39.47019867549669,1.0,7.0,6.0,-0.4664179104477678,20.920006506180872,1.0,,,46.67,-1.079
2023-06-01,866.0,623.0,48.0,8.0,0.0,58.159838817998654,0.0,3.0,3.0,0.3086419753086353,21.038731294729992,1.0,,,27.27,-2.154
2023-06-02,930.0,567.0,40.0,14.0,1.0,62.124248496993985,1.0,3.0,10.0,0.5241700640652291,21.15920624593364,2.0,,,17.65,3.762
2023-06-05,846.0,653.0,40.0,7.0,0.0,56.43762508338893,0.0,5.0,0.0,0.224719101123604,21.22998700454841,3.0,,,41.67,0.351
2023-06-06,177.0,1355.0,7.0,7.0,3.0,11.553524804177545,5.0,6.0,6.0,-2.531645569620255,20.796471734892787,4.0,,,46.15,8.162
2023-06-07,867.0,643.0,30.0,15.0,1.0,57.41721854304635,1.0,5.0,0.0,0.30849707205349863,20.897155844155844,5.0,,,25.0,5.819
2023-06-08,408.0,1099.0,33.0,6.0,2.0,27.073656270736564,2.0,2.0,10.0,-0.903229344608609,20.703006493506493,2.0,,,25.0,0.966
2023-06-09,874.0,616.0,50.0,13.0,0.0,58.65771812080537,1.0,5.0,1.0,0.3103227452849793,20.875655844155844,1.0,,,27.78,0.016
2023-06-12,962.0,547.0,32.0,16.0,0.0,63.75082836315441,0.0,4.0,1.0,0.6813020439061306,21.060966904607398,2.0,,,20.0,5.43
2023-06-13,877.0,611.0,54.0,11.0,0.0,58.93817204301075,0.0,6.0,2.0,0.2548705185383068,21.19646562905318,1.0,,,35.29,1.73
2023-06-14,589.0,894.0,59.0,6.0,0.0,39.7167902899528,0.0,3.0,5.0,-0.36407981477881296,21.18426718547341,1.0,,,33.33,-1.219
2023-06-15,772.0,742.0,29.0,13.0,0.0,50.99075297225891,0.0,5.0,4.0,0.0319081046585882,21.331095268956577,2.0,,,27.78,0.728
2023-06-16,956.0,535.0,52.0,13.0,1.0,64.11804158283032,1.0,7.0,3.0,0.3774398792192325,21.568496435515232,3.0,,,35.0,0.941
2023-06-19,722.0,787.0,36.0,11.0,0.0,47.84625579854208,0.0,4.0,3.0,-0.0843881856540066,21.726,4.0,,,26.67,4.434
2023-06-20,536.0,991.0,19.0,4.0,1.0,35.10150622134905,1.0,8.0,2.0,-0.6889770454006043,21.712276843467013,1.0,,,66.67,0.921
2023-06-21,234.0,1300.0,13.0,7.0,2.0,15.254237288135593,3.0,3.0,23.0,-1.8029350104821789,21.22764059469942,2.0,,,30.0,0.321
2023-06-26,251.0,1284.0,13.0,3.0,5.0,16.351791530944627,6.0,6.0,25.0,-1.8725057694024025,20.77984496124031,1.0,,,66.67,2.224
2023-06-27,1290.0,242.0,16.0,8.0,1.0,84.20365535248042,2.0,5.0,0.0,1.766721857571577,21.04187338501292,2.0,,,38.46,-0.568
2023-06-28,525.0,982.0,44.0,5.0,1.0,34.83742534837425,6.0,5.0,6.0,-0.6109979633401212,20.883700838168924,1.0,,,50.0,1.304
2023-06-29,1167.0,352.0,34.0,14.0,0.0,76.82685977616853,0.0,6.0,4.0,1.1618525092786811,21.181951062459756,2.0,,,30.0,7.434
2023-06-30,1180.0,339.0,34.0,10.0,0.0,77.68268597761686,0.0,4.0,1.0,1.1053315994798434,21.4696200901481,1.0,,,28.57,-0.169
2023-07-03,765.0,742.0,47.0,8.0,4.0,50.76310550763105,5.0,3.0,11.0,0.0,21.495559845559846,2.0,,,27.27,1.821
2023-07-04,1023.0,484.0,48.0,11.0,1.0,67.88321167883211,1.0,4.0,1.0,0.5076142131979701,21.683807073954984,1.0,,,26.67,1.091
2023-07-05,344.0,1170.0,42.0,4.0,0.0,22.721268163804492,1.0,6.0,3.0,-0.8776143230242585,21.5433676092545,2.0,,,60.0,0.777
2023-07-06,694.0,806.0,58.0,6.0,1.0,46.266666666666666,2.0,6.0,1.0,-0.10053239978089626,21.542207958921697,1.0,,,50.0,10.159
2023-07-07,400.0,1113.0,45.0,7.0,1.0,26.437541308658297,1.0,2.0,7.0,-0.9002578743783366,21.305019255455715,2.0,,,22.22,6.566
2023-07-10,734.0,777.0,49.0,8.0,1.0,48.5771012574454,1.0,4.0,8.0,0.0,21.3741858974359,3.0,,,33.33,2.695
2023-07-11,1151.0,373.0,37.0,9.0,1.0,75.52493438320211,2.0,8.0,3.0,0.73691967575534,21.5906534272902,4.0,,,47.06,3.738
2023-07-12,277.0,1270.0,14.0,6.0,1.0,17.90562378797673,1.0,2.0,10.0,-1.3513513513513526,21.274804612427932,4.0,,,25.0,0.418
2023-07-13,1220.0,325.0,20.0,8.0,1.0,78.96440129449837,1.0,2.0,2.0,1.0392609699769038,21.626600638977635,2.0,,,20.0,7.056
2023-07-14,736.0,799.0,31.0,10.0,2.0,47.94788273615635,2.0,4.0,6.0,-0.07329787828149434,21.67542784163474,2.0,,,28.57,7.866
2023-07-17,647.0,878.0,42.0,4.0,2.0,42.42622950819672,2.0,5.0,6.0,-0.3496503496503422,21.539125717932354,1.0,,,55.56,-1.681
2023-07-18,671.0,854.0,43.0,4.0,0.0,44.0,0.0,4.0,5.0,-0.2185384948393049,21.465102040816326,1.0,,,50.0,-3.907
2023-07-19,584.0,944.0,41.0,4.0,1.0,38.21989528795812,1.0,4.0,4.0,-0.4249667994687824,21.366857871255576,1.0,,,50.0,4.519
2023-07-20,273.0,1274.0,23.0,5.0,2.0,17.647058823529413,2.0,4.0,6.0,-1.3408821214385283,21.054929936305733,1.0,,,44.44,3.452
2023-07-21,529.0,1003.0,39.0,4.0,3.0,34.530026109660575,4.0,4.0,23.0,-0.709639266706097,20.881113940165502,1.0,,,50.0,-6.52
2023-07-24,812.0,724.0,35.0,4.0,0.0,52.864583333333336,1.0,9.0,9.0,0.0882612533097951,20.848134945894333,2.0,,,69.23,2.442
2023-07-25,1333.0,221.0,18.0,10.0,0.0,85.77863577863579,0.0,2.0,3.0,1.4103820325709429,21.202582697201017,3.0,,,16.67,7.404
2023-07-26,528.0,1018.0,28.0,6.0,1.0,34.152652005174645,3.0,3.0,6.0,-0.9330844896964182,21.04792249047014,3.0,,,33.33,3.794
2023-07-27,367.0,1165.0,42.0,7.0,1.0,23.9556135770235,1.0,7.0,8.0,-0.9309354667511875,20.895241423125796,1.0,,,50.0,3.201
2023-07-28,948.0,581.0,47.0,7.0,0.0,62.00130804447351,1.0,7.0,5.0,0.3410121636393315,20.955298223350255,1.0,,,50.0,-1.047
2023-07-31,1017.0,532.0,28.0,7.0,0.0,65.65526145900581,1.0,7.0,4.0,0.5442176870748304,21.057647431832596,2.0,,,50.0,5.763
2023-08-01,501.0,1038.0,38.0,4.0,0.0,32.553606237816766,0.0,4.0,10.0,-0.6385341476957356,20.92553582752061,1.0,,,50.0,-2.89
2023-08-02,684.0,840.0,54.0,6.0,0.0,44.881889763779526,0.0,3.0,2.0,-0.16517565231310194,20.935735107731304,2.0,,,33.33,3.484
2023-08-03,555.0,992.0,31.0,3.0,0.0,35.87588881706529,0.0,3.0,1.0,-0.47562492930663786,20.935069708491763,1.0,,,50.0,-2.204
2023-08-04,842.0,701.0,37.0,4.0,1.0,54.569021386908624,1.0,8.0,1.0,0.1755514101636883,21.06098734177215,1.0,,,66.67,1.387
2023-08-07,569.0,971.0,41.0,8.0,1.0,36.94805194805195,2.0,4.0,3.0,-0.4710632570659507,21.021979759645795,2.0,,,33.33,14.975
2023-08-08,689.0,847.0,45.0,9.0,1.0,44.85677083333333,1.0,4.0,4.0,-0.1890359168241925,21.006179633143578,2.0,,,30.77,2.409
2023-08-09,414.0,1146.0,21.0,7.0,0.0,26.53846153846154,2.0,4.0,6.0,-0.9818731117824832,20.886603415559772,2.0,,,36.36,2.425
2023-08-10,897.0,634.0,52.0,7.0,1.0,58.58915741345526,3.0,4.0,3.0,0.2309468822170851,20.999191408717625,3.0,,,36.36,4.197
2023-08-11,201.0,1367.0,16.0,7.0,1.0,12.818877551020408,1.0,3.0,3.0,-1.7658091421313298,20.69309974747475,4.0,,,30.0,2.894
2023-08-14,982.0,573.0,29.0,8.0,0.0,63.151125401929264,2.0,2.0,2.0,0.4803846153846122,20.82863005050505,2.0,,,20.0,4.629
2023-08-15,399.0,1158.0,27.0,8.0,0.0,25.626204238921,0.0,5.0,6.0,-0.9836077322198106,20.644892676767675,2.0,,,38.46,4.156
2023-08-16,314.0,1251.0,20.0,4.0,0.0,20.063897763578275,0.0,6.0,8.0,-1.3482280431433027,20.421123028391168,2.0,,,60.0,1.401
2023-08-17,1275.0,294.0,17.0,10.0,0.0,81.26195028680688,2.0,4.0,3.0,1.4922800857194527,20.71359394703657,2.0,,,28.57,4.302
2023-08-18,355.0,1212.0,20.0,9.0,1.0,22.65475430759413,1.0,2.0,12.0,-1.482799525504152,20.428349086326403,3.0,,,18.18,5.433
2023-08-21,534.0,1010.0,44.0,7.0,0.0,34.58549222797927,0.0,4.0,3.0,-0.5457025920873122,20.352015113350127,2.0,,,36.36,-0.424
2023-08-22,788.0,775.0,26.0,12.0,1.0,50.415866922584776,2.0,3.0,13.0,0.0,20.426091881686595,1.0,,,20.0,0.699
2023-08-23,222.0,1351.0,17.0,13.0,1.0,14.113159567705022,1.0,2.0,10.0,-1.8858214804654128,20.034817610062895,2.0,,,13.33,3.999
2023-08-24,669.0,877.0,45.0,9.0,2.0,43.27296248382923,3.0,11.0,20.0,-0.2886465683130207,20.046681332495286,2.0,,,55.0,3.288
2023-08-25,197.0,1373.0,21.0,6.0,5.0,12.547770700636942,8.0,7.0,34.0,-2.33251966368321,19.48842866121936,2.0,,,53.85,3.221
2023-08-28,975.0,583.0,34.0,11.0,0.0,62.58023106546855,0.0,22.0,112.0,0.529805823008092,19.544353015075377,2.0,,,66.67,6.268
2023-08-29,1523.0,67.0,3.0,25.0,0.0,95.78616352201259,0.0,13.0,2.0,4.319180087847729,20.53361581920904,2.0,,,34.21,-0.526
2023-08-30,1133.0,433.0,27.0,9.0,1.0,72.3499361430396,2.0,5.0,5.0,1.1535048802129615,20.758939108600124,2.0,,,35.71,4.128
2023-08-31,620.0,935.0,39.0,7.0,0.0,39.87138263665595,0.0,4.0,6.0,-0.4099970201483759,20.746969887076535,2.0,,,36.36,-0.473
2023-09-01,675.0,869.0,50.0,7.0,0.0,43.71761658031088,0.0,3.0,4.0,-0.1841645610405428,20.654611041405268,3.0,,,30.0,0.391
2023-09-04,1242.0,332.0,18.0,11.0,0.0,78.90724269377382,1.0,4.0,1.0,1.0993845573695995,20.86553391959799,4.0,,,26.67,3.791
2023-09-05,614.0,934.0,46.0,10.0,0.0,39.66408268733851,0.0,5.0,3.0,-0.3115958311487616,20.78757841907152,5.0,,,33.33,2.941
2023-09-06,965.0,596.0,34.0,11.0,0.0,61.8193465727098,1.0,6.0,1.0,0.4708652148322652,20.948025078369906,6.0,,,35.29,7.698
2023-09-07,178.0,1404.0,14.0,5.0,2.0,11.25158027812895,2.0,7.0,9.0,-1.9062825135671915,20.53079573934837,1.0,,,58.33,-0.254
2023-09-08,911.0,629.0,56.0,12.0,1.0,59.15584415584415,2.0,4.0,4.0,0.2819558834440956,20.625852130325814,2.0,,,25.0,1.248
2023-09-11,1064.0,501.0,31.0,9.0,1.0,67.98722044728434,2.0,9.0,4.0,0.6834790341169938,20.768051378446113,2.0,,,50.0,-1.263
2023-09-12,613.0,933.0,51.0,4.0,1.0,39.650711513583445,1.0,8.0,4.0,-0.3032600454890004,20.750839073262366,2.0,,,66.67,4.227
2023-09-13,239.0,1341.0,17.0,6.0,1.0,15.126582278481013,1.0,2.0,2.0,-1.5151515151515187,20.447683155917346,1.0,,,25.0,-2.087
2023-09-14,282.0,1293.0,22.0,10.0,0.0,17.904761904761905,0.0,4.0,3.0,-1.141826923076931,20.175460237946147,2.0,,,28.57,2.13
2023-09-15,679.0,865.0,53.0,6.0,0.0,43.976683937823836,0.0,5.0,6.0,-0.1689189189189253,20.140670006261743,2.0,,,45.45,-0.626
2023-09-18,1131.0,431.0,35.0,8.0,2.0,72.40717029449424,2.0,3.0,3.0,0.8782936010037566,20.2655729492799,3.0,,,27.27,1.394
2023-09-19,218.0,1359.0,20.0,4.0,2.0,13.823715916296766,2.0,5.0,3.0,-1.6224188790560516,19.95855353788353,1.0,,,55.56,-0.455
2023-09-20,330.0,1225.0,42.0,6.0,3.0,21.221864951768488,4.0,1.0,1.0,-0.7745266781411347,19.804026299311207,2.0,,,14.29,-1.732
2023-09-21,396.0,1162.0,40.0,4.0,1.0,25.41720154043646,1.0,4.0,1.0,-0.7092198581560212,19.663792240300378,3.0,,,50.0,2.842
2023-09-22,1487.0,103.0,9.0,8.0,0.0,93.52201257861635,0.0,6.0,1.0,2.162718846549939,20.15622263914947,3.0,,,42.86,6.691
2023-09-25,589.0,974.0,35.0,5.0,1.0,37.68394113883558,1.0,2.0,2.0,-0.508402146084789,20.15217146433041,4.0,,,28.57,6.526
2023-09-26,542.0,1011.0,46.0,5.0,2.0,34.90019317450096,3.0,2.0,0.0,-0.5053340819764169,20.098036272670416,5.0,,,28.57,4.662
2023-09-27,943.0,612.0,45.0,11.0,2.0,60.643086816720256,2.0,2.0,0.0,0.34794778603994964,20.19581875,6.0,,,15.38,7.866
2023-09-28,1188.0,377.0,34.0,7.0,0.0,75.91054313099042,1.0,7.0,4.0,1.007705986959088,20.394502814258914,3.0,,,50.0,-0.28
2023-10-09,648.0,929.0,23.0,20.0,2.0,41.09067850348763,3.0,2.0,3.0,-0.44024901251651327,20.389187500000002,4.0,,,9.09,9.726
2023-10-10,674.0,879.0,49.0,11.0,2.0,43.39987121699936,3.0,8.0,6.0,-0.2483741172733035,20.347921348314607,5.0,,,42.11,1.937
2023-10-11,930.0,625.0,46.0,8.0,2.0,59.80707395498393,3.0,6.0,3.0,0.2923976608187202,20.484409743910057,2.0,,,42.86,-1.451
2023-10-12,859.0,707.0,36.0,7.0,0.0,54.85312899106003,1.0,4.0,4.0,0.18782337723424425,20.543008739076157,3.0,,,36.36,0.665
2023-10-13,473.0,1099.0,30.0,7.0,0.0,30.08905852417303,0.0,6.0,1.0,-1.002302922210011,20.419076154806493,2.0,,,46.15,4.02
2023-10-16,386.0,1183.0,33.0,8.0,1.0,24.601657106437223,4.0,6.0,5.0,-1.0948917014613824,20.158901373283395,3.0,,,42.86,5.472
2023-10-17,671.0,879.0,52.0,5.0,1.0,43.29032258064516,5.0,8.0,3.0,-0.2035636589661292,20.12362047440699,2.0,,,61.54,1.983
2023-10-18,130.0,1468.0,5.0,8.0,1.0,8.1351689612015,4.0,1.0,2.0,-2.305246422893489,19.73268870867124,3.0,,,11.11,6.277
2023-10-19,423.0,1134.0,46.0,4.0,3.0,27.167630057803464,7.0,6.0,14.0,-0.582241630276573,19.547361197754213,4.0,,,60.0,1.859
2023-10-20,343.0,1221.0,39.0,8.0,4.0,21.9309462915601,4.0,6.0,13.0,-1.0666666666666678,19.27678727386151,5.0,,,42.86,-0.692
2023-10-23,144.0,1454.0,5.0,9.0,2.0,9.011264080100124,7.0,2.0,10.0,-2.7809965237543475,18.785327510917032,6.0,,,18.18,2.107
2023-10-24,1470.0,125.0,8.0,17.0,1.0,92.16300940438872,1.0,7.0,4.0,2.840059790732429,19.296032439176546,7.0,,,29.17,1.225
2023-10-25,1181.0,397.0,27.0,12.0,2.0,74.84157160963245,2.0,9.0,8.0,1.2544802867383564,19.46365109034268,8.0,,,42.86,4.698
2023-10-26,875.0,677.0,53.0,11.0,1.0,56.378865979381445,2.0,7.0,9.0,0.2020202020201977,19.524641744548287,9.0,,,38.89,4.14
2023-10-27,1119.0,460.0,26.0,15.0,2.0,70.86763774540849,4.0,14.0,7.0,1.250000000000001,19.849644859813083,3.0,,,48.28,3.135
2023-10-30,1220.0,345.0,39.0,18.0,2.0,77.95527156549521,6.0,9.0,3.0,1.142184174772991,20.196022443890275,2.0,,,33.33,0.047
2023-10-31,568.0,991.0,45.0,7.0,3.0,36.433611289288,4.0,2.0,8.0,-0.5361108623870637,20.055928927680796,3.0,,,22.22,0.082
2023-11-01,899.0,667.0,40.0,8.0,0.0,57.407407407407405,0.0,9.0,1.0,0.2348528722318736,20.072795765877956,4.0,,,52.94,3.422
2023-11-02,245.0,1337.0,24.0,8.0,1.0,15.486725663716813,1.0,3.0,14.0,-1.28408836346708,19.801027397260274,5.0,,,27.27,6.891
2023-11-03,1298.0,270.0,38.0,11.0,1.0,82.78061224489795,1.0,5.0,7.0,1.376936316695354,20.140821917808218,5.0,,,31.25,-0.801
2023-11-06,1514.0,82.0,10.0,11.0,0.0,94.86215538847118,0.0,8.0,1.0,1.9979922724012802,20.68420298879203,2.0,,,42.11,3.553
2023-11-07,986.0,557.0,63.0,12.0,0.0,63.901490602721964,0.0,8.0,0.0,0.3234154005141975,20.84810709838107,3.0,,,40.0,7.195
2023-11-08,755.0,807.0,44.0,10.0,2.0,48.335467349551855,2.0,5.0,3.0,-0.038154626244785245,20.915012453300125,4.0,,,33.33,2.4
2023-11-09,380.0,1185.0,40.0,6.0,4.0,24.281150159744406,4.0,9.0,13.0,-0.6935413957520595,20.756024922118378,3.0,,,60.0,3.289
2023-11-10,615.0,929.0,61.0,5.0,4.0,39.83160621761658,4.0,6.0,3.0,-0.2302631578947377,20.663732087227416,4.0,,,54.55,-0.116
2023-11-13,1274.0,299.0,33.0,7.0,2.0,80.99173553719008,4.0,5.0,3.0,1.1839325583956635,20.911867995018678,5.0,,,41.67,6.929
2023-11-14,921.0,630.0,55.0,10.0,0.0,59.381044487427474,0.0,4.0,1.0,0.2115761077158091,21.056774595267747,6.0,,,28.57,7.933
2023-11-15,996.0,558.0,52.0,13.0,0.0,64.0926640926641,1.0,5.0,1.0,0.3959200997426827,21.204377334993776,4.0,,,27.78,4.906
2023-11-16,284.0,1289.0,32.0,9.0,1.0,18.054672600127144,2.0,6.0,10.0,-1.002865329512898,20.977470404984423,5.0,,,40.0,-1.104
2023-11-17,1204.0,366.0,36.0,12.0,1.0,76.68789808917198,1.0,6.0,2.0,0.7047219849420944,21.152596513075967,6.0,,,33.33,3.086
2023-11-20,1239.0,342.0,24.0,11.0,0.0,78.36812144212524,0.0,8.0,1.0,0.8779631255487239,21.391495327102803,7.0,,,42.11,5.763
2023-11-21,319.0,1256.0,30.0,8.0,0.0,20.253968253968253,0.0,5.0,6.0,-1.1046511627906843,21.151084112149533,8.0,,,38.46,2.212
2023-11-22,224.0,1353.0,28.0,5.0,4.0,14.204185161699428,4.0,5.0,4.0,-1.322751322751326,20.847264797507787,1.0,,,50.0,-3.041
2023-11-23,1298.0,276.0,31.0,9.0,4.0,82.46505717916138,6.0,7.0,5.0,0.979827089337165,21.056429906542057,2.0,,,43.75,-2.172
2023-11-24,221.0,1370.0,15.0,7.0,1.0,13.890634820867378,4.0,2.0,5.0,-1.7794137708658848,20.677198007471983,3.0,,,22.22,2.009
2023-11-27,837.0,708.0,61.0,8.0,4.0,54.1747572815534,4.0,7.0,9.0,0.11019554700705984,20.727552926525526,4.0,,,46.67,-2.116
2023-11-28,1253.0,318.0,34.0,12.0,1.0,79.75811584977721,2.0,4.0,2.0,0.9868421052631514,20.941221183800625,2.0,,,25.0,2.432
2023-11-29,403.0,1168.0,36.0,8.0,2.0,25.652450668364104,2.0,6.0,4.0,-0.7448789571694606,20.84177971375233,2.0,,,42.86,-1.497
2023-11-30,365.0,1209.0,33.0,7.0,1.0,23.189326556543836,3.0,6.0,2.0,-0.9316770186335536,20.669813316739265,3.0,,,46.15,3.067
2023-12-01,924.0,646.0,37.0,8.0,1.0,58.853503184713375,1.0,5.0,2.0,0.2923976608187202,20.790784069695086,2.0,,,38.46,-1.321
2023-12-04,711.0,838.0,59.0,5.0,1.0,45.90058102001291,3.0,3.0,3.0,-0.10952915658950205,20.74448383084577,2.0,,,37.5,4.366
2023-12-05,108.0,1491.0,9.0,3.0,0.0,6.75422138836773,1.0,4.0,6.0,-2.219542779076623,20.27759328358209,1.0,,,57.14,-7.496
2023-12-06,1031.0,526.0,50.0,8.0,0.0,66.21708413615927,1.0,7.0,2.0,0.3869969040247733,20.35576851275669,1.0,,,46.67,-7.873
2023-12-07,534.0,1039.0,34.0,2.0,5.0,33.94787031150667,6.0,8.0,9.0,-0.5698005698005779,20.279900435594275,2.0,,,80.0,-1.91
2023-12-08,413.0,1164.0,30.0,5.0,2.0,26.188966391883323,4.0,3.0,5.0,-1.2454592631032613,20.21406347230865,2.0,,,37.5,0.882
2023-12-11,1263.0,317.0,28.0,6.0,0.0,79.9367088607595,2.0,6.0,0.0,1.0188078900287647,20.462798507462686,3.0,,,50.0,3.502
2023-12-12,871.0,679.0,57.0,3.0,0.0,56.19354838709677,0.0,3.0,0.0,0.1364628820960621,20.47792159303049,1.0,,,50.0,-1.952
2023-12-13,438.0,1139.0,31.0,3.0,0.0,27.77425491439442,0.0,1.0,0.0,-0.737195073320737,20.277885572139304,1.0,,,25.0,-3.271
2023-12-14,468.0,1088.0,54.0,3.0,2.0,30.077120822622106,2.0,3.0,4.0,-0.4888479026410068,20.142931677018634,2.0,,,50.0,1.313
2023-12-15,468.0,1092.0,50.0,6.0,0.0,30.0,0.0,4.0,2.0,-0.4897377686569594,20.05416149068323,3.0,,,40.0,5.505
2023-12-18,181.0,1413.0,15.0,8.0,1.0,11.355081555834378,1.0,3.0,3.0,-1.5184381778741924,19.786587942821626,3.0,,,27.27,0.643
2023-12-19,1106.0,453.0,51.0,7.0,1.0,70.94291212315586,2.0,4.0,2.0,0.5432709698999694,19.951931677018635,4.0,,,36.36,6.979
2023-12-20,416.0,1154.0,40.0,9.0,0.0,26.496815286624205,0.0,6.0,9.0,-0.8066685175866312,19.797186335403726,3.0,,,40.0,6.147
2023-12-21,1107.0,449.0,54.0,10.0,1.0,71.1439588688946,1.0,3.0,1.0,0.5451743156661187,19.934521739130435,4.0,,,23.08,-0.309
2023-12-22,234.0,1361.0,15.0,8.0,8.0,14.670846394984327,11.0,1.0,30.0,-1.610738371117579,19.6137701863354,3.0,,,11.11,2.094
2023-12-25,571.0,1001.0,39.0,9.0,2.0,36.32315521628499,7.0,7.0,1.0,-0.4815409309791324,19.60602731222843,4.0,,,43.75,7.943
2023-12-26,148.0,1445.0,17.0,6.0,0.0,9.290646578782171,1.0,3.0,3.0,-1.792278787705107,19.276906832298135,5.0,,,33.33,1.531
2023-12-27,1219.0,356.0,37.0,3.0,4.0,77.39682539682539,5.0,7.0,4.0,0.8767883731468908,19.414026054590572,6.0,,,70.0,0.323
2023-12-28,1425.0,168.0,19.0,14.0,2.0,89.45386064030131,2.0,5.0,1.0,1.9910385306476317,19.892555831265508,7.0,,,26.32,3.747
2023-12-29,1447.0,148.0,17.0,11.0,1.0,90.72100313479623,2.0,4.0,0.0,1.6474694183871401,20.263560794044665,8.0,,,26.67,4.525
2024-01-02,758.0,821.0,35.0,5.0,1.0,48.0050664977834,2.0,7.0,3.0,-0.0812105505272416,20.145192069392813,9.0,,,58.33,3.608
2024-01-03,375.0,1186.0,53.0,7.0,5.0,24.023062139654066,5.0,4.0,6.0,-0.7117437722419946,19.931517967781907,1.0,,,36.36,-4.521
2024-01-04,563.0,1001.0,50.0,10.0,1.0,35.99744245524297,3.0,3.0,1.0,-0.3621584578509202,19.83179677819083,2.0,,,23.08,4.806
2024-01-05,123.0,1488.0,3.0,7.0,1.0,7.635009310986965,4.0,2.0,5.0,-1.8565804274465736,19.469083023543988,3.0,,,22.22,3.808
2024-01-08,114.0,1487.0,13.0,6.0,2.0,7.12054965646471,3.0,3.0,7.0,-2.09102761537447,19.08331474597274,4.0,,,33.33,1.419
2024-01-09,1131.0,443.0,40.0,6.0,4.0,71.8551461245235,7.0,5.0,4.0,0.5625890172495691,19.16700743494424,4.0,,,45.45,-0.142
2024-01-10,251.0,1326.0,37.0,4.0,4.0,15.916296766011415,10.0,4.0,9.0,-1.2703804582345128,18.922707558859976,1.0,,,50.0,-4.009
2024-01-11,1497.0,108.0,8.0,11.0,0.0,93.27102803738318,2.0,3.0,0.0,1.967213114754095,19.350737755734656,2.0,,,21.43,1.134
2024-01-12,347.0,1229.0,37.0,4.0,1.0,22.01776649746193,2.0,9.0,4.0,-1.0252365930599292,19.16104153750775,2.0,,,69.23,1.279
2024-01-15,491.0,1078.0,44.0,2.0,0.0,31.293817718291905,0.0,5.0,0.0,-0.5628517823639766,19.049882207067576,3.0,,,71.43,2.158
2024-01-16,378.0,1193.0,42.0,5.0,1.0,24.061107574793127,2.0,2.0,5.0,-0.6677796327212026,18.96103533787973,4.0,,,28.57,3.47
2024-01-17,58.0,1553.0,3.0,3.0,2.0,3.600248292985723,4.0,2.0,3.0,-2.739726027397267,18.44403345724907,2.0,,,40.0,-3.699
2024-01-18,439.0,1144.0,31.0,4.0,1.0,27.732154137713206,7.0,0.0,1.0,-1.0249538204870703,18.39283767038414,2.0,,,0.0,-1.042
2024-01-19,179.0,1415.0,20.0,3.0,3.0,11.22961104140527,4.0,5.0,8.0,-1.6854526069653397,18.052063197026023,3.0,,,62.5,2.534
2024-01-22,34.0,1580.0,0.0,4.0,15.0,2.1065675340768277,34.0,0.0,37.0,-6.497318535088466,16.984702602230485,4.0,,,0.0,-0.557
2024-01-23,776.0,795.0,43.0,7.0,2.0,49.39528962444303,4.0,3.0,0.0,0.0,17.0490458488228,5.0,,,30.0,6.148
2024-01-24,1218.0,365.0,31.0,10.0,1.0,76.94251421351863,2.0,4.0,1.0,1.0341967331052835,17.18663568773234,1.0,,,28.57,-1.823
2024-01-25,1540.0,73.0,3.0,11.0,0.0,95.47427154370737,2.0,4.0,2.0,3.5387652603043946,17.791008663366338,2.0,,,26.67,5.694
2024-01-26,509.0,1051.0,55.0,7.0,1.0,32.62820512820513,1.0,7.0,7.0,-0.748129675810469,17.563065015479875,3.0,,,50.0,2.877
2024-01-29,83.0,1528.0,5.0,3.0,15.0,5.152079453755432,17.0,5.0,36.0,-3.726262693253295,16.894826732673266,1.0,,,62.5,-8.243
2024-01-30,55.0,1559.0,1.0,2.0,7.0,3.407682775712516,10.0,3.0,14.0,-3.592814371257475,16.299653250773993,1.0,,,60.0,-6.889
2024-01-31,64.0,1546.0,5.0,3.0,17.0,3.9751552795031055,32.0,2.0,52.0,-5.9440559440559415,15.45723839009288,1.0,,,40.0,-10.178
2024-02-01,347.0,1250.0,18.0,8.0,2.0,21.728240450845334,8.0,6.0,8.0,-1.5568862275448985,15.359201238390094,2.0,,,42.86,-2.528
2024-02-02,76.0,1536.0,3.0,2.0,5.0,4.714640198511166,95.0,5.0,126.0,-5.470249520153554,14.637671826625388,2.0,,,71.43,-1.93
2024-02-05,75.0,1541.0,0.0,1.0,204.0,4.641089108910891,349.0,0.0,908.0,-11.012826183104824,13.331367574257428,1.0,,,0.0,-9.446
2024-02-06,1130.0,471.0,16.0,26.0,26.0,70.58088694565896,129.0,30.0,1.0,2.8683327116747472,13.883661100803959,2.0,,,53.57,20.035
2024-02-07,470.0,1142.0,5.0,14.0,50.0,29.156327543424315,77.0,7.0,303.0,-3.760162601626008,13.622065553494126,2.0,,,33.33,5.204
2024-02-08,1553.0,62.0,2.0,152.0,0.0,96.1609907120743,45.0,48.0,5.0,9.732988802756251,14.640544217687074,2.0,,,24.0,0.884
2024-02-19,1383.0,228.0,7.0,67.0,0.0,85.84729981378027,3.0,29.0,0.0,4.195859316386249,15.322107540173052,2.0,,,30.21,5.39
2024-02-20,1195.0,379.0,44.0,27.0,0.0,75.92121982210928,0.0,10.0,5.0,1.1849922710766965,15.540809641532755,3.0,,,27.03,4.085
2024-02-21,1304.0,280.0,34.0,29.0,0.0,82.32323232323232,0.0,22.0,9.0,1.4401451811523822,15.748547589616813,4.0,,,43.14,4.08
2024-02-22,1508.0,88.0,22.0,19.0,0.0,94.48621553884712,0.0,17.0,1.0,2.8045094229049154,16.174091470951794,5.0,,,47.22,4.183
2024-02-23,1486.0,113.0,18.0,32.0,0.0,92.93308317698562,1.0,12.0,0.0,3.5087719298245648,16.679431045145332,6.0,,,27.27,10.857
2024-02-26,1252.0,328.0,36.0,28.0,0.0,79.24050632911393,0.0,20.0,5.0,1.5397787144362507,16.970247524752473,7.0,,,41.67,2.693
2024-02-27,1535.0,76.0,6.0,27.0,0.0,95.28243327126009,0.0,7.0,3.0,2.853437094682228,17.515720470006183,5.0,,,20.59,3.441
2024-02-28,44.0,1570.0,3.0,6.0,78.0,2.7261462205700124,94.0,16.0,961.0,-8.392603129445233,16.257495361781075,4.0,,,72.73,-5.501
2024-02-29,1601.0,14.0,3.0,24.0,0.0,99.13312693498452,3.0,9.0,0.0,4.174395752529262,17.001273176761433,3.0,,,27.27,4.072
2024-03-01,1256.0,329.0,33.0,18.0,0.0,79.2429022082019,0.0,14.0,5.0,1.4778127099932679,17.299406674907292,4.0,,,43.75,5.667
2024-03-04,705.0,892.0,21.0,21.0,0.0,44.14527238572323,0.0,9.0,4.0,-0.32755942966122137,17.4301977750309,5.0,,,30.0,2.653
2024-03-05,243.0,1367.0,8.0,10.0,0.0,15.093167701863356,1.0,9.0,4.0,-2.485759271202571,17.172694684796042,6.0,,,47.37,0.376
2024-03-06,1110.0,474.0,34.0,20.0,0.0,70.07575757575758,0.0,7.0,1.0,0.9577167665402913,17.374134734239803,7.0,,,25.93,4.409
2024-03-07,418.0,1173.0,27.0,15.0,1.0,26.272784412319293,1.0,12.0,16.0,-1.4249074967432982,17.087923362175523,3.0,,,44.44,2.188
2024-03-08,1204.0,371.0,44.0,13.0,1.0,76.44444444444444,2.0,12.0,7.0,0.964630225080394,17.333174799258803,2.0,,,48.0,-3.457
2024-03-11,1386.0,215.0,17.0,21.0,0.0,86.57089319175515,1.0,6.0,4.0,1.8602495543672042,17.755698393077875,3.0,,,22.22,5.212
2024-03-12,1243.0,351.0,25.0,16.0,0.0,77.97992471769135,1.0,10.0,1.0,1.4354066985646052,17.998900555898704,3.0,,,38.46,3.312
2024-03-13,767.0,801.0,51.0,8.0,0.0,48.91581632653062,0.0,5.0,4.0,0.0,18.04672019765287,4.0,,,38.46,-0.31
2024-03-14,376.0,1206.0,38.0,9.0,0.0,23.767383059418457,1.0,10.0,6.0,-1.0967668371189072,17.888061728395062,2.0,,,52.63,1.553
2024-03-15,1328.0,268.0,24.0,16.0,0.0,83.20802005012531,0.0,5.0,1.0,1.295179522879919,18.160882716049382,2.0,,,23.81,4.202
2024-03-18,1494.0,112.0,14.0,16.0,0.0,93.02615193026152,0.0,9.0,3.0,2.0969859834488678,18.58725925925926,3.0,,,36.0,3.009
2024-03-19,622.0,956.0,42.0,12.0,0.0,39.4169835234474,0.0,8.0,7.0,-0.3475262531778577,18.5460987654321,2.0,,,40.0,2.226
2024-03-20,1248.0,340.0,32.0,13.0,0.0,78.58942065491183,1.0,8.0,1.0,1.0169953684191815,18.73596913580247,1.0,,,38.1,3.224
2024-03-21,630.0,935.0,56.0,13.0,1.0,40.2555910543131,1.0,7.0,7.0,-0.3854389721627402,18.68634793337446,2.0,,,35.0,2.52
2024-03-22,280.0,1334.0,7.0,12.0,3.0,17.348203221809168,4.0,4.0,5.0,-2.083333333333321,18.423837137569404,3.0,,,25.0,2.043
2024-03-25,165.0,1447.0,9.0,11.0,4.0,10.235732009925558,7.0,8.0,25.0,-3.25936199722608,17.859568167797658,3.0,,,42.11,-3.811
2024-03-26,767.0,809.0,45.0,12.0,2.0,48.66751269035533,4.0,5.0,9.0,0.0,17.839327575570636,2.0,,,29.41,-0.189
2024-03-27,132.0,1483.0,6.0,7.0,12.0,8.173374613003096,14.0,11.0,40.0,-4.113110539845763,17.135521283158543,2.0,,,61.11,-0.666
2024-03-28,1480.0,127.0,13.0,18.0,0.0,92.09707529558183,4.0,14.0,1.0,2.812378533269452,17.60375925925926,2.0,,,43.75,3.056
2024-03-29,1199.0,394.0,29.0,14.0,0.0,75.26679221594476,1.0,15.0,8.0,1.2822913621747993,17.824562268803945,3.0,,,51.72,4.877
2024-04-01,1453.0,154.0,15.0,21.0,0.0,90.41692594897324,0.0,12.0,2.0,2.353149765040988,18.270709001233044,4.0,,,36.36,5.268
2024-04-02,614.0,966.0,42.0,11.0,1.0,38.86075949367089,3.0,9.0,13.0,-0.6105502159728744,18.123754623921084,5.0,,,45.0,3.279
2024-04-03,397.0,1203.0,22.0,5.0,2.0,24.8125,5.0,8.0,11.0,-1.5367746288798863,17.8303205918619,4.0,,,61.54,-2.308
2024-04-08,177.0,1437.0,8.0,13.0,5.0,10.966542750929369,7.0,2.0,22.0,-3.5051546391752564,17.320641183723797,5.0,,,13.33,2.911
2024-04-09,1327.0,272.0,24.0,15.0,2.0,82.98936835522201,4.0,10.0,5.0,1.6315431679129735,17.61079482439926,1.0,,,40.0,-2.395
2024-04-10,168.0,1447.0,8.0,6.0,2.0,10.402476780185758,7.0,13.0,4.0,-2.9739776951672887,17.17815157116451,2.0,,,68.42,0.247
2024-04-11,792.0,789.0,42.0,9.0,3.0,50.094876660341555,7.0,10.0,5.0,0.0,17.14788662969809,1.0,,,52.63,-0.722
2024-04-12,456.0,1137.0,30.0,9.0,3.0,28.625235404896422,5.0,8.0,2.0,-1.0167464114832423,17.039531731361677,2.0,,,47.06,2.199
2024-04-15,245.0,1371.0,7.0,8.0,38.0,15.16089108910891,67.0,7.0,151.0,-4.942965779467682,16.453875539125075,2.0,,,46.67,-2.194
2024-04-16,77.0,1546.0,1.0,5.0,111.0,4.74430067775724,131.0,3.0,462.0,-8.544829956540474,15.322746305418718,3.0,,,37.5,0.703
2024-04-17,1588.0,34.0,2.0,85.0,0.0,97.90382244143034,4.0,20.0,1.0,8.234056471637622,16.370671182266012,4.0,,,19.05,13.829
2024-04-18,543.0,1057.0,24.0,13.0,0.0,33.9375,1.0,11.0,9.0,-0.8205152181027638,16.333466748768473,5.0,,,45.83,1.658
2024-04-19,487.0,1104.0,33.0,17.0,3.0,30.609679446888748,3.0,10.0,6.0,-1.1651617650452888,16.19697660098522,6.0,,,37.04,1.173
2024-04-22,590.0,1014.0,20.0,16.0,5.0,36.78304239401496,10.0,6.0,13.0,-0.805297313822767,16.11429802955665,2.0,,,27.27,-2.864
2024-04-23,1210.0,385.0,29.0,19.0,2.0,75.86206896551724,3.0,11.0,4.0,1.6269870495549525,16.316619458128077,2.0,,,36.67,1.821
2024-04-24,1347.0,253.0,24.0,18.0,0.0,84.1875,2.0,9.0,5.0,2.5247305615223627,16.688251231527094,2.0,,,33.33,2.184
2024-04-25,907.0,679.0,37.0,10.0,1.0,57.18789407313998,2.0,7.0,5.0,0.3906249999999917,16.70177449168207,1.0,,,41.18,0.503
2024-04-26,1151.0,439.0,32.0,12.0,0.0,72.38993710691824,2.0,7.0,6.0,1.2749012078546116,17.0084401972873,2.0,,,36.84,1.296
2024-04-29,1450.0,164.0,6.0,20.0,0.0,89.83890954151177,1.0,10.0,1.0,2.9615329615329657,17.518734567901234,2.0,,,33.33,5.961
2024-04-30,534.0,1056.0,31.0,11.0,4.0,33.58490566037736,4.0,7.0,11.0,-0.786255096097854,17.3749105490438,2.0,,,38.89,3.971
2024-05-06,1410.0,194.0,20.0,25.0,4.0,87.90523690773068,4.0,7.0,2.0,2.085782790666477,17.768823891625615,2.0,,,21.88,7.981
2024-05-07,1061.0,510.0,52.0,19.0,1.0,67.53660089115213,2.0,11.0,4.0,0.6122448979591706,17.932871226124462,3.0,,,36.67,6.098
2024-05-08,297.0,1307.0,19.0,9.0,1.0,18.51620947630923,1.0,4.0,6.0,-1.932367149758456,17.689094269870612,1.0,,,30.77,0.221
2024-05-09,1286.0,310.0,27.0,16.0,1.0,80.57644110275689,1.0,3.0,5.0,1.205303334672562,17.930628465804066,2.0,,,15.79,4.062
2024-05-10,314.0,1296.0,13.0,8.0,1.0,19.503105590062113,1.0,5.0,23.0,-1.9313304721030011,17.637288971041283,2.0,,,38.46,-3.759
2024-05-13,255.0,1351.0,15.0,7.0,3.0,15.877957658779577,6.0,10.0,9.0,-2.665075576770094,17.30455891425046,2.0,,,58.82,-1.983
2024-05-14,1192.0,400.0,32.0,11.0,3.0,74.87437185929649,3.0,9.0,10.0,1.0372505069911422,17.47104064039409,2.0,,,45.0,-1.125
2024-05-15,412.0,1184.0,29.0,6.0,1.0,25.81453634085213,2.0,6.0,0.0,-0.9680542110358143,17.319027692307692,2.0,,,50.0,1.475
2024-05-16,976.0,607.0,41.0,7.0,1.0,61.65508528111181,1.0,8.0,1.0,0.49650589405193446,17.429581280788177,3.0,,,53.33,2.959
2024-05-17,1268.0,334.0,23.0,19.0,0.0,79.1510611735331,1.0,7.0,4.0,1.1976047904191716,17.673975384615385,2.0,,,26.92,8.952
2024-05-20,818.0,761.0,45.0,9.0,1.0,51.80493983533883,2.0,5.0,2.0,0.06890426318722534,17.779057881773397,2.0,,,35.71,1.071
2024-05-21,364.0,1243.0,18.0,2.0,2.0,22.650902302426882,2.0,5.0,0.0,-1.2820512820512775,17.61606769230769,1.0,,,71.43,2.018
2024-05-22,1098.0,487.0,40.0,13.0,1.0,69.27444794952682,1.0,14.0,2.0,0.6463527239150534,17.809427692307693,2.0,,,51.85,11.824
2024-05-23,215.0,1403.0,7.0,12.0,1.0,13.288009888751546,2.0,6.0,7.0,-2.423112767940352,17.51222153846154,3.0,,,33.33,4.857
2024-05-24,378.0,1211.0,36.0,11.0,1.0,23.788546255506606,3.0,5.0,15.0,-1.2248468941382378,17.24766769230769,2.0,,,31.25,4.01
2024-05-27,1035.0,543.0,46.0,14.0,1.0,65.5893536121673,5.0,6.0,8.0,0.5415162454873664,17.350350985221677,2.0,,,30.0,-3.412
2024-05-28,354.0,1261.0,10.0,12.0,0.0,21.91950464396285,1.0,7.0,11.0,-1.414427157001422,17.16488,3.0,,,36.84,1.4
2024-05-29,954.0,613.0,57.0,8.0,1.0,60.880663688576895,2.0,14.0,11.0,0.3565857097104641,17.245726600985222,2.0,,,63.64,2.077
2024-05-30,540.0,1045.0,40.0,10.0,1.0,34.06940063091483,2.0,4.0,9.0,-0.5988023952095681,17.182215384615382,1.0,,,28.57,3.969
2024-05-31,1193.0,401.0,31.0,10.0,0.0,74.84316185696362,1.0,6.0,4.0,1.1912225705329234,17.375193846153845,2.0,,,37.5,5.574
2024-06-03,301.0,1317.0,7.0,7.0,5.0,18.603213844252164,10.0,6.0,20.0,-2.1305841924398656,17.180603076923077,3.0,,,46.15,3.501
2024-06-04,469.0,1139.0,17.0,10.0,9.0,29.166666666666668,14.0,4.0,12.0,-1.6466117796073452,17.035815384615386,2.0,,,28.57,5.523
2024-06-05,208.0,1402.0,15.0,7.0,1.0,12.919254658385093,6.0,6.0,8.0,-2.210610932475887,16.72500923076923,2.0,,,46.15,0.438
2024-06-06,124.0,1497.0,5.0,8.0,4.0,7.649599012954966,23.0,4.0,88.0,-4.611745013713838,16.195123001230012,2.0,,,33.33,4.553
2024-06-07,1273.0,342.0,11.0,14.0,2.0,78.82352941176471,3.0,8.0,14.0,2.0918660660962276,16.328444034440345,3.0,,,36.36,-2.015
2024-06-11,1148.0,444.0,33.0,10.0,1.0,72.11055276381909,2.0,3.0,1.0,1.0110294117647003,16.630713846153846,4.0,,,23.08,3.392
2024-06-12,1337.0,258.0,30.0,11.0,0.0,83.82445141065831,0.0,10.0,4.0,1.6371077762619386,16.86281230769231,2.0,,,47.62,4.264
2024-06-13,596.0,991.0,40.0,10.0,0.0,37.55513547574039,2.0,2.0,11.0,-0.4942339373970386,16.840663798401966,2.0,,,16.67,2.025
2024-06-14,764.0,793.0,70.0,8.0,1.0,49.06872190109184,1.0,6.0,6.0,0.0,16.873872157344806,2.0,,,42.86,-0.111
2024-06-17,568.0,1016.0,43.0,9.0,0.0,35.858585858585855,0.0,8.0,3.0,-0.6274509803921574,16.897922556853104,1.0,,,47.06,2.351
2024-06-18,1303.0,312.0,12.0,19.0,0.0,80.68111455108358,0.0,6.0,0.0,1.547987616099075,17.15637984019668,2.0,,,24.0,8.26
2024-06-19,543.0,1042.0,42.0,14.0,0.0,34.25867507886436,0.0,9.0,3.0,-0.6872852233677004,17.032753534111862,3.0,,,39.13,5.915
2024-06-20,142.0,1477.0,8.0,8.0,0.0,8.770846201358863,1.0,6.0,7.0,-2.818428184281841,16.620104486785493,4.0,,,42.86,2.731
2024-06-21,655.0,910.0,63.0,15.0,3.0,41.853035143769965,5.0,5.0,7.0,-0.3037221530372294,16.57031941031941,5.0,,,25.0,-2.528
2024-06-24,109.0,1517.0,2.0,6.0,2.0,6.703567035670356,6.0,5.0,7.0,-4.567503764587779,15.952371007371006,2.0,,,45.45,3.977
2024-06-25,824.0,756.0,48.0,18.0,3.0,52.151898734177216,5.0,4.0,10.0,0.07657331484472854,15.867149877149878,3.0,,,18.18,2.617
2024-06-26,1531.0,89.0,8.0,22.0,0.0,94.50617283950618,4.0,7.0,0.0,3.447584824822056,16.407364864864864,4.0,,,24.14,5.634
2024-06-27,214.0,1400.0,15.0,13.0,1.0,13.258983890954152,2.0,12.0,25.0,-1.927047487955949,16.131190914671578,3.0,,,48.0,4.607
2024-06-28,945.0,629.0,55.0,10.0,0.0,60.03811944091486,2.0,8.0,6.0,0.4341534008683061,16.22744014732965,3.0,,,44.44,-0.409
2024-07-01,1014.0,576.0,39.0,14.0,1.0,63.77358490566037,1.0,8.0,6.0,0.5830903790087547,16.305322283609577,4.0,,,36.36,5.453
2024-07-02,765.0,827.0,37.0,13.0,1.0,48.05276381909548,1.0,11.0,8.0,-0.0835421888053449,16.204917127071823,5.0,,,45.83,3.214
2024-07-03,310.0,1279.0,40.0,6.0,3.0,19.50912523599748,3.0,7.0,14.0,-1.517939282428695,15.93034990791897,2.0,,,53.85,-0.841
2024-07-04,123.0,1504.0,2.0,5.0,2.0,7.5599262446220035,2.0,0.0,18.0,-3.220035778175308,15.519103744628605,1.0,,,0.0,0.126
2024-07-05,1229.0,369.0,31.0,14.0,1.0,76.90863579474343,1.0,6.0,3.0,1.1353711790393082,15.651982811540824,1.0,,,30.0,-0.64
2024-07-08,150.0,1475.0,3.0,10.0,1.0,9.230769230769232,4.0,10.0,7.0,-3.191254495602326,15.279299754299755,2.0,,,50.0,-0.669
2024-07-09,1366.0,233.0,30.0,19.0,3.0,85.42839274546591,6.0,10.0,3.0,1.9335347432024184,15.682154696132596,2.0,,,34.48,4.255
2024-07-10,529.0,1071.0,29.0,17.0,2.0,33.0625,3.0,9.0,2.0,-0.7376185458377269,15.666979742173112,3.0,,,34.62,4.232
2024-07-11,1550.0,67.0,13.0,19.0,0.0,95.856524427953,0.0,8.0,4.0,3.1820018102509273,16.15454601226994,4.0,,,29.63,3.821
2024-07-12,530.0,1048.0,52.0,10.0,2.0,33.58681875792142,2.0,6.0,9.0,-0.6426763842494172,16.069981595092024,4.0,,,37.5,0.614
2024-07-15,218.0,1400.0,12.0,8.0,1.0,13.473423980222496,1.0,6.0,3.0,-2.074904058020686,15.830865030674847,5.0,,,42.86,0.079
2024-07-16,750.0,814.0,66.0,5.0,0.0,47.9539641943734,0.0,6.0,2.0,0.0,15.888349693251532,2.0,,,54.55,2.463
2024-07-17,312.0,1287.0,31.0,3.0,1.0,19.51219512195122,2.0,2.0,4.0,-1.800277008310247,15.594828220858895,1.0,,,40.0,0.422
2024-07-18,562.0,1013.0,55.0,6.0,1.0,35.682539682539684,3.0,3.0,0.0,-0.5930322013408007,15.582490797546011,1.0,,,33.33,0.9
2024-07-19,1134.0,433.0,63.0,13.0,0.0,72.36758136566688,1.0,5.0,0.0,0.7606629194908269,15.724067484662577,2.0,,,27.78,6.473
2024-07-22,1083.0,499.0,48.0,11.0,0.0,68.45764854614413,0.0,10.0,2.0,0.6778020247099981,15.827558282208589,2.0,,,47.62,3.543
2024-07-23,190.0,1422.0,19.0,11.0,0.0,11.786600496277917,0.0,8.0,10.0,-2.448979591836731,15.449301042305335,2.0,,,42.11,2.193
2024-07-24,243.0,1371.0,17.0,9.0,3.0,15.055762081784389,5.0,6.0,11.0,-1.8615040953090096,15.202053954629061,2.0,,,40.0,-0.954
2024-07-25,1021.0,551.0,59.0,11.0,0.0,64.94910941475827,1.0,5.0,7.0,0.5284015852047561,15.244825260576334,3.0,,,31.25,3.609
2024-07-26,1365.0,242.0,24.0,14.0,0.0,84.9408836341008,0.0,5.0,8.0,1.586701926709489,15.461391784181483,2.0,,,26.32,1.232
2024-07-29,802.0,774.0,56.0,20.0,2.0,50.888324873096444,2.0,4.0,7.0,0.0,15.49593137254902,2.0,,,16.67,7.871
2024-07-30,981.0,607.0,44.0,10.0,1.0,61.77581863979849,1.0,10.0,18.0,0.3676356049304857,15.528474264705883,3.0,,,50.0,-0.737
2024-07-31,1570.0,57.0,5.0,16.0,0.0,96.49661954517516,0.0,7.0,4.0,3.105223867935733,16.056409313725492,4.0,,,30.43,2.309
2024-08-01,680.0,881.0,71.0,14.0,0.0,43.56181934657271,0.0,10.0,5.0,-0.1607754442649472,16.043645833333333,2.0,,,41.67,2.778
2024-08-02,279.0,1340.0,14.0,11.0,1.0,17.232859789993825,2.0,7.0,13.0,-1.9189765458422328,15.770900183710962,2.0,,,38.89,-0.603
2024-08-05,138.0,1486.0,9.0,9.0,1.0,8.497536945812808,1.0,9.0,23.0,-3.3132530120481887,15.233435394978567,2.0,,,50.0,-1.013
2024-08-06,1532.0,90.0,11.0,10.0,1.0,94.45129469790382,1.0,5.0,4.0,2.1148036253776388,15.561530924678506,2.0,,,33.33,2.019
2024-08-07,763.0,813.0,57.0,12.0,1.0,48.41370558375635,2.0,6.0,4.0,0.0,15.580110226576853,2.0,,,33.33,4.822
2024-08-08,559.0,1034.0,40.0,8.0,1.0,35.09102322661645,1.0,6.0,11.0,-0.6968641114982584,15.426840171463564,2.0,,,42.86,-0.785
2024-08-09,436.0,1146.0,51.0,10.0,2.0,27.560050568900124,3.0,10.0,13.0,-0.8223684210526285,15.318199632578077,3.0,,,50.0,0.592
2024-08-12,456.0,1150.0,27.0,10.0,5.0,28.393524283935246,6.0,9.0,13.0,-0.9328358208955356,15.206870789957135,1.0,,,47.37,-2.169
2024-08-13,1252.0,338.0,43.0,14.0,1.0,78.74213836477988,2.0,3.0,4.0,0.9861932938856016,15.3579485609308,2.0,,,17.65,2.938
2024-08-14,577.0,1003.0,53.0,15.0,1.0,36.51898734177215,3.0,13.0,4.0,-0.4866180048661912,15.302718922229026,3.0,,,46.43,7.705
2024-08-15,1204.0,392.0,37.0,19.0,0.0,75.43859649122807,1.0,6.0,6.0,0.7596685082872889,15.415223515003063,4.0,,,24.0,7.302
2024-08-16,701.0,899.0,33.0,18.0,1.0,43.8125,3.0,14.0,15.0,-0.3298153034300838,15.431739130434782,5.0,,,43.75,4.594
2024-08-19,500.0,1094.0,40.0,13.0,5.0,31.367628607277293,5.0,5.0,20.0,-0.8329478877582464,15.26782129742962,2.0,,,27.78,-0.201
2024-08-20,233.0,1391.0,10.0,8.0,1.0,14.347290640394089,2.0,10.0,14.0,-1.980775000576974,15.012913096695225,2.0,,,55.56,0.492
2024-08-21,714.0,878.0,42.0,8.0,0.0,44.84924623115578,0.0,8.0,11.0,-0.21719457725091373,15.00360465116279,1.0,,,50.0,-1.536
2024-08-22,210.0,1406.0,18.0,11.0,0.0,12.995049504950495,0.0,8.0,22.0,-2.021986650961915,14.736597307221542,2.0,,,42.11,-2.075
2024-08-23,564.0,1025.0,45.0,13.0,1.0,35.494021397105094,1.0,10.0,8.0,-0.7162266962219271,14.66889228886169,1.0,,,43.48,-3.218
2024-08-26,1191.0,411.0,32.0,10.0,1.0,74.34456928838952,2.0,9.0,7.0,1.2255205112347927,14.8043635250918,2.0,,,47.37,3.971
2024-08-27,311.0,1300.0,23.0,9.0,1.0,19.30477963997517,3.0,9.0,10.0,-1.922250492355678,14.557839657282742,2.0,,,50.0,0.106
2024-08-28,1104.0,481.0,49.0,9.0,1.0,69.65299684542586,2.0,12.0,5.0,0.6440300899304279,14.628439412484699,1.0,,,57.14,-4.222
2024-08-29,1377.0,226.0,32.0,11.0,0.0,85.90143480973175,0.0,9.0,2.0,1.6844191231112209,14.921681957186545,2.0,,,45.0,3.338
2024-08-30,1486.0,126.0,23.0,17.0,0.0,92.18362282878412,0.0,18.0,1.0,1.8121911037891172,15.24639755351682,2.0,,,51.43,3.885
2024-09-02,206.0,1413.0,16.0,6.0,0.0,12.72390364422483,0.0,7.0,3.0,-1.9541206457094344,14.935107033639145,1.0,,,53.85,-2.738
2024-09-03,1294.0,296.0,45.0,7.0,1.0,81.38364779874215,1.0,8.0,1.0,0.936037441497654,15.112831804281345,2.0,,,53.33,1.364
2024-09-04,404.0,1193.0,38.0,10.0,0.0,25.297432686286786,0.0,3.0,10.0,-0.8587257617728595,15.016581039755351,3.0,,,23.08,7.183
2024-09-05,1212.0,377.0,48.0,12.0,1.0,76.27438640654499,1.0,8.0,3.0,0.7955215085444994,15.133158216249235,2.0,,,40.0,1.534
2024-09-06,121.0,1505.0,11.0,5.0,0.0,7.441574415744158,0.0,8.0,11.0,-2.4626865671641798,14.765064141722663,1.0,,,61.54,-0.795
2024-09-09,687.0,884.0,64.0,7.0,0.0,43.73010821133037,0.0,8.0,5.0,-0.1661129568106277,14.734495412844037,1.0,,,53.33,1.53
2024-09-10,1192.0,392.0,52.0,9.0,0.0,75.25252525252525,1.0,11.0,4.0,0.9127754253901073,14.865507334963326,2.0,,,55.0,4.058
2024-09-11,469.0,1113.0,55.0,5.0,0.0,29.646017699115045,0.0,2.0,2.0,-0.6701414743112424,14.838075748320097,2.0,,,28.57,0.618
2024-09-12,476.0,1108.0,54.0,8.0,0.0,30.05050505050505,1.0,6.0,1.0,-0.6831718623906042,14.738638583638583,3.0,,,42.86,6.666
2024-09-13,205.0,1411.0,22.0,6.0,1.0,12.685643564356436,2.0,5.0,8.0,-1.945738407707383,14.469444444444445,3.0,,,45.45,2.471
2024-09-18,344.0,1277.0,17.0,2.0,3.0,21.221468229487968,8.0,6.0,6.0,-1.1600820276202377,14.35052503052503,1.0,,,75.0,-8.33
2024-09-19,1497.0,133.0,8.0,12.0,0.0,91.84049079754601,0.0,5.0,1.0,2.2527936901914685,14.611855921855923,1.0,,,29.41,3.791
2024-09-20,464.0,1133.0,41.0,10.0,0.0,29.054477144646214,0.0,5.0,1.0,-0.8845598266591764,14.52959706959707,2.0,,,33.33,3.575
2024-09-23,810.0,768.0,60.0,9.0,0.0,51.33079847908745,0.0,7.0,1.0,0.0,14.541862026862027,1.0,,,43.75,1.523
2024-09-24,1583.0,50.0,5.0,11.0,0.0,96.93815064298836,1.0,8.0,0.0,3.1654592775558252,15.058278388278389,1.0,,,42.11,2.87
2024-09-25,1304.0,294.0,40.0,11.0,0.0,81.60200250312892,0.0,13.0,6.0,1.0231430555878636,15.23547619047619,2.0,,,54.17,8.334
2024-09-26,1570.0,58.0,9.0,18.0,0.0,96.43734643734643,0.0,6.0,0.0,2.532928064842958,15.724471594379963,3.0,,,25.0,6.857
2024-09-27,1627.0,9.0,2.0,39.0,0.0,99.44987775061125,0.0,23.0,1.0,5.462937235651886,16.808937728937728,4.0,,,37.1,9.871
2024-09-30,1636.0,1.0,0.0,239.0,0.0,99.93891264508247,0.0,113.0,1.0,13.947797716150069,19.278173488087965,5.0,,,32.1,16.29
2024-10-08,1618.0,16.0,2.0,331.0,0.0,99.02080783353733,1.0,475.0,23.0,11.73708562632494,21.975794621026896,6.0,,,58.93,14.226
2024-10-09,103.0,1533.0,1.0,17.0,146.0,6.295843520782396,190.0,29.0,794.0,-12.492836676217763,19.442009773976785,7.0,,,63.04,-6.669
2024-10-10,984.0,622.0,31.0,28.0,13.0,61.27023661270237,31.0,18.0,89.0,0.5405405405405397,19.304074526573,2.0,,,39.13,-6.041
2024-10-11,122.0,1508.0,7.0,8.0,8.0,7.484662576687116,16.0,6.0,48.0,-5.185185185185189,18.317745876603546,2.0,,,42.86,-5.85
2024-10-14,1586.0,46.0,6.0,35.0,1.0,97.18137254901961,2.0,16.0,0.0,3.4204499799116155,19.093321123321125,2.0,,,31.37,6.81
2024-10-15,307.0,1311.0,20.0,18.0,0.0,18.974042027194066,1.0,12.0,47.0,-1.7628000073116845,18.820054945054945,2.0,,,40.0,4.251
2024-10-16,735.0,868.0,35.0,20.0,1.0,45.851528384279476,3.0,7.0,13.0,-0.19044447668157205,18.75601343101343,3.0,,,25.93,2.824
2024-10-17,661.0,938.0,41.0,14.0,0.0,41.33833646028768,2.0,15.0,17.0,-0.3862876285371535,18.82331707317073,4.0,,,51.72,0.197
2024-10-18,1593.0,42.0,6.0,30.0,0.0,97.43119266055047,1.0,21.0,7.0,3.272251308900524,19.793034734917732,5.0,,,41.18,9.565
2024-10-21,1401.0,217.0,22.0,41.0,0.0,86.5883807169345,1.0,23.0,10.0,2.0714898724293924,20.347573170731707,6.0,,,35.94,9.62
2024-10-22,978.0,643.0,20.0,15.0,0.0,60.33312769895126,0.0,20.0,45.0,0.6423982869378954,20.398744667885435,7.0,,,57.14,-1.287
2024-10-23,592.0,1021.0,27.0,15.0,0.0,36.70179789212647,0.0,17.0,14.0,-0.6687124908934767,20.32151219512195,8.0,,,53.12,6.207
2024-10-24,490.0,1114.0,36.0,18.0,0.0,30.54862842892768,2.0,4.0,5.0,-0.8872960115166955,20.14075,6.0,,,18.18,4.143
2024-10-25,1349.0,272.0,20.0,32.0,0.0,83.22023442319556,0.0,19.0,7.0,1.707075705096481,20.72809262644729,4.0,,,37.25,6.578
2024-10-28,1221.0,400.0,20.0,30.0,0.0,75.32387415175818,1.0,19.0,8.0,1.7278617710583168,21.034625228519197,3.0,,,38.78,4.961
2024-10-29,254.0,1373.0,15.0,20.0,1.0,15.61155500921942,1.0,12.0,46.0,-3.028351772717513,20.584555420219242,4.0,,,37.5,3.896
2024-10-30,597.0,1015.0,29.0,16.0,0.0,37.03473945409429,2.0,10.0,17.0,-0.6968641114982584,20.484984765386958,5.0,,,38.46,4.872
2024-10-31,1112.0,495.0,34.0,21.0,0.0,69.19726197884256,0.0,17.0,12.0,0.8178438661710128,20.6793662400975,6.0,,,44.74,8.143
2024-11-01,176.0,1462.0,5.0,17.0,21.0,10.744810744810746,27.0,12.0,150.0,-4.765193370165754,19.817881923311017,4.0,,,41.38,1.122
2024-11-04,1477.0,159.0,7.0,30.0,2.0,90.28117359413203,7.0,11.0,9.0,2.5195173882185977,20.358679245283017,3.0,,,26.83,1.681
2024-11-05,1588.0,51.0,5.0,31.0,0.0,96.88834655277608,0.0,18.0,1.0,2.876515462785364,21.152901459854018,4.0,,,36.73,6.719
2024-11-06,840.0,767.0,36.0,25.0,0.0,52.2713130056005,0.0,21.0,20.0,0.0959692898272532,21.244790018259284,5.0,,,45.65,7.192
2024-11-07,1377.0,258.0,7.0,28.0,0.0,84.22018348623853,2.0,20.0,8.0,2.083981539099776,21.6547137637028,6.0,,,41.67,4.158
2024-11-08,742.0,877.0,24.0,21.0,0.0,45.8307597282273,0.0,11.0,22.0,-0.1959247648902849,21.87483870967742,7.0,,,34.38,1.551
2024-11-11,1440.0,191.0,12.0,36.0,1.0,88.28939301042305,2.0,13.0,3.0,2.518796992481196,22.54250152160682,2.0,,,26.53,6.539
2024-11-12,433.0,1192.0,20.0,17.0,1.0,26.646153846153847,3.0,16.0,22.0,-1.2500000000000144,22.27675987841945,2.0,,,48.48,0.108
2024-11-13,854.0,750.0,41.0,15.0,1.0,53.241895261845386,3.0,15.0,7.0,0.1135073779795662,22.38175075987842,1.0,,,50.0,-2.487
2024-11-14,127.0,1513.0,4.0,6.0,1.0,7.7439024390243905,5.0,7.0,31.0,-3.5227730625779814,21.606009732360096,1.0,,,53.85,-5.461
2024-11-15,280.0,1349.0,14.0,17.0,1.0,17.188459177409456,4.0,10.0,21.0,-2.254428341384858,21.07354838709677,2.0,,,37.04,5.473
2024-11-18,182.0,1454.0,7.0,10.0,12.0,11.124694376528117,18.0,7.0,135.0,-3.366524419156002,20.290505173463178,3.0,,,41.18,-1.05
2024-11-19,1548.0,93.0,4.0,20.0,1.0,94.3327239488117,5.0,13.0,2.0,3.214695752009177,20.995434650455927,1.0,,,39.39,0.748
2024-11-20,1444.0,187.0,15.0,28.0,0.0,88.5346413243409,0.0,13.0,2.0,1.8897684661627343,21.408566221142163,2.0,,,31.71,5.762
2024-11-21,714.0,895.0,37.0,20.0,0.0,44.37538844002486,1.0,12.0,11.0,-0.19827233855247012,21.414848116646414,2.0,,,37.5,2.623
2024-11-22,123.0,1520.0,3.0,14.0,3.0,7.486305538648813,3.0,15.0,23.0,-4.569996585126146,20.53374240583232,3.0,,,51.72,3.286
2024-11-25,1268.0,369.0,10.0,28.0,0.0,77.45876603543067,6.0,10.0,4.0,1.7959770114942528,20.834990892531877,4.0,,,26.32,7.295
2024-11-26,406.0,1227.0,14.0,17.0,9.0,24.862216778934474,10.0,12.0,26.0,-1.4453477868112028,20.543193685488767,5.0,,,41.38,-0.766
2024-11-27,1426.0,198.0,23.0,22.0,2.0,87.807881773399,8.0,10.0,0.0,1.7017828200972516,21.0345415907711,6.0,,,31.25,2.273
2024-11-28,698.0,926.0,23.0,15.0,2.0,42.98029556650246,2.0,20.0,15.0,-0.3821656050955332,20.918992106860962,5.0,,,57.14,4.226
2024-11-29,1396.0,234.0,18.0,34.0,2.0,85.6441717791411,2.0,9.0,1.0,1.406374636983618,21.341650485436894,6.0,,,20.93,4.161
2024-12-02,1445.0,188.0,14.0,33.0,1.0,88.48744641763625,4.0,17.0,3.0,1.720229363915197,21.755749848208865,7.0,,,34.0,6.566
2024-12-03,744.0,867.0,36.0,17.0,1.0,46.18249534450652,2.0,19.0,28.0,-0.1539250897896233,21.727771706132362,8.0,,,52.78,0.521
2024-12-04,286.0,1352.0,9.0,11.0,2.0,17.46031746031746,4.0,15.0,16.0,-2.003004506760133,21.396842744383726,9.0,,,57.69,-1.393
2024-12-05,1311.0,307.0,30.0,15.0,2.0,81.02595797280593,2.0,14.0,4.0,1.1576946052752506,21.74351334951456,4.0,,,48.28,-0.169
2024-12-06,991.0,625.0,31.0,9.0,1.0,61.32425742574258,4.0,16.0,8.0,0.4323049715071701,21.888949605343047,2.0,,,64.0,-0.727
2024-12-09,715.0,908.0,22.0,24.0,3.0,44.05422057917437,4.0,13.0,3.0,-0.2801120448179212,21.924395136778113,3.0,,,35.14,5.799
2024-12-10,947.0,653.0,46.0,21.0,0.0,59.18750000000001,1.0,20.0,25.0,0.30628517823639123,22.13924058323208,2.0,,,48.78,2.171
2024-12-11,1127.0,492.0,26.0,23.0,1.0,69.61087090796788,2.0,11.0,6.0,0.6728343145500426,22.322006079027354,3.0,,,32.35,-1.009
2024-12-12,1033.0,590.0,24.0,20.0,2.0,63.647566235366604,4.0,14.0,6.0,0.5494505494505573,22.509635701275048,2.0,,,41.18,1.922
2024-12-13,293.0,1345.0,9.0,18.0,1.0,17.887667887667888,2.0,10.0,6.0,-2.282608695652164,22.123776563448693,3.0,,,35.71,0.683
2024-12-16,523.0,1095.0,31.0,13.0,5.0,32.3238566131026,6.0,16.0,23.0,-0.904443570585924,21.90196482716798,3.0,,,55.17,1.279
2024-12-17,130.0,1517.0,2.0,4.0,13.0,7.8931390406800235,19.0,8.0,38.0,-4.260813428018078,21.138532443905397,4.0,,,66.67,-2.114
2024-12-18,949.0,661.0,39.0,17.0,0.0,58.94409937888199,1.0,10.0,2.0,0.37926675094817,21.33091570648878,5.0,,,37.04,6.918
2024-12-19,883.0,733.0,32.0,21.0,2.0,54.64108910891089,3.0,9.0,9.0,0.15588474006249636,21.511316747572817,2.0,,,30.0,0.644
2024-12-20,1340.0,284.0,26.0,16.0,3.0,82.51231527093597,3.0,13.0,5.0,1.4426913296350015,21.874187878787883,2.0,,,44.83,2.966
2024-12-23,122.0,1528.0,2.0,5.0,25.0,7.3939393939393945,30.0,6.0,74.0,-5.01119712735767,21.065121065375305,2.0,,,54.55,-0.522
2024-12-24,1163.0,449.0,40.0,14.0,4.0,72.14640198511167,8.0,8.0,9.0,0.9008330149167374,21.330429782082327,3.0,,,36.36,2.007
2024-12-25,246.0,1399.0,7.0,6.0,13.0,14.954407294832828,17.0,2.0,10.0,-2.558618733506794,20.928940677966104,4.0,,,25.0,-1.438
2024-12-26,1303.0,302.0,47.0,24.0,1.0,81.18380062305296,7.0,6.0,1.0,1.3206914286992135,21.33978813559322,5.0,,,20.0,7.416
2024-12-27,1028.0,598.0,26.0,10.0,0.0,63.22263222632226,1.0,10.0,7.0,0.5212862318840596,21.328038740920096,6.0,,,50.0,0.272
2024-12-30,418.0,1216.0,17.0,8.0,3.0,25.581395348837212,6.0,7.0,10.0,-1.1400071250445325,21.171059963658386,2.0,,,46.67,2.859
2024-12-31,137.0,1508.0,6.0,4.0,4.0,8.328267477203648,4.0,3.0,23.0,-3.2173342087984254,20.47306480920654,3.0,,,42.86,-1.296
2025-01-02,234.0,1404.0,13.0,6.0,2.0,14.285714285714285,3.0,10.0,6.0,-2.300884955752226,20.007171411265897,1.0,,,62.5,-5.396
2025-01-03,116.0,1527.0,8.0,7.0,6.0,7.060255629945223,11.0,8.0,89.0,-4.651162790697678,19.171847365233194,2.0,,,53.33,1.184
2025-01-06,668.0,947.0,37.0,6.0,15.0,41.36222910216718,19.0,5.0,15.0,-0.39471642425401804,19.027185230024212,2.0,,,45.45,2.412
2025-01-07,1490.0,150.0,12.0,19.0,1.0,90.85365853658537,6.0,4.0,0.0,2.92646619163885,19.610726392251816,3.0,,,17.39,4.734
2025-01-08,562.0,1055.0,35.0,13.0,0.0,34.75572047000618,2.0,7.0,3.0,-0.5743993237924845,19.606731234866828,4.0,,,35.0,6.183
2025-01-09,970.0,626.0,56.0,19.0,0.0,60.77694235588973,0.0,8.0,4.0,0.3178834938048509,19.74101089588378,5.0,,,29.63,5.109
2025-01-10,137.0,1506.0,9.0,3.0,8.0,8.338405356055995,10.0,10.0,26.0,-3.4146985153693343,19.159848668280873,2.0,,,76.92,-2.322
2025-01-13,1068.0,546.0,39.0,8.0,7.0,66.17100371747212,10.0,8.0,5.0,0.5309734513274222,19.228342407743497,3.0,,,50.0,3.294
2025-01-14,1645.0,5.0,2.0,24.0,0.0,99.69696969696969,0.0,13.0,1.0,5.170186224717099,20.247439467312347,4.0,,,35.14,6.763
2025-01-15,419.0,1199.0,33.0,12.0,0.0,25.89616810877627,2.0,7.0,6.0,-0.8507853403141298,20.100024227740764,5.0,,,36.84,2.999
2025-01-16,939.0,659.0,54.0,13.0,0.0,58.76095118898623,1.0,7.0,7.0,0.21715757009874193,20.20739104116223,6.0,,,35.0,1.55
2025-01-17,762.0,849.0,41.0,15.0,1.0,47.299813780260706,3.0,5.0,7.0,-0.09858128461762494,20.250127118644066,7.0,,,25.0,-1.586
2025-01-20,1272.0,349.0,31.0,17.0,0.0,78.470080197409,2.0,13.0,3.0,1.1530617552706655,20.522778450363194,3.0,,,43.33,5.341
2025-01-21,673.0,951.0,30.0,12.0,2.0,41.44088669950739,4.0,9.0,7.0,-0.34033934899710827,20.6289661426844,4.0,,,42.86,3.97
2025-01-22,296.0,1341.0,17.0,6.0,4.0,18.08185705558949,8.0,7.0,6.0,-1.1749120541479274,20.429062877871825,5.0,,,53.85,-2.361
2025-01-23,708.0,888.0,59.0,8.0,6.0,44.3609022556391,7.0,12.0,15.0,-0.151171579743005,20.368453172205438,5.0,,,60.0,-0.863
2025-01-24,1307.0,306.0,40.0,15.0,3.0,81.02913825170491,6.0,4.0,1.0,1.1965811965812014,20.716799758015732,2.0,,,21.05,1.779
2025-01-27,406.0,1220.0,26.0,8.0,7.0,24.969249692496927,8.0,10.0,18.0,-1.3947201880841726,20.30766949152542,2.0,,,55.56,0.782
2025-02-05,1276.0,356.0,20.0,15.0,7.0,78.18627450980392,12.0,10.0,12.0,1.601570755672499,20.554642857142856,3.0,,,40.0,8.118
2025-02-06,1529.0,107.0,17.0,18.0,0.0,93.45965770171149,1.0,8.0,2.0,2.171428571428566,21.180502117362373,4.0,,,30.77,4.029
2025-02-07,1196.0,416.0,41.0,13.0,0.0,74.19354838709677,0.0,13.0,0.0,0.8454106280193272,21.461712038717483,5.0,,,50.0,4.103
2025-02-10,1355.0,278.0,20.0,20.0,0.0,82.97611757501531,0.0,8.0,0.0,1.4835419564209564,21.83958862673926,6.0,,,28.57,3.613
2025-02-11,485.0,1140.0,29.0,13.0,0.0,29.846153846153843,1.0,6.0,6.0,-0.7677272934158419,21.761662636033858,7.0,,,31.58,3.193
2025-02-12,1126.0,468.0,60.0,13.0,0.0,70.63989962358845,0.0,6.0,5.0,0.4933231525225287,22.034492140266025,8.0,,,31.58,3.379
2025-02-13,297.0,1338.0,19.0,11.0,1.0,18.1651376146789,2.0,10.0,4.0,-1.6676599125943632,21.66426239419589,4.0,,,47.62,0.154
2025-02-14,871.0,742.0,41.0,18.0,1.0,53.998760074395534,2.0,10.0,7.0,0.127288602911395,21.808536880290205,5.0,,,35.71,5.366
2025-02-17,1239.0,396.0,21.0,20.0,1.0,75.77981651376146,4.0,23.0,8.0,1.0959599599377743,22.15910628019324,2.0,,,53.49,6.418
2025-02-18,194.0,1460.0,2.0,8.0,2.0,11.729141475211609,3.0,6.0,19.0,-3.02686346093403,21.543176328502415,2.0,,,42.86,0.973
2025-02-19,1547.0,92.0,17.0,25.0,0.0,94.38682123245881,0.0,11.0,0.0,2.184905056918467,22.23072463768116,2.0,,,30.56,3.369
2025-02-20,1140.0,487.0,29.0,24.0,0.0,70.06760909649662,1.0,7.0,7.0,0.8799359331794019,22.498272946859903,2.0,,,22.58,2.1
2025-02-21,1004.0,615.0,37.0,29.0,0.0,62.013588634959845,0.0,12.0,3.0,0.4237505523138239,22.907536231884055,3.0,,,29.27,5.003
2025-02-24,807.0,815.0,33.0,18.0,2.0,49.753390875462394,5.0,13.0,11.0,0.0,22.891220543806647,2.0,,,41.94,0.495
2025-02-25,547.0,1068.0,39.0,11.0,0.0,33.869969040247675,2.0,15.0,2.0,-0.6889001542394241,22.859522370012094,3.0,,,57.69,1.269
2025-02-26,1255.0,376.0,24.0,13.0,0.0,76.94665849172287,0.0,14.0,7.0,0.915063350539654,23.152839879154076,4.0,,,51.85,2.414
2025-02-27,544.0,1086.0,25.0,9.0,0.0,33.374233128834355,2.0,5.0,3.0,-0.728929384965832,23.015287009063446,5.0,,,35.71,3.996
2025-02-28,131.0,1521.0,3.0,6.0,6.0,7.929782082324454,8.0,5.0,42.0,-4.004252303330968,21.991570996978854,1.0,,,45.45,-3.648
2025-03-03,1068.0,556.0,30.0,10.0,3.0,65.76354679802957,3.0,7.0,12.0,0.6250000000000058,22.093948004836758,2.0,,,41.18,3.99
2025-03-04,1328.0,300.0,28.0,16.0,1.0,81.57248157248156,2.0,4.0,4.0,1.3933319749375956,22.44318236714976,3.0,,,20.0,0.045
2025-03-05,798.0,821.0,37.0,13.0,0.0,49.28968499073502,1.0,8.0,1.0,0.0,22.631298309178746,2.0,,,38.1,1.017
2025-03-06,1443.0,193.0,19.0,21.0,0.0,88.20293398533008,0.0,8.0,2.0,1.4916096954630107,23.148078549848943,1.0,,,27.59,2.056
2025-03-07,449.0,1183.0,23.0,11.0,0.0,27.512254901960787,1.0,10.0,12.0,-1.0247651579846369,23.011250755287012,2.0,,,47.62,0.7
2025-03-10,1008.0,617.0,29.0,10.0,0.0,62.03076923076923,1.0,5.0,8.0,0.48979151045971936,23.062636033857316,3.0,,,33.33,1.556
2025-03-11,770.0,841.0,43.0,8.0,0.0,47.796399751707014,0.0,6.0,0.0,-0.07701943749042375,23.134528415961306,4.0,,,42.86,1.668
2025-03-12,864.0,745.0,46.0,16.0,0.0,53.69794903666873,0.0,16.0,6.0,0.1179941002949827,23.29129909365559,3.0,,,50.0,-0.09
2025-03-13,362.0,1267.0,25.0,10.0,3.0,22.22222222222222,7.0,3.0,8.0,-1.4928817827221597,22.872321644498186,2.0,,,23.08,-0.984
2025-03-14,1382.0,248.0,24.0,23.0,0.0,84.78527607361963,2.0,11.0,2.0,1.607952088151793,23.310036275695285,3.0,,,32.35,6.786
2025-03-17,959.0,649.0,45.0,14.0,0.0,59.63930348258707,2.0,7.0,6.0,0.3006614552014475,23.41846339987901,4.0,,,33.33,2.794
2025-03-18,1012.0,597.0,45.0,12.0,2.0,62.89620882535737,3.0,12.0,3.0,0.31829856997629064,23.575187424425636,4.0,,,50.0,1.103
2025-03-19,436.0,1199.0,20.0,7.0,1.0,26.666666666666668,2.0,6.0,5.0,-0.8894536213468905,23.40780060422961,3.0,,,46.15,0.753
2025-03-20,606.0,1012.0,39.0,12.0,1.0,37.45364647713226,1.0,9.0,6.0,-0.4767827529021641,23.301056125528063,3.0,,,42.86,1.948
2025-03-21,269.0,1374.0,14.0,8.0,2.0,16.372489348752282,3.0,7.0,3.0,-2.1003500583430537,22.757507543753775,2.0,,,46.67,2.2
2025-03-24,306.0,1341.0,8.0,10.0,3.0,18.579234972677597,10.0,4.0,8.0,-2.46113989637305,22.439830815709968,3.0,,,28.57,2.12
2025-03-25,626.0,1006.0,27.0,10.0,7.0,38.3578431372549,9.0,2.0,23.0,-0.6045949214026474,22.219903556359252,3.0,,,16.67,3.156
2025-03-26,1217.0,413.0,29.0,18.0,1.0,74.66257668711657,5.0,4.0,3.0,0.9365244536940796,22.438185654008436,2.0,,,18.18,1.98
2025-03-27,552.0,1082.0,26.0,9.0,2.0,33.782129742962056,3.0,5.0,13.0,-0.6889464790871628,22.347126506024097,2.0,,,35.71,-2.821
2025-03-28,260.0,1379.0,24.0,5.0,3.0,15.863331299572911,3.0,9.0,15.0,-1.6289592760181129,22.01926638604931,1.0,,,64.29,3.482
2025-03-31,451.0,1196.0,17.0,4.0,4.0,27.383120825743777,10.0,8.0,12.0,-1.1579152842057114,21.904765625,1.0,,,66.67,-1.983
2025-04-01,1137.0,501.0,26.0,12.0,2.0,69.41391941391942,3.0,8.0,2.0,0.9071545119182736,22.088443509615384,2.0,,,40.0,3.939
2025-04-02,938.0,686.0,40.0,3.0,1.0,57.758620689655174,2.0,7.0,2.0,0.2135849128215938,22.181947115384617,2.0,,,70.0,0.181
2025-04-03,472.0,1155.0,38.0,10.0,5.0,29.010448678549476,9.0,5.0,9.0,-0.940438871473348,21.855135135135136,3.0,,,33.33,5.677
2025-04-07,26.0,1637.0,1.0,6.0,868.0,1.5634395670475045,1196.0,1.0,1191.0,-17.970951059589417,18.471099759615385,2.0,,,14.29,-0.015
2025-04-08,1325.0,333.0,4.0,30.0,36.0,79.91556091676719,94.0,13.0,5.0,3.0642914906999734,18.808856799037304,3.0,,,30.23,12.903
2025-04-09,1470.0,179.0,13.0,24.0,3.0,89.14493632504549,72.0,10.0,5.0,2.8133384809264976,19.341486161251503,2.0,,,29.41,3.363
2025-04-10,1563.0,85.0,13.0,29.0,0.0,94.84223300970875,1.0,18.0,3.0,2.7870680044593086,19.951456953642385,3.0,,,38.3,5.27
2025-04-11,1072.0,548.0,40.0,15.0,1.0,66.17283950617285,2.0,7.0,8.0,0.5526924580762862,20.187909638554217,1.0,,,31.82,-1.931
2025-04-14,1487.0,156.0,17.0,17.0,1.0,90.50517346317712,1.0,11.0,1.0,1.6467182388136858,20.544500000000003,2.0,,,39.29,3.813
2025-04-15,805.0,810.0,44.0,10.0,2.0,49.84520123839009,2.0,12.0,4.0,0.0,20.538951175406872,1.0,,,54.55,-0.635
2025-04-16,202.0,1450.0,7.0,8.0,1.0,12.227602905569007,3.0,0.0,3.0,-2.090483619344768,20.206491862567812,2.0,,,0.0,0.608
2025-04-17,907.0,702.0,50.0,13.0,0.0,56.37041640770665,0.0,4.0,3.0,0.2137665669089384,20.27039783001808,3.0,,,23.53,3.917
2025-04-18,742.0,852.0,67.0,14.0,2.0,46.5495608531995,2.0,3.0,7.0,-0.0694444444444429,20.219668874172186,4.0,,,17.65,-1.899
2025-04-21,1460.0,188.0,14.0,20.0,0.0,88.59223300970875,3.0,8.0,2.0,1.8189954436971112,20.65176895306859,5.0,,,28.57,2.005
2025-04-22,704.0,907.0,51.0,16.0,2.0,43.69956548727498,3.0,3.0,7.0,-0.23618375252137502,20.599975932611308,4.0,,,15.79,-0.8
2025-04-23,1199.0,420.0,42.0,11.0,2.0,74.0580605311921,2.0,14.0,7.0,1.0719754977029003,20.949379891631548,4.0,,,56.0,0.908
2025-04-24,412.0,1222.0,28.0,12.0,2.0,25.21419828641371,3.0,3.0,6.0,-1.3082592556935497,20.7317027677497,5.0,,,20.0,1.97
2025-04-25,832.0,787.0,42.0,9.0,6.0,51.38974675725757,8.0,3.0,8.0,0.0217108119843638,20.781860325105356,6.0,,,25.0,-0.301
2025-04-28,369.0,1274.0,21.0,9.0,6.0,22.45891661594644,10.0,5.0,9.0,-1.3092156246584963,20.573960336538462,2.0,,,35.71,-3.005
2025-04-29,1239.0,387.0,28.0,13.0,5.0,76.19926199261992,8.0,10.0,3.0,1.166426166426172,20.89951632406288,1.0,,,43.48,3.623
2025-04-30,1253.0,366.0,40.0,10.0,3.0,77.39345274861026,4.0,4.0,3.0,1.2201321809862655,21.147094635322482,2.0,,,28.57,1.607
2025-05-06,1589.0,68.0,5.0,17.0,1.0,95.89619794809897,1.0,3.0,0.0,3.0200537891183337,21.782105896510227,2.0,,,15.0,3.748
2025-05-07,958.0,644.0,61.0,16.0,0.0,59.80024968789014,0.0,10.0,3.0,0.2640612622128371,21.87817799158148,3.0,,,38.46,4.45
2025-05-08,1342.0,304.0,18.0,14.0,0.0,81.53098420413123,1.0,8.0,5.0,1.289458825648543,22.15998798076923,2.0,,,36.36,1.849
2025-05-09,267.0,1369.0,28.0,8.0,1.0,16.320293398533007,2.0,4.0,9.0,-1.5402523517647722,21.82965745192308,3.0,,,33.33,-0.469
2025-05-12,1390.0,236.0,38.0,14.0,0.0,85.48585485854858,1.0,7.0,2.0,1.357798923170056,22.295300480769228,4.0,,,33.33,1.209
2025-05-13,514.0,1095.0,56.0,13.0,0.0,31.94530764449969,0.0,9.0,2.0,-0.6224511697789359,22.21315915915916,5.0,,,40.91,1.438
2025-05-14,594.0,1021.0,50.0,9.0,0.0,36.78018575851393,0.0,13.0,0.0,-0.3921568627450897,22.201243243243244,3.0,,,59.09,3.07
2025-05-15,399.0,1241.0,25.0,11.0,2.0,24.329268292682926,4.0,3.0,6.0,-1.1820330969267303,21.91830630630631,3.0,,,21.43,0.652
2025-05-16,1041.0,570.0,54.0,12.0,1.0,64.61824953445065,1.0,14.0,4.0,0.3797468354430298,22.08763963963964,4.0,,,53.85,1.563
2025-05-19,1057.0,575.0,33.0,13.0,1.0,64.7671568627451,2.0,6.0,0.0,0.5547850208044388,22.207285285285284,3.0,,,31.58,5.606
2025-05-20,1280.0,366.0,21.0,15.0,1.0,77.76427703523694,3.0,13.0,9.0,0.9635237439779806,22.487990401919618,4.0,,,46.43,7.508
2025-05-21,387.0,1257.0,21.0,12.0,0.0,23.54014598540146,2.0,7.0,9.0,-1.0265183917878462,22.326882882882884,5.0,,,36.84,3.775
2025-05-22,252.0,1398.0,12.0,9.0,2.0,15.272727272727273,2.0,4.0,12.0,-1.557448051966473,21.996323706377858,3.0,,,30.77,-0.935
2025-05-23,352.0,1288.0,24.0,13.0,1.0,21.463414634146343,2.0,5.0,6.0,-1.3595173918623984,21.797902644230767,2.0,,,27.78,0.228
2025-05-26,1249.0,387.0,27.0,9.0,0.0,76.34474327628362,1.0,9.0,1.0,1.0694201161611474,21.996067348165965,2.0,,,50.0,1.215
2025-05-27,744.0,888.0,31.0,10.0,0.0,45.588235294117645,0.0,8.0,4.0,-0.2158661629789676,21.91704149128082,3.0,,,44.44,0.586
2025-05-28,481.0,1156.0,26.0,11.0,1.0,29.383017715332926,1.0,6.0,7.0,-0.7421150278293143,21.811226698737222,2.0,,,35.29,1.014
2025-05-29,1421.0,226.0,16.0,30.0,1.0,86.27808136004857,1.0,4.0,0.0,1.7023234414538808,22.235291641611546,3.0,,,11.76,5.08
2025-05-30,303.0,1342.0,16.0,12.0,3.0,18.419452887537993,3.0,6.0,13.0,-1.8045774647887327,21.900927152317884,4.0,,,33.33,0.968
2025-06-03,1083.0,532.0,47.0,17.0,1.0,67.05882352941175,1.0,11.0,3.0,0.5096845255413667,22.10749097472924,2.0,,,39.29,4.211
2025-06-04,1243.0,384.0,37.0,17.0,1.0,76.39827904118009,2.0,12.0,10.0,0.8071291957939692,22.36256610576923,2.0,,,41.38,2.444
2025-06-05,977.0,648.0,37.0,14.0,0.0,60.12307692307692,1.0,8.0,5.0,0.45651131900182,22.56412755716005,3.0,,,36.36,2.215
2025-06-06,736.0,891.0,39.0,9.0,0.0,45.236631837738166,1.0,6.0,7.0,-0.18975759097876885,22.614039615846337,4.0,,,40.0,0.389
2025-06-09,1371.0,271.0,21.0,19.0,0.0,83.49573690621193,1.0,9.0,1.0,1.1682242990654164,22.979615153337342,5.0,,,32.14,6.784
2025-06-10,379.0,1271.0,16.0,11.0,0.0,22.96969696969697,1.0,7.0,4.0,-1.2980013581572671,22.762551020408164,6.0,,,38.89,3.195
2025-06-11,1034.0,578.0,55.0,15.0,1.0,64.1439205955335,2.0,8.0,9.0,0.3469812630118023,22.920725854829033,6.0,,,34.78,2.595
2025-06-12,865.0,756.0,47.0,21.0,0.0,53.36212214682294,1.0,4.0,2.0,0.10612895414125145,23.080377697841726,7.0,,,16.0,4.404
2025-06-13,218.0,1433.0,15.0,17.0,2.0,13.204118715929738,2.0,2.0,12.0,-2.418363453089845,22.64001800720288,3.0,,,10.53,-3.708
2025-06-16,1257.0,381.0,29.0,17.0,0.0,76.73992673992674,0.0,7.0,1.0,0.8784773060029443,22.88727654469106,4.0,,,29.17,7.206
2025-06-17,635.0,976.0,57.0,10.0,0.0,39.416511483550586,2.0,9.0,11.0,-0.3344481605351247,22.79597122302158,3.0,,,47.37,1.638
2025-06-18,666.0,967.0,35.0,8.0,1.0,40.78383343539498,3.0,7.0,7.0,-0.39565135718981903,22.814376498800957,4.0,,,46.67,-1.483
2025-06-19,227.0,1432.0,9.0,7.0,3.0,13.682941531042797,3.0,2.0,13.0,-2.1513641285033036,22.407805755395685,2.0,,,22.22,7.209
2025-06-20,404.0,1226.0,38.0,13.0,4.0,24.785276073619634,5.0,4.0,6.0,-0.8849557522123863,22.16879496402878,2.0,,,23.53,1.14
2025-06-23,1448.0,203.0,15.0,18.0,0.0,87.70442156268928,1.0,3.0,2.0,1.6885637466391548,22.5568487394958,2.0,,,14.29,1.947
2025-06-24,1481.0,175.0,12.0,15.0,4.0,89.43236714975845,6.0,5.0,3.0,2.183724313777009,23.085965227817745,3.0,,,25.0,2.53
2025-06-25,1192.0,420.0,56.0,21.0,1.0,73.94540942928039,2.0,6.0,3.0,0.563760989555667,23.394214628297362,4.0,,,22.22,6.468
2025-06-26,521.0,1117.0,31.0,18.0,1.0,31.807081807081804,2.0,7.0,9.0,-0.6081668114682909,23.319418813660874,4.0,,,28.0,4.216
2025-06-27,1064.0,555.0,51.0,13.0,0.0,65.7195799876467,1.0,10.0,8.0,0.3894843030620221,23.483778443113774,2.0,,,43.48,-0.188
2025-06-30,1429.0,215.0,24.0,15.0,2.0,86.92214111922141,4.0,10.0,0.0,1.2027000964320114,23.933836930455634,3.0,,,40.0,6.939
2025-07-01,718.0,921.0,29.0,16.0,3.0,43.8071995118975,6.0,10.0,11.0,-0.20715229590814782,23.939808153477216,1.0,,,38.46,0.599
2025-07-02,431.0,1199.0,38.0,9.0,1.0,26.44171779141104,1.0,7.0,8.0,-0.9824529370625941,23.62029376498801,2.0,,,43.75,0.446
2025-07-03,1129.0,499.0,41.0,9.0,0.0,69.34889434889435,0.0,7.0,5.0,0.4495504495504488,23.8134391851408,1.0,,,43.75,0.012
2025-07-04,293.0,1365.0,11.0,11.0,1.0,17.671893848009653,2.0,4.0,5.0,-1.3458950201884206,23.56636309167166,2.0,,,26.67,2.605
2025-07-07,1020.0,613.0,36.0,16.0,0.0,62.46172688303735,2.0,3.0,2.0,0.402221796590693,23.696644697423604,3.0,,,15.79,3.392
2025-07-08,1385.0,257.0,27.0,10.0,1.0,84.3483556638246,1.0,6.0,3.0,1.1310084825636175,24.07826842420611,2.0,,,37.5,2.991
2025-07-09,576.0,1048.0,45.0,8.0,1.0,35.467980295566505,1.0,7.0,2.0,-0.4608294930875595,24.046321150389453,3.0,,,46.67,3.365
2025-07-10,716.0,900.0,52.0,3.0,0.0,44.306930693069305,1.0,9.0,13.0,-0.17699170488434074,23.944580335731413,2.0,,,75.0,1.985
2025-07-11,871.0,742.0,57.0,12.0,1.0,53.998760074395534,1.0,8.0,3.0,0.09836806247568705,24.12719161676647,1.0,,,40.0,-1.612
2025-07-14,1034.0,602.0,32.0,12.0,2.0,63.20293398533008,4.0,11.0,4.0,0.41648627962292273,24.245119904076738,2.0,,,47.83,4.601
2025-07-15,434.0,1226.0,9.0,10.0,1.0,26.144578313253014,3.0,5.0,2.0,-1.0121457489878567,24.210605152786098,2.0,,,33.33,0.546
2025-07-16,1046.0,584.0,39.0,11.0,0.0,64.1717791411043,1.0,9.0,1.0,0.3947368421052665,24.345314559616536,2.0,,,45.0,2.757
2025-07-17,1234.0,384.0,52.0,8.0,1.0,76.26699629171817,1.0,7.0,4.0,0.7199580450071006,24.65334131736527,2.0,,,46.67,1.561
2025-07-18,747.0,882.0,40.0,7.0,0.0,45.85635359116022,0.0,3.0,2.0,-0.1428571428571398,24.695620131815456,1.0,,,30.0,-0.267
2025-07-21,1164.0,475.0,30.0,21.0,0.0,71.01891397193411,0.0,3.0,0.0,0.7142857142857202,24.986524865188738,2.0,,,12.5,-0.546
2025-07-22,582.0,1052.0,35.0,18.0,1.0,35.618115055079556,1.0,5.0,2.0,-0.515843773028742,24.960425404433792,2.0,,,21.74,9.648
2025-07-23,361.0,1290.0,19.0,12.0,0.0,21.865536038764386,0.0,11.0,16.0,-1.0279688164118077,24.813389221556886,3.0,,,47.83,1.441
2025-07-24,1351.0,297.0,23.0,17.0,0.0,81.97815533980582,3.0,5.0,0.0,0.953320184089412,25.143339317773787,4.0,,,22.73,4.49
2025-07-25,922.0,715.0,36.0,16.0,5.0,56.32254123396457,5.0,3.0,9.0,0.2538071065989906,25.24513448894202,3.0,,,15.79,-1.441
2025-07-28,1061.0,567.0,46.0,11.0,1.0,65.17199017199017,2.0,3.0,4.0,0.43883721378089485,25.495244922341698,2.0,,,21.43,0.933
2025-07-29,708.0,927.0,38.0,9.0,1.0,43.30275229357798,1.0,7.0,6.0,-0.1968503937007832,25.62307830245069,2.0,,,43.75,1.556
2025-07-30,453.0,1193.0,26.0,8.0,0.0,27.52126366950182,2.0,5.0,4.0,-0.929824715065559,25.40128588516746,3.0,,,38.46,4.919
2025-07-31,407.0,1238.0,25.0,12.0,1.0,24.74164133738602,2.0,12.0,5.0,-1.1924895252178924,25.29474251497006,2.0,,,50.0,1.276
2025-08-01,1076.0,556.0,39.0,13.0,1.0,65.93137254901961,1.0,9.0,10.0,0.5540166204986154,25.35849192100539,2.0,,,40.91,5.722
2025-08-04,1324.0,315.0,31.0,14.0,0.0,80.78096400244051,0.0,5.0,1.0,1.0255490457726766,25.790616766467068,3.0,,,26.32,5.444
2025-08-05,1216.0,424.0,31.0,12.0,0.0,74.14634146341463,1.0,10.0,6.0,0.7502679528403031,26.075212447636147,4.0,,,45.45,4.597
2025-08-06,1112.0,521.0,39.0,17.0,0.0,68.09552969993877,0.0,10.0,6.0,0.5803410266584297,26.40921650717703,2.0,,,37.04,1.413
2025-08-07,646.0,980.0,47.0,14.0,2.0,39.72939729397294,3.0,6.0,9.0,-0.3452740612861538,26.44997609085475,3.0,,,30.0,3.674
2025-08-08,649.0,991.0,33.0,12.0,1.0,39.57317073170732,2.0,8.0,10.0,-0.4562737642585588,26.275570830842796,1.0,,,40.0,-1.111
2025-08-11,1414.0,235.0,25.0,22.0,1.0,85.74893875075803,1.0,9.0,0.0,1.3970254617273439,26.79728793309439,2.0,,,29.03,4.499
2025-08-12,629.0,1011.0,35.0,7.0,1.0,38.353658536585364,1.0,6.0,3.0,-0.4084411164057094,26.90262089552239,3.0,,,46.15,0.364
2025-08-13,879.0,750.0,45.0,21.0,0.0,53.95948434622467,1.0,10.0,1.0,0.10966230742961895,27.265967741935487,4.0,,,32.26,8.612
2025-08-14,228.0,1444.0,3.0,5.0,1.0,13.636363636363635,3.0,6.0,13.0,-2.405602923264331,26.725480597014926,2.0,,,54.55,-1.456
2025-08-15,1485.0,172.0,18.0,19.0,0.0,89.6197948098974,1.0,11.0,2.0,1.5685266135253264,27.373719402985078,3.0,,,36.67,7.346
2025-08-18,1363.0,285.0,26.0,25.0,0.0,82.70631067961165,0.0,21.0,3.0,1.375708670292862,28.083309438470728,4.0,,,45.65,8.384
2025-08-19,936.0,712.0,26.0,15.0,0.0,56.79611650485437,0.0,13.0,5.0,0.31562344346671123,28.16931899641577,3.0,,,46.43,4.879
2025-08-20,955.0,681.0,36.0,16.0,2.0,58.374083129584356,6.0,6.0,8.0,0.27065826843528196,28.252075358851677,1.0,,,27.27,-2.247
2025-08-21,584.0,1068.0,22.0,6.0,2.0,35.351089588377725,5.0,11.0,13.0,-0.6218493460560424,27.980244922341697,2.0,,,64.71,-1.596
2025-08-22,882.0,747.0,44.0,10.0,0.0,54.14364640883977,1.0,5.0,0.0,0.1366120218579205,28.347280334728033,2.0,,,33.33,1.092
2025-08-25,1010.0,627.0,36.0,15.0,1.0,61.69822846670739,1.0,8.0,4.0,0.4221190375685854,28.84409444112373,2.0,,,34.78,4.138
2025-08-26,874.0,786.0,15.0,9.0,0.0,52.65060240963856,0.0,4.0,9.0,0.1142857142857118,28.73598805970149,2.0,,,30.77,-0.44
2025-08-27,198.0,1475.0,3.0,9.0,2.0,11.835026897788405,3.0,8.0,17.0,-3.2164299557035663,28.10189737470167,1.0,,,47.06,-1.848
2025-08-28,872.0,776.0,28.0,14.0,0.0,52.9126213592233,0.0,12.0,1.0,0.13730241144571065,28.522356801909307,2.0,,,46.15,5.498
2025-08-29,558.0,1102.0,15.0,12.0,0.0,33.6144578313253,0.0,5.0,6.0,-0.9456264775413652,28.52089552238806,1.0,,,29.41,4.025
2025-09-01,1048.0,608.0,19.0,13.0,1.0,63.28502415458937,2.0,5.0,3.0,0.600000000000005,28.809080597014926,1.0,,,27.78,1.097
2025-09-02,274.0,1389.0,12.0,3.0,7.0,16.476247745039085,10.0,10.0,31.0,-2.13592233009709,28.054029850746268,2.0,,,76.92,0.412
2025-09-03,224.0,1447.0,4.0,8.0,4.0,13.405146618791141,5.0,2.0,19.0,-2.5974025974025974,27.540997014925374,3.0,,,20.0,8.253
2025-09-04,650.0,1005.0,20.0,7.0,1.0,39.274924471299094,7.0,4.0,30.0,-0.686498855835246,26.911707462686568,1.0,,,36.36,-1.211
2025-09-05,1592.0,75.0,9.0,21.0,1.0,95.50089982003598,3.0,4.0,1.0,2.179161762734087,27.874415274463004,2.0,,,16.0,2.128
2025-09-08,1256.0,391.0,28.0,8.0,0.0,76.25986642380084,1.0,7.0,3.0,1.1034482758620698,28.156274626865674,3.0,,,46.67,3.451
2025-09-09,284.0,1368.0,22.0,8.0,0.0,17.191283292978206,0.0,4.0,1.0,-1.6405520562705989,27.74563918757467,4.0,,,33.33,2.357
2025-09-10,832.0,788.0,54.0,5.0,0.0,51.358024691358025,1.0,7.0,3.0,0.0,27.88230585424134,1.0,,,58.33,0.646
2025-09-11,1390.0,268.0,18.0,16.0,0.0,83.83594692400482,0.0,3.0,1.0,1.2994790865171733,28.600698090692124,2.0,,,15.79,3.299
2025-09-12,529.0,1123.0,24.0,8.0,0.0,32.02179176755448,2.0,4.0,2.0,-0.6827894327894326,28.517404534606204,3.0,,,33.33,3.791
2025-09-15,594.0,1060.0,20.0,12.0,0.0,35.91293833131802,0.0,7.0,4.0,-0.5644578604251484,28.535185185185185,1.0,,,36.84,-1.412
2025-09-16,1273.0,377.0,24.0,8.0,0.0,77.15151515151516,0.0,4.0,0.0,1.1624912629216864,29.00053166069295,2.0,,,33.33,3.504
2025-09-17,776.0,877.0,21.0,5.0,0.0,46.94494857834241,0.0,9.0,2.0,-0.11310133453177905,29.22609916367981,1.0,,,64.29,3.783
2025-09-18,274.0,1389.0,11.0,10.0,0.0,16.476247745039085,0.0,8.0,8.0,-2.117286899895599,28.83014336917563,2.0,,,44.44,2.309
2025-09-19,471.0,1184.0,19.0,6.0,3.0,28.459214501510573,4.0,4.0,4.0,-1.0113197038495843,28.621344086021505,1.0,,,40.0,-5.856
2025-09-22,801.0,839.0,33.0,16.0,1.0,48.84146341463415,1.0,3.0,3.0,-0.0299940011997753,28.877489539748954,1.0,,,15.79,0.817
2025-09-23,305.0,1356.0,13.0,7.0,2.0,18.36243226971704,2.0,2.0,5.0,-1.7897272573819092,28.584988052568697,2.0,,,22.22,3.889
2025-09-24,1392.0,265.0,17.0,10.0,0.0,84.007242003621,2.0,8.0,4.0,1.3737076598595133,29.00548387096774,3.0,,,44.44,6.846
2025-09-25,477.0,1185.0,12.0,4.0,1.0,28.700361010830328,2.0,6.0,3.0,-0.9306059422736099,28.96231780167264,1.0,,,60.0,1.609
2025-09-26,432.0,1202.0,42.0,7.0,1.0,26.438188494492042,2.0,1.0,9.0,-1.202059008374127,28.379295942720763,1.0,,,12.5,-2.48
2025-09-29,1131.0,498.0,48.0,12.0,2.0,69.42909760589319,3.0,4.0,2.0,0.6604623236265351,28.732677400119258,2.0,,,25.0,1.853
2025-09-30,803.0,835.0,39.0,10.0,1.0,49.02319902319902,2.0,5.0,5.0,0.0,28.822397137745977,3.0,,,33.33,3.289
2025-10-09,917.0,732.0,30.0,17.0,2.0,55.609460278956945,3.0,11.0,6.0,0.2376425855513341,29.05030970815962,4.0,,,39.29,2.525
2025-10-10,722.0,932.0,26.0,10.0,1.0,43.65175332527207,5.0,9.0,11.0,-0.4068785929448656,28.567422619047615,2.0,,,47.37,1.005
2025-10-13,528.0,1129.0,23.0,12.0,0.0,31.864815932407964,4.0,5.0,1.0,-0.8278313420389299,28.431244047619046,2.0,,,29.41,1.739
2025-10-14,362.0,1299.0,20.0,6.0,0.0,21.794099939795302,0.0,8.0,33.0,-1.5340909090909267,27.757781082688876,2.0,,,57.14,4.536
2025-10-15,1413.0,249.0,19.0,16.0,0.0,85.01805054151625,0.0,4.0,5.0,1.351922264469779,28.26992266508031,2.0,,,20.0,-2.129
2025-10-16,337.0,1329.0,15.0,8.0,1.0,20.228091236494596,2.0,8.0,5.0,-1.4637002341920375,28.01541939321832,3.0,,,50.0,3.182
2025-10-17,172.0,1501.0,8.0,6.0,6.0,10.280932456664674,7.0,5.0,18.0,-2.526383114806521,27.215722784057107,2.0,,,45.45,0.546
2025-10-20,1374.0,292.0,15.0,15.0,2.0,82.47298919567827,5.0,3.0,4.0,1.5037593984962307,27.623063652587746,2.0,,,16.67,0.779
2025-10-21,1440.0,225.0,15.0,11.0,0.0,86.48648648648648,0.0,8.0,0.0,1.3868556981935298,28.14677380952381,3.0,,,42.11,1.881
2025-10-22,681.0,944.0,55.0,7.0,1.0,41.90769230769231,2.0,7.0,7.0,-0.27268063465627773,28.052255952380953,2.0,,,50.0,0.274
2025-10-23,923.0,726.0,31.0,12.0,0.0,55.97331716191631,1.0,8.0,4.0,0.17905117304966878,28.03054761904762,3.0,,,40.0,0.147
2025-10-24,1115.0,531.0,34.0,8.0,0.0,67.73997569866343,0.0,4.0,4.0,0.6906876822725427,28.551363095238095,4.0,,,33.33,-2.788
2025-10-27,1086.0,543.0,49.0,8.0,1.0,66.66666666666666,2.0,7.0,3.0,0.5308180222449972,28.997026221692494,5.0,,,46.67,3.277
2025-10-28,834.0,802.0,41.0,7.0,0.0,50.97799511002445,2.0,6.0,3.0,0.0,28.99763864042934,2.0,,,46.15,3.516
2025-10-29,699.0,949.0,29.0,6.0,1.0,42.41504854368932,1.0,4.0,6.0,-0.3734129947722234,29.170280262373286,2.0,,,40.0,-1.269
2025-10-30,320.0,1335.0,22.0,11.0,1.0,19.335347432024168,2.0,3.0,7.0,-1.488095238095238,28.660143112701252,3.0,,,21.43,1.578
2025-10-31,1299.0,360.0,17.0,11.0,2.0,78.30018083182641,2.0,5.0,2.0,1.1422850249851488,28.77445704057279,4.0,,,31.25,3.668
2025-11-03,1155.0,508.0,15.0,7.0,2.0,69.45279615153336,3.0,7.0,3.0,0.6820919401203489,28.937818831942792,1.0,,,50.0,0.884
2025-11-04,475.0,1168.0,36.0,7.0,2.0,28.910529519172247,2.0,4.0,6.0,-0.951374207188178,28.522703990470518,2.0,,,36.36,4.281
2025-11-05,1002.0,636.0,39.0,9.0,0.0,61.172161172161175,0.0,2.0,1.0,0.3437537914021087,28.65401311866428,3.0,,,18.18,4.051
2025-11-06,867.0,773.0,37.0,5.0,0.0,52.86585365853659,0.0,9.0,6.0,0.0714285714285699,28.918288610614194,1.0,,,64.29,0.828
2025-11-07,579.0,1069.0,30.0,11.0,1.0,35.133495145631066,1.0,6.0,5.0,-0.5995273455941523,28.705584028605482,2.0,,,35.29,5.354
2025-11-10,987.0,668.0,23.0,8.0,1.0,59.63746223564955,1.0,8.0,3.0,0.3904232366880026,28.743045292014305,3.0,,,50.0,5.309
2025-11-11,848.0,794.0,36.0,10.0,0.0,51.64433617539586,1.0,6.0,4.0,0.0417559196181624,28.721436233611442,2.0,,,37.5,6.471
2025-11-12,545.0,1104.0,30.0,9.0,1.0,33.05033353547604,1.0,8.0,5.0,-0.7434944237918177,28.587033948779034,1.0,,,47.06,1.2
2025-11-13,1200.0,450.0,29.0,17.0,0.0,72.72727272727273,0.0,13.0,2.0,0.6045340050377704,28.941828469326982,2.0,,,43.33,6.154
2025-11-14,627.0,1019.0,32.0,18.0,2.0,38.09234507897934,2.0,7.0,7.0,-0.4858722289671328,28.638730631704412,3.0,,,28.0,0.03
2025-11-17,955.0,694.0,29.0,19.0,2.0,57.91388720436629,3.0,4.0,3.0,0.31562536800427643,28.75255661501788,4.0,,,17.39,0.38
2025-11-18,484.0,1170.0,23.0,9.0,6.0,29.262394195888753,6.0,3.0,14.0,-0.9514271407110552,28.46205128205128,5.0,,,25.0,-1.355
2025-11-19,327.0,1337.0,14.0,9.0,1.0,19.651442307692307,3.0,7.0,7.0,-1.73178227622149,28.130482717520856,6.0,,,43.75,4.066
2025-11-20,453.0,1193.0,33.0,6.0,2.0,27.52126366950182,3.0,11.0,11.0,-0.7992007992007999,27.872162001191185,3.0,,,64.71,-2.166
2025-11-21,129.0,1544.0,7.0,2.0,12.0,7.710699342498506,17.0,3.0,31.0,-4.119224056612968,26.76473214285714,1.0,,,60.0,-7.026
2025-11-24,1446.0,213.0,20.0,9.0,2.0,87.16094032549728,6.0,4.0,6.0,1.8840579710144911,27.24861822513401,1.0,,,30.77,4.958
2025-11-25,1390.0,265.0,24.0,17.0,0.0,83.98791540785498,0.0,9.0,0.0,1.0995052226498037,27.717045860631327,2.0,,,34.62,2.08
2025-11-26,510.0,1145.0,23.0,8.0,1.0,30.815709969788518,2.0,4.0,5.0,-0.8194941681381047,27.724940405244336,3.0,,,33.33,0.682
2025-11-27,988.0,649.0,41.0,16.0,0.0,60.354306658521686,0.0,9.0,6.0,0.3281999268472846,27.838611442193088,4.0,,,36.0,-0.63
2025-11-28,1289.0,358.0,30.0,12.0,0.0,78.26350941105039,3.0,9.0,4.0,0.9689922480620154,28.152248062015502,5.0,,,42.86,0.519
2025-12-01,1030.0,617.0,30.0,21.0,0.0,62.537947783849425,0.0,6.0,6.0,0.4061738424045404,28.325062611806796,6.0,,,22.22,2.46
2025-12-02,390.0,1256.0,31.0,8.0,1.0,23.693803159173754,1.0,5.0,5.0,-1.0038610038609963,28.039982110912344,7.0,,,38.46,1.99
2025-12-03,336.0,1320.0,24.0,4.0,3.0,20.28985507246377,4.0,14.0,10.0,-1.2639116715529686,27.73575,1.0,,,77.78,-1.334
2025-12-04,429.0,1230.0,19.0,8.0,1.0,25.85895117540687,4.0,4.0,4.0,-1.1107864147022515,27.622866507747318,1.0,,,33.33,2.883
2025-12-05,1389.0,270.0,17.0,15.0,0.0,83.7251356238698,1.0,7.0,1.0,1.3879257204499946,28.10121718377088,2.0,,,31.82,0.509
2025-12-08,1214.0,422.0,41.0,13.0,0.0,74.20537897310513,0.0,10.0,2.0,0.7859575582918447,28.60985688729875,2.0,,,43.48,7.834
2025-12-09,426.0,1229.0,20.0,10.0,1.0,25.74018126888217,1.0,6.0,1.0,-0.9562841530054684,28.58103880597015,3.0,,,37.5,2.01
2025-12-10,645.0,997.0,32.0,5.0,0.0,39.281364190012184,0.0,4.0,4.0,-0.4174121937412722,28.62045997610514,3.0,,,44.44,1.689
2025-12-11,208.0,1463.0,4.0,3.0,4.0,12.447636146020347,4.0,1.0,6.0,-2.0471740097908206,28.104859701492536,3.0,,,25.0,-1.032
2025-12-12,814.0,816.0,45.0,13.0,2.0,49.938650306748464,2.0,4.0,4.0,0.0,28.325271641791044,2.0,,,23.53,1.748
2025-12-15,610.0,1031.0,36.0,4.0,5.0,37.17245581962218,6.0,6.0,2.0,-0.5562422744128546,28.03500298151461,1.0,,,60.0,0.805
2025-12-16,285.0,1382.0,10.0,6.0,2.0,17.096580683863227,3.0,5.0,4.0,-1.9386106623586443,27.56375670840787,2.0,,,45.45,2.528
2025-12-17,1125.0,512.0,40.0,16.0,2.0,68.72327428222358,2.0,3.0,5.0,0.6172839506172865,28.032170542635658,3.0,,,15.79,0.715
2025-12-18,903.0,731.0,44.0,13.0,3.0,55.26315789473685,4.0,5.0,4.0,0.1864227907871076,27.954982121573302,4.0,,,27.78,2.682
2025-12-19,1380.0,283.0,15.0,11.0,0.0,82.98256163559832,1.0,6.0,1.0,1.2164644021591742,28.23761620977354,3.0,,,35.29,5.175
2025-12-22,953.0,677.0,45.0,14.0,1.0,58.46625766871165,1.0,8.0,3.0,0.2221516978736805,28.588656716417912,4.0,,,36.36,2.408
2025-12-23,492.0,1165.0,18.0,15.0,3.0,29.692214846107422,5.0,6.0,12.0,-0.7679180887372001,28.60913432835821,5.0,,,28.57,2.056
2025-12-24,1381.0,269.0,28.0,17.0,1.0,83.69696969696969,3.0,8.0,1.0,1.156918566360026,29.090917759237186,6.0,,,32.0,3.897
2025-12-25,1217.0,422.0,39.0,17.0,0.0,74.25259304453935,0.0,8.0,2.0,0.6976781918777322,29.393724672228842,7.0,,,32.0,3.714
2025-12-26,482.0,1169.0,27.0,20.0,1.0,29.19442761962447,1.0,7.0,5.0,-0.7458862506183677,29.301871275327773,8.0,,,25.93,2.335
2025-12-29,726.0,921.0,33.0,8.0,2.0,44.080145719489984,4.0,8.0,4.0,-0.21464999150500252,29.373970238095236,9.0,,,50.0,-2.114
2025-12-30,590.0,1044.0,47.0,7.0,3.0,36.1077111383109,4.0,9.0,5.0,-0.4968172643999273,29.352337894110647,10.0,,,56.25,3.444
2025-12-31,815.0,820.0,47.0,12.0,2.0,49.84709480122324,2.0,6.0,4.0,0.0,29.323852556480382,6.0,,,33.33,4.882
2026-01-05,1346.0,319.0,17.0,31.0,0.0,80.84084084084084,1.0,11.0,1.0,1.5582576064162517,30.087122473246136,7.0,,,26.19,8.104
2026-01-06,1136.0,494.0,52.0,28.0,0.0,69.69325153374233,0.0,6.0,3.0,0.5571030640668528,30.38090368608799,8.0,,,17.65,6.861
2026-01-07,682.0,976.0,24.0,18.0,1.0,41.133896260554884,1.0,8.0,8.0,-0.4098470797925641,30.56190249702735,9.0,,,30.77,0.885
2026-01-08,1261.0,406.0,15.0,23.0,1.0,75.64487102579484,1.0,10.0,1.0,1.017027512008593,30.822080856123662,10.0,,,30.3,3.732
2026-01-09,1274.0,378.0,30.0,22.0,0.0,77.11864406779661,0.0,12.0,3.0,0.9137071952150588,31.271498216409036,11.0,,,35.29,2.621
2026-01-12,1367.0,290.0,26.0,44.0,1.0,82.49849124924562,2.0,24.0,5.0,1.7859052507753197,32.0631550802139,12.0,,,35.29,7.505
2026-01-13,490.0,1171.0,18.0,16.0,5.0,29.50030102347983,9.0,26.0,43.0,-1.5200233849751623,31.55677188802859,13.0,,,61.9,2.555
2026-01-14,981.0,668.0,31.0,19.0,3.0,59.490600363856885,6.0,13.0,7.0,0.43041961280760305,31.87334523809524,5.0,,,40.62,7.605
2026-01-15,649.0,1009.0,21.0,10.0,12.0,39.14354644149578,17.0,6.0,18.0,-0.5770816158285267,31.74684931506849,2.0,,,37.5,-6.027
2026-01-16,812.0,845.0,24.0,10.0,8.0,49.00422450211225,9.0,12.0,27.0,-0.0527148128624038,31.936692444973232,2.0,,,54.55,-1.013
2026-01-19,995.0,667.0,20.0,8.0,4.0,59.8676293622142,7.0,8.0,4.0,0.5418234294138753,32.047217598097504,14.0,,,50.0,3.942
2026-01-20,488.0,1167.0,29.0,9.0,2.0,29.48640483383686,3.0,3.0,16.0,-1.0515672826395615,31.571692399049883,15.0,,,25.0,4.182
2026-01-21,1082.0,564.0,36.0,18.0,0.0,65.73511543134872,0.0,8.0,5.0,0.5813953488372087,32.065743162901306,16.0,,,30.77,3.238
2026-01-22,1048.0,608.0,27.0,16.0,0.0,63.28502415458937,0.0,3.0,0.0,0.5426356589147309,32.272644087938204,17.0,,,15.79,1.463
2026-01-23,1264.0,392.0,27.0,26.0,0.0,76.32850241545893,0.0,9.0,1.0,1.1264080100125138,32.791146761735,18.0,,,25.71,1.835
2026-01-26,419.0,1242.0,20.0,13.0,1.0,25.22576760987357,4.0,16.0,25.0,-1.7039403620873286,32.22920880428317,5.0,,,55.17,0.542
2026-01-27,640.0,1017.0,24.0,9.0,0.0,38.62401931200966,8.0,7.0,2.0,-0.4887585532746892,32.41729327781083,3.0,,,43.75,4.137
2026-01-28,360.0,1309.0,12.0,11.0,1.0,21.569802276812464,3.0,6.0,7.0,-1.6661112962345883,32.071719214753124,4.0,,,35.29,1.796
2026-01-29,450.0,1211.0,20.0,11.0,5.0,27.092113184828413,6.0,7.0,14.0,-1.2836185819070958,31.563027959547888,2.0,,,38.89,4.233
2026-01-30,840.0,815.0,25.0,6.0,6.0,50.755287009063444,8.0,6.0,9.0,0.0109409190371969,31.58978571428571,2.0,,,50.0,-3.602
2026-02-02,273.0,1399.0,11.0,5.0,6.0,16.32775119617225,12.0,9.0,10.0,-1.9240769630785284,30.793885918003564,2.0,,,64.29,-0.377
2026-02-03,1578.0,92.0,13.0,14.0,1.0,94.49101796407186,1.0,6.0,0.0,2.148944053353093,31.77884135472371,3.0,,,30.0,7.791
2026-02-04,854.0,799.0,31.0,14.0,1.0,51.66364186327888,3.0,2.0,7.0,0.04732326919171405,31.638087885985748,4.0,,,12.5,5.273
2026-02-05,467.0,1188.0,28.0,12.0,5.0,28.21752265861027,6.0,4.0,4.0,-0.953757225433521,31.205098039215688,4.0,,,25.0,1.823
2026-02-06,937.0,713.0,33.0,14.0,1.0,56.78787878787879,4.0,8.0,4.0,0.2032520325203136,31.29093879976233,3.0,,,36.36,2.882
2026-02-09,1459.0,201.0,22.0,12.0,0.0,87.89156626506023,0.0,7.0,0.0,1.6112647098783852,32.086123662306775,4.0,,,36.84,3.168
2026-02-10,751.0,899.0,33.0,13.0,1.0,45.515151515151516,2.0,2.0,3.0,-0.1489203276247176,32.02723707664884,2.0,,,13.33,5.865
2026-02-11,577.0,1070.0,35.0,7.0,3.0,35.03339404978749,4.0,3.0,5.0,-0.4611194445303498,31.83566587395957,2.0,,,30.0,-1.044
2026-02-12,748.0,912.0,23.0,11.0,5.0,45.06024096385542,5.0,9.0,3.0,-0.2512036843207129,32.10425430778372,2.0,,,45.0,2.905
2026-02-13,541.0,1120.0,22.0,5.0,4.0,32.570740517760385,6.0,2.0,5.0,-0.5688282138793963,31.846137849079028,3.0,,,28.57,-0.778
2026-02-24,1187.0,483.0,14.0,15.0,3.0,71.07784431137725,7.0,7.0,6.0,1.103486345777096,32.15431710213777,1.0,,,31.82,-2.8
2026-02-25,1091.0,556.0,36.0,13.0,1.0,66.24165148755313,2.0,5.0,2.0,0.5357142857142806,32.43687462863934,2.0,,,27.78,4.122
2026-02-26,853.0,807.0,22.0,10.0,1.0,51.385542168674704,2.0,5.0,4.0,0.0614075044985649,32.75769322235434,1.0,,,33.33,-0.103
2026-02-27,988.0,665.0,31.0,12.0,0.0,59.77011494252874,0.0,1.0,1.0,0.31500103907071586,32.88103325415677,2.0,,,7.69,-0.244
2026-03-02,252.0,1422.0,10.0,16.0,2.0,15.053763440860216,3.0,10.0,7.0,-3.1152647975077903,32.342369358669835,3.0,,,38.46,2.158
2026-03-03,138.0,1540.0,5.0,13.0,5.0,8.224076281287248,5.0,6.0,65.0,-3.957783641160948,31.034087938205587,3.0,,,31.58,8.239
2026-03-04,629.0,1030.0,24.0,7.0,1.0,37.91440626883665,5.0,3.0,4.0,-0.4794725801618117,30.95579322638146,1.0,,,30.0,-3.876
2026-03-05,1286.0,386.0,12.0,21.0,3.0,76.91387559808612,5.0,10.0,7.0,1.1983624616460915,31.31890736342043,2.0,,,32.26,7.592
2026-03-06,1326.0,342.0,16.0,11.0,0.0,79.49640287769785,0.0,8.0,0.0,1.563226247436777,31.746912114014254,2.0,,,42.11,-0.348
2026-03-09,471.0,1183.0,31.0,8.0,0.0,28.476420798065295,7.0,4.0,7.0,-0.9093861643390632,31.47032047477745,1.0,,,33.33,0.531
2026-03-10,1496.0,169.0,20.0,9.0,0.0,89.84984984984985,3.0,4.0,2.0,2.034632034632029,32.39180415430267,2.0,,,30.77,3.197
2026-03-11,543.0,1118.0,24.0,6.0,0.0,32.69114990969296,0.0,6.0,3.0,-0.6269592476489034,32.30391097922848,1.0,,,50.0,-1.396
2026-03-12,325.0,1343.0,17.0,7.0,0.0,19.484412470023983,2.0,1.0,6.0,-1.5241057542768226,31.857086053412463,1.0,,,12.5,-1.624
2026-03-13,475.0,1185.0,25.0,8.0,0.0,28.614457831325304,0.0,6.0,5.0,-0.9293680297397736,31.50560830860534,2.0,,,42.86,1.315
2026-03-16,999.0,663.0,23.0,10.0,1.0,60.108303249097474,3.0,4.0,8.0,0.4291845493562224,31.704605341246292,1.0,,,28.57,-3.109
2026-03-17,194.0,1483.0,7.0,3.0,1.0,11.568276684555755,2.0,3.0,15.0,-2.413572055189972,30.870314726840856,1.0,,,50.0,-0.346
2026-03-18,1332.0,339.0,13.0,9.0,1.0,79.71274685816876,3.0,5.0,0.0,1.5032956685499022,31.524976247030878,1.0,,,35.71,1.825
2026-03-19,139.0,1540.0,6.0,3.0,2.0,8.278737343656939,2.0,1.0,6.0,-2.767776777677761,30.734492581602375,1.0,,,25.0,0.03
2026-03-20,165.0,1514.0,6.0,2.0,1.0,9.827278141751043,2.0,8.0,21.0,-2.997893372224925,30.12082492581602,1.0,,,80.0,-2.551
2026-03-23,82.0,1603.0,1.0,4.0,14.0,4.86646884272997,33.0,0.0,7.0,-6.052215028183465,28.54340450771056,1.0,,,0.0,-3.289
2026-03-24,1592.0,86.0,6.0,7.0,0.0,94.87485101311086,2.0,2.0,0.0,3.560891277066253,29.41687054631829,2.0,,,22.22,7.422
2026-03-25,1478.0,192.0,14.0,11.0,0.0,88.50299401197604,1.0,5.0,2.0,1.5446987691643317,30.025837292161523,2.0,,,31.25,5.574
2026-03-26,232.0,1445.0,8.0,3.0,4.0,13.834227787716161,5.0,5.0,9.0,-1.960784313725492,29.55927596439169,2.0,,,62.5,-1.969
2026-03-27,1384.0,290.0,10.0,10.0,1.0,82.67622461170848,1.0,6.0,1.0,1.3402506641409915,29.964744655581946,1.0,,,37.5,-4.576
2026-03-30,929.0,714.0,40.0,8.0,0.0,56.54290931223371,0.0,3.0,2.0,0.2643171806167501,30.038080808080807,2.0,,,27.27,2.462
2026-03-31,249.0,1426.0,10.0,11.0,0.0,14.865671641791046,1.0,3.0,4.0,-1.6949152542372856,29.432314540059345,2.0,,,21.43,2.697
2026-04-01,1486.0,188.0,12.0,11.0,0.0,88.7694145758662,1.0,6.0,5.0,1.8305996138508447,30.157153024911032,2.0,,,35.29,0.523
2026-04-02,230.0,1453.0,4.0,3.0,1.0,13.666072489601902,2.0,3.0,1.0,-2.1003134796238188,29.57622406639004,3.0,,,50.0,4.025
2026-04-03,240.0,1438.0,9.0,11.0,3.0,14.302741358760429,5.0,3.0,9.0,-2.484031227821147,29.17408417308832,1.0,,,21.43,-1.438
2026-04-07,1311.0,353.0,21.0,12.0,1.0,78.7860576923077,2.0,5.0,1.0,1.4472777394900127,29.549109792284867,2.0,,,29.41,0.058
2026-04-08,1624.0,57.0,5.0,19.0,1.0,96.60916121356335,2.0,9.0,4.0,4.324397085515297,31.120717674970344,2.0,,,32.14,1.517
2026-04-09,392.0,1286.0,8.0,7.0,1.0,23.361144219308702,1.0,1.0,10.0,-1.6438581879842107,30.95074139976275,2.0,,,12.5,1.16
2026-04-10,1273.0,393.0,20.0,9.0,1.0,76.41056422569028,1.0,5.0,6.0,0.9600374682711295,31.372485172004748,2.0,,,35.71,2.53
2026-04-13,751.0,902.0,33.0,9.0,0.0,45.43254688445251,0.0,7.0,5.0,-0.1711330465806539,31.54462633451957,2.0,,,43.75,5.653
2026-04-14,1246.0,402.0,39.0,8.0,0.0,75.60679611650485,0.0,7.0,1.0,0.8857808857808918,32.13140486069947,2.0,,,46.67,2.54
2026-04-15,505.0,1159.0,22.0,10.0,0.0,30.348557692307693,0.0,5.0,6.0,-0.8298450308290539,31.992633451957296,3.0,,,33.33,3.504
2026-04-16,1392.0,268.0,27.0,18.0,0.0,83.855421686747,2.0,8.0,2.0,1.4285714285714262,32.6539893301719,3.0,,,30.77,-0.414
2026-04-17,741.0,912.0,35.0,15.0,1.0,44.827586206896555,1.0,5.0,1.0,-0.19699258079555035,33.09275473933649,4.0,,,25.0,2.797
2026-04-20,1103.0,547.0,37.0,9.0,0.0,66.84848484848484,1.0,5.0,4.0,0.5571847507331311,33.4097510373444,2.0,,,35.71,2.182
2026-04-21,572.0,1088.0,27.0,12.0,4.0,34.4578313253012,6.0,1.0,2.0,-0.6393861892583211,33.33455838767042,3.0,,,7.69,0.743
2026-04-22,924.0,738.0,26.0,7.0,0.0,55.5956678700361,2.0,7.0,1.0,0.200553041729508,33.745545023696685,4.0,,,50.0,3.05
2026-04-23,343.0,1328.0,15.0,9.0,0.0,20.526630760023938,2.0,2.0,7.0,-1.7391304347826102,33.12629300118624,3.0,,,18.18,4.42
2026-04-24,680.0,990.0,18.0,12.0,1.0,40.7185628742515,1.0,6.0,8.0,-0.5163789064591323,32.89052132701422,2.0,,,33.33,1.708
2026-04-27,1149.0,518.0,21.0,7.0,3.0,68.92621475704858,8.0,10.0,8.0,0.9772090654443647,33.28392772511848,2.0,,,58.82,-0.279
2026-04-28,430.0,1231.0,24.0,10.0,6.0,25.88801926550271,8.0,3.0,5.0,-1.6182420007355691,32.857210682492585,2.0,,,23.08,0.761
2026-04-29,1223.0,434.0,23.0,19.0,3.0,73.80808690404346,5.0,5.0,1.0,1.2021302675161354,33.35377976190476,1.0,,,20.83,-2.019
2026-04-30,963.0,685.0,32.0,11.0,3.0,58.43446601941748,4.0,3.0,3.0,0.37091156195999164,33.62844642857143,2.0,,,21.43,4.452
2026-05-06,1264.0,388.0,36.0,15.0,6.0,76.51331719128329,8.0,13.0,2.0,1.2768741905721743,34.36864336492891,3.0,,,46.43,3.641
2026-05-07,1191.0,469.0,29.0,18.0,3.0,71.74698795180723,4.0,8.0,2.0,0.991288675277856,35.19043812907046,2.0,,,30.77,3.831
2026-05-08,1157.0,502.0,30.0,16.0,1.0,69.74080771549126,1.0,6.0,2.0,0.8396062536189901,35.56840734162226,2.0,,,27.27,2.845
2026-05-11,1076.0,582.0,30.0,13.0,1.0,64.89746682750301,1.0,8.0,5.0,0.609866242769167,36.28013625592417,2.0,,,38.1,0.899
2026-05-12,384.0,1292.0,10.0,8.0,4.0,22.911694510739856,5.0,10.0,6.0,-1.7454651424816054,36.10434163701068,3.0,,,55.56,2.377
2026-05-13,1046.0,616.0,27.0,22.0,3.0,62.936221419975936,5.0,4.0,3.0,0.5037783375314866,36.79293664890468,4.0,,,15.38,6.241
2026-05-14,348.0,1329.0,13.0,15.0,3.0,20.75134168157424,4.0,6.0,20.0,-2.0998707509247914,36.19734319526627,5.0,,,28.57,0.533
2026-05-15,639.0,1028.0,23.0,13.0,1.0,38.33233353329334,3.0,8.0,8.0,-0.6796101426649839,36.10676923076923,6.0,,,38.1,-0.014
2026-05-18,842.0,819.0,29.0,13.0,5.0,50.69235400361228,6.0,14.0,10.0,0.0,36.37868639053254,3.0,,,51.85,1.552
2026-05-19,1053.0,603.0,32.0,14.0,2.0,63.58695652173913,5.0,7.0,8.0,0.6280205485337282,36.14437203791469,2.0,,,33.33,4.548
2026-05-20,522.0,1152.0,16.0,11.0,2.0,31.182795698924732,4.0,7.0,8.0,-1.1267615568000737,36.2490650887574,2.0,,,38.89,-1.521
2026-05-21,202.0,1481.0,7.0,10.0,2.0,12.002376708259062,6.0,12.0,75.0,-3.5813286129772797,35.01526627218935,2.0,,,54.55,3.121
2026-05-22,1336.0,341.0,14.0,26.0,2.0,79.66607036374478,2.0,6.0,1.0,1.7678708685626474,36.649503252513306,3.0,,,18.75,2.723
2026-05-25,604.0,1067.0,19.0,22.0,3.0,36.14602034709755,9.0,10.0,13.0,-0.948891763939529,36.94645562130177,2.0,,,31.25,4.063
2026-05-26,341.0,1339.0,10.0,9.0,3.0,20.297619047619047,6.0,7.0,16.0,-2.0612750046846307,36.25395266272189,2.0,,,43.75,0.691
2026-05-27,279.0,1402.0,8.0,5.0,3.0,16.597263533610946,5.0,5.0,20.0,-2.567164179104476,35.655506216696274,2.0,,,50.0,0.089
2026-05-28,1000.0,665.0,25.0,21.0,1.0,60.06006006006006,2.0,4.0,4.0,0.4916157462046301,36.186473372781066,1.0,,,16.0,-1.047
2026-05-29,298.0,1380.0,12.0,6.0,7.0,17.759237187127532,13.0,12.0,75.0,-3.4469636360426508,34.98016568047338,2.0,,,66.67,0.602
2026-06-01,1098.0,578.0,12.0,22.0,4.0,65.51312649164677,7.0,9.0,27.0,1.2436393066019231,34.63591232227488,3.0,,,29.03,1.896
2026-06-02,439.0,1237.0,13.0,17.0,2.0,26.19331742243437,6.0,7.0,9.0,-1.6311166875784175,34.86323268206039,2.0,,,29.17,2.69
2026-06-03,513.0,1155.0,22.0,9.0,2.0,30.755395683453234,4.0,11.0,9.0,-1.0730747477757863,34.92737869822485,3.0,,,55.0,2.517
2026-06-04,476.0,1205.0,9.0,17.0,2.0,28.316478286734085,4.0,5.0,10.0,-1.605732871511142,35.027047337278105,2.0,,,22.73,0.58
2026-06-05,1038.0,629.0,25.0,17.0,4.0,62.26754649070186,5.0,12.0,11.0,0.6164331509423452,34.76444444444444,2.0,,,41.38,-1.725
2026-06-08,212.0,1474.0,5.0,13.0,11.0,12.574139976275209,17.0,3.0,18.0,-3.549571603427173,33.47811945594323,2.0,,,18.75,0.612
2026-06-09,1203.0,454.0,35.0,25.0,1.0,72.60108630054314,2.0,6.0,3.0,1.0671337706221475,34.49063829787234,2.0,,,19.35,1.404
2026-06-10,400.0,1277.0,14.0,9.0,3.0,23.85211687537269,6.0,5.0,11.0,-1.831210191082806,33.75613246599645,2.0,,,35.71,0.575
2026-06-11,386.0,1299.0,6.0,13.0,6.0,22.9080118694362,8.0,5.0,11.0,-1.6403220996123002,33.50480189237138,3.0,,,27.78,-0.162
2026-06-12,1132.0,537.0,23.0,18.0,1.0,67.82504493708808,2.0,8.0,51.0,1.1525170077063172,33.609586288416075,4.0,,,30.77,1.947
2026-06-15,1304.0,359.0,27.0,34.0,1.0,78.41250751653638,2.0,14.0,2.0,1.794700433419297,35.22652071005917,2.0,,,29.17,2.062
2026-06-16,1017.0,643.0,31.0,27.0,1.0,61.265060240963855,3.0,13.0,3.0,0.6242197253433297,35.99515671200473,3.0,,,32.5,5.959
2026-06-17,558.0,1125.0,8.0,19.0,0.0,33.155080213903744,0.0,6.0,4.0,-1.2566137566137534,36.38544056771141,3.0,,,24.0,1.085
2026-06-18,717.0,947.0,25.0,19.0,1.0,43.08894230769231,2.0,10.0,4.0,-0.4361521686455045,36.89612196566016,3.0,,,34.48,0.162
2026-06-22,848.0,820.0,24.0,20.0,1.0,50.83932853717026,9.0,6.0,11.0,0.01861516142903035,37.08695626477541,3.0,,,23.08,5.832
2026-06-23,811.0,863.0,19.0,14.0,5.0,48.4468339307049,9.0,15.0,20.0,-0.1249999999999973,36.39302421736562,2.0,,,51.72,0.818
2026-06-24,477.0,1214.0,2.0,14.0,0.0,28.208160851567122,1.0,6.0,4.0,-1.994680851063823,36.73363260484347,1.0,,,30.0,0.922
2026-06-25,358.0,1329.0,6.0,9.0,3.0,21.221102548903378,3.0,11.0,23.0,-2.3000000000000043,36.761683402244536,2.0,,,55.0,2.682
2026-06-26,256.0,1428.0,8.0,10.0,1.0,15.201900237529692,7.0,6.0,28.0,-3.1677798949316287,35.604533096926716,2.0,,,37.5,1.322
2026-06-29,642.0,1025.0,21.0,17.0,8.0,38.5122975404919,18.0,7.0,56.0,-0.7597314321170395,35.363056872037916,1.0,,,29.17,-3.556
2026-06-30,1148.0,520.0,22.0,35.0,3.0,68.82494004796163,6.0,9.0,3.0,1.2563309769235944,36.48262721893491,2.0,,,20.45,2.363
2026-07-01,1300.0,385.0,5.0,32.0,1.0,77.1513353115727,2.0,18.0,15.0,2.172190952678762,36.65644970414201,2.0,,,36.0,4.545
2026-07-02,577.0,1091.0,22.0,16.0,4.0,34.59232613908873,6.0,10.0,12.0,-0.926377597109308,35.44113017751479,2.0,,,38.46,-1.024
2026-07-03,1146.0,529.0,15.0,24.0,1.0,68.4179104477612,3.0,17.0,10.0,1.3222587908414027,35.686591715976334,2.0,,,41.46,0.595
2026-07-06,445.0,1219.0,27.0,13.0,5.0,26.742788461538463,6.0,15.0,53.0,-1.993355481727572,34.99500295683028,2.0,,,53.57,-0.714
2026-07-07,200.0,1488.0,4.0,5.0,13.0,11.848341232227488,18.0,6.0,25.0,-3.191385372160121,34.00658983451537,1.0,,,54.55,-5.249
2026-07-08,392.0,1276.0,23.0,11.0,7.0,23.501199040767386,14.0,2.0,40.0,-1.8348623853211024,33.21369603784743,2.0,,,15.38,8.516
2026-07-09,854.0,793.0,44.0,15.0,7.0,51.85185185185185,14.0,7.0,7.0,0.0869565217391285,33.91840922531047,3.0,,,31.82,-0.594
2026-07-10,1108.0,566.0,17.0,15.0,3.0,66.18876941457586,5.0,22.0,65.0,1.1279826464208156,33.51603784742756,2.0,,,59.46,0.23
2026-07-13,168.0,1518.0,7.0,5.0,32.0,9.9644128113879,43.0,6.0,193.0,-5.10132774283718,31.596396928529238,3.0,,,54.55,-3.924
2026-07-14,1258.0,422.0,12.0,11.0,5.0,74.88095238095238,18.0,9.0,6.0,1.476793979277807,32.28508274231679,1.0,,,45.0,5.107
2026-07-15,965.0,718.0,10.0,13.0,3.0,57.338086749851456,10.0,6.0,42.0,0.4894762604013775,31.74183106910809,1.0,,,31.58,-2.257
2026-07-16,820.0,836.0,38.0,11.0,7.0,49.51690821256038,10.0,4.0,16.0,0.0,31.160017709563164,2.0,,,26.67,4.516
2026-07-17,95.0,1595.0,4.0,6.0,50.0,5.621301775147929,76.0,3.0,303.0,-5.319656488549617,28.725112160566702,2.0,,,33.33,-0.937
2026-07-20,374.0,1308.0,12.0,7.0,59.0,22.235434007134362,93.0,9.0,375.0,-3.1829514320198085,27.364757969303426,1.0,,,56.25,-3.955
2026-07-21,1078.0,598.0,18.0,25.0,3.0,64.31980906921241,75.0,7.0,2.0,1.302701677026769,28.75478158205431,1.0,,,21.88,3.234
2026-07-22,348.0,1334.0,13.0,9.0,1.0,20.689655172413794,2.0,8.0,9.0,-1.874999999999992,28.262879056047197,2.0,,,47.06,2.536
2026-07-23,1275.0,405.0,14.0,19.0,0.0,75.89285714285714,0.0,6.0,6.0,1.8867924528301943,28.44404958677686,3.0,,,24.0,5.085
2026-07-24,191.0,1500.0,2.0,6.0,1.0,11.295091661738617,2.0,4.0,9.0,-2.8592647604901584,27.786757235676316,4.0,,,40.0,3.949
2026-07-27,1634.0,50.0,5.0,22.0,2.0,97.03087885985748,3.0,1.0,2.0,3.284671532846723,28.834014209591476,5.0,,,4.35,5.52
2026-07-28,703.0,952.0,34.0,12.0,11.0,42.477341389728096,15.0,7.0,32.0,-0.4397537379067628,27.703268206039077,2.0,,,36.84,2.406
2026-07-29,1186.0,493.0,10.0,18.0,2.0,70.6372840976772,12.0,5.0,5.0,1.3793103448275874,27.71640615748964,3.0,,,21.74,2.502
2026-07-30,356.0,1313.0,21.0,10.0,24.0,21.330137807070102,38.0,4.0,117.0,-2.1618732145047947,26.434136094674557,4.0,,,28.57,-0.311
2026-07-31,1566.0,116.0,10.0,26.0,0.0,93.10344827586206,1.0,40.0,17.0,2.954839280970508,27.59706264775414,5.0,,,60.61,4.813
2026-08-03,1260.0,420.0,13.0,17.0,0.0,75.0,4.0,4.0,16.0,1.5401540154015465,27.569486119314824,6.0,,,19.05,-0.064
2026-08-04,1390.0,278.0,24.0,35.0,0.0,83.33333333333334,0.0,9.0,0.0,1.9163763066201995,28.857618203309695,7.0,,,20.45,5.792
2026-08-05,1271.0,385.0,37.0,21.0,0.0,76.75120772946859,0.0,9.0,1.0,1.4146772767462434,29.77814530419374,8.0,,,30.0,6.494
2026-08-06,930.0,730.0,32.0,20.0,0.0,56.024096385542165,0.0,2.0,1.0,0.29865612178152595,30.100325059101653,5.0,,,9.09,3.696
2026-08-07,979.0,685.0,29.0,19.0,0.0,58.83413461538461,2.0,12.0,4.0,0.403768506056531,30.810832841110454,3.0,,,38.71,2.787
2026-08-10,1201.0,476.0,19.0,14.0,3.0,71.6159809183065,3.0,7.0,5.0,1.345119933829607,30.994911556603775,3.0,,,33.33,1.93
2026-08-11,530.0,1118.0,48.0,9.0,0.0,32.16019417475729,1.0,7.0,1.0,-0.6074371549869884,30.962576650943397,2.0,,,43.75,0.664
2026-08-12,1314.0,354.0,29.0,7.0,0.0,78.77697841726618,0.0,8.0,2.0,0.9454545454545512,31.76080141426046,3.0,,,53.33,2.096
2026-08-13,354.0,1324.0,19.0,9.0,2.0,21.096543504171635,2.0,8.0,15.0,-1.6274864376130171,31.45728344136712,4.0,,,47.06,4.811
2026-08-14,882.0,767.0,48.0,19.0,0.0,53.48696179502729,0.0,5.0,2.0,0.1312335958005221,31.848762522097818,5.0,,,20.83,5.387
2026-08-17,1381.0,292.0,24.0,106.0,1.0,82.54632396891812,1.0,12.0,0.0,1.6551724137931008,32.792928697701825,4.0,15.0,0.24688910464252367,10.16949152542373,3.5509499763212506
2026-08-18,535.0,1139.0,22.0,79.0,5.0,31.95937873357228,4.0,23.0,5.0,-0.7981992286058845,32.66274174528302,4.0,18.0,0.36127005052271943,22.54901960784314,1.2468719836846691
2026-08-19,77.0,1617.0,1.0,36.0,118.0,4.545454545454546,32.0,12.0,69.0,-4.790419161676638,30.415935103244838,3.0,7.0,0.26913937770179985,25.0,-2.5577643057213555
2026-08-20,1330.0,349.0,16.0,79.0,12.0,79.21381774865992,5.0,46.0,10.0,1.4860139860139854,30.89113274336283,4.0,4.0,0.6273365761339782,36.8,-1.623845863259501
2026-08-21,863.0,794.0,40.0,54.0,13.0,52.082076041038015,8.0,18.0,4.0,0.0661813368630032,30.980494991160874,3.0,11.0,0.2596733743031589,25.0,-0.6209877983112878
2026-08-24,351.0,1332.0,15.0,46.0,11.0,20.855614973262032,6.0,16.0,8.0,-1.4879787075362598,30.376572438162544,4.0,10.0,0.9139847518553844,25.806451612903224,0.5264610416359372
2026-08-25,1334.0,355.0,10.0,65.0,2.0,78.98164594434577,3.0,22.0,3.0,1.9467213114754047,30.667133608004708,5.0,9.0,0.6941576531449142,25.287356321839084,1.217454289502286
2026-08-26,2944.0,2446.0,153.0,52.0,0.0,54.619666048237484,7.0,20.0,17.0,0.1577287066246023,27.881616453184193,5.0,13.0,0.7048466022347755,27.77777777777778,2.198142788043389
2026-08-27,3391.0,1944.0,209.0,77.0,3.0,63.561387066541705,4.0,17.0,4.0,0.5283251766252937,28.60392676767677,6.0,16.0,0.5965234857033785,18.085106382978726,3.137368445929426
2026-08-28,3011.0,2388.0,144.0,82.0,1.0,55.769586960548246,11.0,16.0,17.0,0.2240896358543369,28.31454627458055,7.0,18.0,0.4626017956175859,16.3265306122449,3.1651827043720653
2026-08-31,3180.0,2216.0,146.0,88.0,11.0,58.932542624166054,28.0,30.0,19.0,0.451363350448857,28.681863948033204,6.0,18.0,0.47232371147959334,25.423728813559322,0.6843150974147849
2026-09-01,3385.0,2037.0,119.0,83.0,0.0,62.43083732939875,9.0,6.0,13.0,0.5747126436781657,28.321066594477532,7.0,18.0,0.4288964527515803,6.741573033707865,1.4555372700772502
2026-09-02,1538.0,3898.0,105.0,52.0,8.0,28.292862398822667,22.0,15.0,26.0,-0.94736842105263,28.09453708716838,4.0,13.0,0.44295834555943003,22.388059701492537,-0.7591818305383246
2026-09-03,563.0,1109.0,23.0,44.0,16.0,33.672248803827756,7.0,33.0,10.0,-0.7709251101321487,31.099002949852505,5.0,9.0,0.20296142663976768,42.857142857142854,0.18999343680647704
2026-09-04,,,,39.0,9.0,,,48.0,,,,5.0,7.0,0.24839732780598403,55.172413793103445,-0.5699412815950133
