date,up_count,down_count,flat_count,limit_up,limit_down,red_ratio,touch_down,zt_fail_count,hb_wave10,median_chg,avg_price,connect_hl,connect_2b,fc_ratio,zt_fail_ratio,zt_prev_ret
2007-01-05,932.0,118.0,33.0,35.0,2.0,88.76190476190476,,,,,,,,,,
2007-01-08,1067.0,36.0,9.0,58.0,0.0,96.73617407071625,,,,,,,,,,
2007-01-09,882.0,109.0,130.0,24.0,0.0,89.00100908173562,,,,,,,,,,
2007-01-10,974.0,97.0,58.0,38.0,0.0,90.94304388422036,,,,,,,,,,
2007-01-11,604.0,455.0,77.0,22.0,0.0,57.03493862134089,,,,,,,,,,
2007-01-12,171.0,927.0,29.0,11.0,7.0,15.57377049180328,,,,,,,,,,
2007-01-15,1103.0,8.0,7.0,107.0,1.0,99.27992799279929,,,,,,,,,,
2007-01-16,900.0,161.0,76.0,70.0,0.0,84.82563619227145,,,,,,,,,,
2007-01-17,424.0,679.0,43.0,35.0,23.0,38.44061650045331,,,,,,,,,,
2007-01-18,890.0,209.0,42.0,53.0,2.0,80.98271155595997,,,,,,,,,,
2007-01-19,1051.0,60.0,25.0,57.0,0.0,94.5994599459946,,,,,,,,,,
2007-01-22,1105.0,16.0,10.0,119.0,0.0,98.57270294380018,,,,,,,,,,
2007-01-23,482.0,609.0,52.0,45.0,3.0,44.17965169569202,,,,,,,,,,
2007-01-24,611.0,443.0,92.0,29.0,1.0,57.9696394686907,,,,,,,,,,
2007-01-25,136.0,982.0,16.0,12.0,21.0,12.164579606440071,,,,,,,,,,
2007-01-26,526.0,523.0,89.0,33.0,0.0,50.14299332697807,,,,,,,,,,
2007-01-29,1032.0,82.0,20.0,69.0,0.0,92.63913824057452,,,,,,,,,,
2007-01-30,434.0,663.0,54.0,31.0,2.0,39.56244302643574,,,,,,,,,,
2007-01-31,118.0,1017.0,18.0,9.0,62.0,10.396475770925113,,,,,,,,,,
2007-02-01,621.0,448.0,83.0,32.0,0.0,58.09167446211413,,,,,,,,,,
2007-02-02,269.0,811.0,67.0,10.0,15.0,24.90740740740741,,,,,,,,,,
2007-02-05,778.0,283.0,74.0,23.0,11.0,73.32704995287465,,,,,,,,,,
2007-02-06,932.0,185.0,35.0,21.0,2.0,83.43777976723366,,,,,,,,,,
2007-02-07,788.0,239.0,127.0,31.0,0.0,76.72833495618305,,,,,,,,,,
2007-02-08,866.0,210.0,73.0,33.0,0.0,80.48327137546468,,,,,,,,,,
2007-02-09,516.0,554.0,75.0,11.0,1.0,48.22429906542056,,,,,,,,,,
2007-02-12,1038.0,66.0,36.0,27.0,0.0,94.02173913043478,,,,,,,,,,
2007-02-13,832.0,208.0,115.0,28.0,0.0,80.0,,,,,,,,,,
2007-02-14,964.0,114.0,81.0,41.0,0.0,89.42486085343229,,,,,,,,,,
2007-02-15,1091.0,41.0,29.0,62.0,1.0,96.37809187279152,,,,,,,,,,
2007-02-16,679.0,410.0,82.0,43.0,1.0,62.35078053259871,,,,,,,,,,
2007-02-26,1017.0,129.0,18.0,110.0,0.0,88.7434554973822,,,,,,,,,,
2007-02-27,44.0,1115.0,2.0,3.0,792.0,3.7963761863675582,,,,,,,,,,
2007-02-28,1049.0,85.0,15.0,175.0,0.0,92.50440917107584,,,,,,,,,,
2007-03-01,328.0,835.0,6.0,30.0,10.0,28.20292347377472,,,,,,,,,,
2007-03-02,887.0,227.0,45.0,37.0,2.0,79.6229802513465,,,,,,,,,,
2007-03-05,525.0,589.0,41.0,20.0,1.0,47.127468581687616,,,,,,,,,,
2007-03-06,583.0,490.0,79.0,9.0,0.0,54.333643988816405,,,,,,,,,,
2007-03-07,1070.0,56.0,45.0,22.0,0.0,95.0266429840142,,,,,,,,,,
2007-03-08,1000.0,109.0,57.0,26.0,0.0,90.17132551848512,,,,,,,,,,
2007-03-09,468.0,644.0,51.0,32.0,0.0,42.086330935251794,,,,,,,,,,
2007-03-12,866.0,255.0,37.0,56.0,0.0,77.25245316681534,,,,,,,,,,
2007-03-13,762.0,338.0,66.0,34.0,0.0,69.27272727272728,,,,,,,,,,
2007-03-14,419.0,734.0,16.0,35.0,1.0,36.33998265394623,,,,,,,,,,
2007-03-15,954.0,153.0,60.0,46.0,0.0,86.1788617886179,,,,,,,,,,
2007-03-16,275.0,857.0,31.0,14.0,1.0,24.29328621908128,,,,,,,,,,
2007-03-19,658.0,406.0,96.0,37.0,1.0,61.8421052631579,,,,,,,,,,
2007-03-20,944.0,171.0,42.0,39.0,0.0,84.66367713004485,,,,,,,,,,
2007-03-21,879.0,228.0,61.0,26.0,0.0,79.40379403794037,,,,,,,,,,
2007-03-22,560.0,542.0,67.0,20.0,0.0,50.81669691470054,,,,,,,,,,
2007-03-23,736.0,377.0,47.0,24.0,0.0,66.12758310871519,,,,,,,,,,
2007-03-26,986.0,137.0,28.0,40.0,0.0,87.80053428317008,,,,,,,,,,
2007-03-27,758.0,331.0,80.0,32.0,0.0,69.60514233241506,,,,,,,,,,
2007-03-28,287.0,853.0,22.0,29.0,0.0,25.17543859649123,,,,,,,,,,
2007-03-29,160.0,990.0,15.0,8.0,9.0,13.91304347826087,,,,,,,,,,
2007-03-30,818.0,280.0,71.0,13.0,0.0,74.4990892531876,,,,,,,,,,
2007-04-02,1068.0,74.0,30.0,30.0,0.0,93.5201401050788,,,,,,,,,,
2007-04-03,812.0,271.0,90.0,30.0,0.0,74.97691597414588,,,,,,,,,,
2007-04-04,683.0,425.0,74.0,27.0,0.0,61.64259927797834,,,,,,,,,,
2007-04-05,891.0,218.0,71.0,27.0,2.0,80.34265103697025,,,,,,,,,,
2007-04-06,773.0,316.0,70.0,26.0,1.0,70.98255280073462,,,,,,,,,,
2007-04-09,870.0,243.0,54.0,43.0,1.0,78.16711590296495,,,,,,,,,,
2007-04-10,553.0,577.0,40.0,32.0,0.0,48.93805309734513,,,,,,,,,,
2007-04-11,664.0,457.0,57.0,44.0,0.0,59.2328278322926,,,,,,,,,,
2007-04-12,977.0,151.0,37.0,53.0,0.0,86.61347517730496,,,,,,,,,,
2007-04-13,436.0,709.0,25.0,26.0,1.0,38.07860262008734,,,,,,,,,,
2007-04-16,1103.0,39.0,20.0,46.0,0.0,96.58493870402802,,,,,,,,,,
2007-04-17,843.0,295.0,41.0,85.0,0.0,74.07732864674868,,,,,,,,,,
2007-04-18,874.0,233.0,41.0,59.0,1.0,78.95212285456188,,,,,,,,,,
2007-04-19,155.0,992.0,5.0,12.0,62.0,13.513513513513514,,,,,,,,,,
2007-04-20,1140.0,6.0,3.0,94.0,0.0,99.47643979057592,,,,,,,,,,
2007-04-23,1080.0,79.0,4.0,102.0,0.0,93.18377911993096,,,,,,,,,,
2007-04-24,582.0,527.0,52.0,50.0,0.0,52.479711451758334,,,,,,,,,,
2007-04-25,397.0,711.0,33.0,25.0,1.0,35.83032490974729,,,,,,,,,,
2007-04-26,740.0,329.0,48.0,30.0,1.0,69.22357343311506,,,,,,,,,,
2007-04-27,408.0,697.0,20.0,32.0,5.0,36.92307692307693,,,,,,,,,,
2007-04-30,619.0,466.0,33.0,84.0,3.0,57.05069124423963,,,,,,,,,,
2007-05-08,1063.0,77.0,16.0,150.0,0.0,93.24561403508773,,,,,,,,,,
2007-05-09,467.0,673.0,17.0,51.0,0.0,40.96491228070175,,,,,,,,,,
2007-05-10,676.0,403.0,52.0,28.0,1.0,62.65060240963856,,,,,,,,,,
2007-05-11,412.0,688.0,12.0,23.0,0.0,37.45454545454546,,,,,,,,,,
2007-05-14,560.0,543.0,41.0,33.0,0.0,50.77062556663645,,,,,,,,,,
2007-05-15,251.0,855.0,23.0,21.0,12.0,22.69439421338156,,,,,,,,,,
2007-05-16,1023.0,102.0,13.0,43.0,0.0,90.93333333333334,,,,,,,,,,
2007-05-17,1061.0,72.0,29.0,39.0,0.0,93.6451897616946,,,,,,,,,,
2007-05-18,526.0,532.0,28.0,34.0,0.0,49.7164461247637,,,,,,,,,,
2007-05-21,933.0,192.0,33.0,75.0,0.0,82.93333333333334,,,,,,,,,,
2007-05-22,851.0,271.0,30.0,54.0,0.0,75.84670231729055,,,,,,,,,,
2007-05-23,1004.0,114.0,33.0,61.0,0.0,89.80322003577818,,,,,,,,,,
2007-05-24,342.0,801.0,10.0,44.0,0.0,29.92125984251969,,,,,,,,,,
2007-05-25,712.0,357.0,56.0,43.0,0.0,66.60430308699719,,,,,,,,,,
2007-05-28,942.0,170.0,29.0,56.0,0.0,84.71223021582733,,,,,,,,,,
2007-05-29,802.0,306.0,44.0,50.0,0.0,72.3826714801444,,,,,,,,,,
2007-05-30,55.0,1094.0,2.0,8.0,785.0,4.786771105308964,,,,,,,,,,
2007-05-31,311.0,850.0,6.0,36.0,290.0,26.78725236864772,,,,,,,,,,
2007-06-01,132.0,1031.0,10.0,6.0,627.0,11.349957007738606,,,,,,,,,,
2007-06-04,20.0,1152.0,0.0,1.0,809.0,1.706484641638225,,,,,,,,,,
2007-06-05,631.0,528.0,20.0,77.0,36.0,54.44348576358931,,,,,,,,,,
2007-06-06,761.0,362.0,54.0,57.0,0.0,67.76491540516474,,,,,,,,,,
2007-06-07,1111.0,67.0,2.0,141.0,1.0,94.31239388794566,,,,,,,,,,
2007-06-08,780.0,324.0,65.0,49.0,0.0,70.65217391304348,,,,,,,,,,
2007-06-11,823.0,325.0,36.0,86.0,0.0,71.68989547038328,,,,,,,,,,
2007-06-12,808.0,348.0,24.0,120.0,1.0,69.8961937716263,,,,,,,,,,
2007-06-13,1006.0,151.0,19.0,128.0,0.0,86.94900605012964,,,,,,,,,,
2007-06-14,329.0,830.0,28.0,21.0,0.0,28.386540120793786,,,,,,,,,,
2007-06-15,465.0,677.0,27.0,45.0,0.0,40.71803852889667,,,,,,,,,,
2007-06-18,1080.0,71.0,25.0,73.0,0.0,93.83145091225022,,,,,,,,,,
2007-06-19,755.0,395.0,39.0,71.0,0.0,65.65217391304347,,,,,,,,,,
2007-06-20,217.0,947.0,19.0,16.0,4.0,18.6426116838488,,,,,,,,,,
2007-06-21,440.0,716.0,25.0,39.0,10.0,38.062283737024224,,,,,,,,,,
2007-06-22,130.0,1051.0,3.0,13.0,234.0,11.00762066045724,,,,,,,,,,
2007-06-25,101.0,1070.0,4.0,9.0,475.0,8.625106746370625,,,,,,,,,,
2007-06-26,761.0,374.0,26.0,53.0,4.0,67.04845814977973,,,,,,,,,,
2007-06-27,995.0,147.0,37.0,50.0,1.0,87.12784588441332,,,,,,,,,,
2007-06-28,87.0,1066.0,3.0,8.0,354.0,7.545533391153512,,,,,,,,,,
2007-06-29,141.0,980.0,18.0,6.0,140.0,12.578055307760929,,,,,,,,,,
2007-07-02,783.0,381.0,16.0,47.0,11.0,67.26804123711341,,,,,,,,,,
2007-07-03,850.0,304.0,45.0,36.0,7.0,73.65684575389947,,,,,,,,,,
2007-07-04,208.0,954.0,31.0,8.0,9.0,17.900172117039588,,,,,,,,,,
2007-07-05,68.0,1111.0,9.0,4.0,299.0,5.767599660729432,,,,,,,,,,
2007-07-06,1145.0,36.0,9.0,134.0,2.0,96.95173581710416,,,,,,,,,,
2007-07-09,1134.0,34.0,18.0,46.0,0.0,97.08904109589042,,,,,,,,,,
2007-07-10,211.0,965.0,14.0,16.0,8.0,17.9421768707483,,,,,,,,,,
2007-07-11,864.0,280.0,49.0,17.0,3.0,75.52447552447552,,,,,,,,,,
2007-07-12,716.0,405.0,72.0,24.0,4.0,63.87154326494202,,,,,,,,,,
2007-07-13,423.0,722.0,50.0,17.0,0.0,36.943231441048034,,,,,,,,,,
2007-07-16,189.0,975.0,21.0,8.0,17.0,16.237113402061855,,,,,,,,,,
2007-07-17,1039.0,121.0,36.0,22.0,1.0,89.56896551724138,,,,,,,,,,
2007-07-18,536.0,566.0,88.0,19.0,0.0,48.63883847549909,,,,,,,,,,
2007-07-19,692.0,429.0,72.0,16.0,1.0,61.73059768064228,,,,,,,,,,
2007-07-20,1178.0,15.0,6.0,39.0,0.0,98.74266554903603,,,,,,,,,,
2007-07-23,1187.0,8.0,0.0,101.0,0.0,99.3305439330544,,,,,,,,,,
2007-07-24,434.0,698.0,63.0,17.0,0.0,38.33922261484099,,,,,,,,,,
2007-07-25,1121.0,54.0,18.0,52.0,0.0,95.40425531914892,,,,,,,,,,
2007-07-26,940.0,214.0,42.0,35.0,0.0,81.45580589254766,,,,,,,,,,
2007-07-27,875.0,272.0,39.0,44.0,0.0,76.28596338273758,,,,,,,,,,
2007-07-30,986.0,152.0,46.0,51.0,0.0,86.64323374340948,,,,,,,,,,
2007-07-31,703.0,445.0,37.0,45.0,0.0,61.23693379790941,,,,,,,,,,
2007-08-01,121.0,1060.0,9.0,13.0,118.0,10.245554614733276,,,,,,,,,,
2007-08-02,1121.0,52.0,11.0,101.0,0.0,95.56692242114238,,,,,,,,,,
2007-08-03,753.0,375.0,49.0,44.0,0.0,66.75531914893617,,,,,,,,,,
2007-08-06,873.0,279.0,30.0,62.0,1.0,75.78125,,,,,,,,,,
2007-08-07,456.0,702.0,27.0,31.0,0.0,39.37823834196891,,,,,,,,,,
2007-08-08,319.0,840.0,21.0,11.0,1.0,27.5237273511648,,,,,,,,,,
2007-08-09,694.0,412.0,74.0,31.0,2.0,62.74864376130199,,,,,,,,,,
2007-08-10,257.0,904.0,14.0,23.0,7.0,22.136089577950045,,,,,,,,,,
2007-08-13,521.0,630.0,29.0,30.0,10.0,45.26498696785404,,,,,,,,,,
2007-08-14,1028.0,129.0,34.0,33.0,1.0,88.8504753673293,,,,,,,,,,
2007-08-15,401.0,763.0,25.0,26.0,1.0,34.450171821305844,,,,,,,,,,
2007-08-16,680.0,467.0,45.0,34.0,0.0,59.28509154315606,,,,,,,,,,
2007-08-17,424.0,726.0,45.0,8.0,2.0,36.869565217391305,,,,,,,,,,
2007-08-20,1155.0,29.0,6.0,54.0,0.0,97.55067567567568,,,,,,,,,,
2007-08-21,660.0,495.0,43.0,31.0,0.0,57.14285714285714,,,,,,,,,,
2007-08-22,760.0,386.0,48.0,33.0,1.0,66.3176265270506,,,,,,,,,,
2007-08-23,706.0,430.0,58.0,34.0,0.0,62.147887323943664,,,,,,,,,,
2007-08-24,583.0,570.0,39.0,27.0,0.0,50.563746747614914,,,,,,,,,,
2007-08-27,430.0,741.0,20.0,49.0,0.0,36.72075149444919,,,,,,,,,,
2007-08-28,488.0,673.0,35.0,36.0,0.0,42.03273040482343,,,,,,,,,,
2007-08-29,403.0,771.0,29.0,35.0,0.0,34.32708688245315,,,,,,,,,,
2007-08-30,1091.0,99.0,12.0,61.0,0.0,91.68067226890756,,,,,,,,,,
2007-08-31,741.0,399.0,64.0,31.0,0.0,65.0,,,,,,,,,,
2007-09-03,966.0,211.0,20.0,63.0,0.0,82.0730671197961,,,,,,,,,,
2007-09-04,401.0,778.0,27.0,12.0,0.0,34.01187446988973,,,,,,,,,,
2007-09-05,637.0,530.0,36.0,26.0,1.0,54.58440445586975,,,,,,,,,,
2007-09-06,687.0,449.0,61.0,40.0,0.0,60.47535211267606,,,,,,,,,,
2007-09-07,257.0,917.0,18.0,22.0,0.0,21.890971039182283,,,,,,,,,,
2007-09-10,867.0,302.0,24.0,59.0,0.0,74.16595380667236,,,,,,,,,,
2007-09-11,78.0,1122.0,3.0,7.0,190.0,6.5,,,,,,,,,,
2007-09-12,722.0,437.0,36.0,56.0,3.0,62.29508196721312,,,,,,,,,,
2007-09-13,933.0,234.0,37.0,47.0,0.0,79.94858611825192,,,,,,,,,,
2007-09-14,780.0,376.0,40.0,49.0,1.0,67.47404844290658,,,,,,,,,,
2007-09-17,959.0,192.0,42.0,49.0,1.0,83.31885317115551,,,,,,,,,,
2007-09-18,590.0,580.0,33.0,29.0,0.0,50.427350427350426,,,,,,,,,,
2007-09-19,325.0,869.0,17.0,16.0,0.0,27.219430485762143,,,,,,,,,,
2007-09-20,785.0,375.0,53.0,43.0,0.0,67.67241379310344,,,,,,,,,,
2007-09-21,370.0,820.0,16.0,32.0,4.0,31.09243697478992,,,,,,,,,,
2007-09-24,566.0,607.0,29.0,38.0,2.0,48.252344416027285,,,,,,,,,,
2007-09-25,448.0,720.0,43.0,13.0,8.0,38.35616438356164,,,,,,,,,,
2007-09-26,328.0,835.0,44.0,10.0,8.0,28.20292347377472,,,,,,,,,,
2007-09-27,824.0,336.0,47.0,24.0,2.0,71.03448275862068,,,,,,,,,,
2007-09-28,1092.0,88.0,24.0,23.0,0.0,92.54237288135592,,,,,,,,,,
2007-10-08,455.0,707.0,44.0,27.0,1.0,39.1566265060241,,,,,,,,,,
2007-10-09,737.0,448.0,31.0,28.0,0.0,62.19409282700422,,,,,,,,,,
2007-10-10,361.0,811.0,39.0,17.0,0.0,30.802047781569964,,,,,,,,,,
2007-10-11,285.0,914.0,14.0,33.0,3.0,23.76980817347789,,,,,,,,,,
2007-10-12,258.0,948.0,6.0,35.0,3.0,21.393034825870647,,,,,,,,,,
2007-10-15,554.0,629.0,23.0,51.0,6.0,46.83009298393914,,,,,,,,,,
2007-10-16,789.0,396.0,24.0,38.0,2.0,66.58227848101265,,,,,,,,,,
2007-10-17,495.0,694.0,28.0,34.0,1.0,41.63162321278385,,,,,,,,,,
2007-10-18,272.0,920.0,28.0,12.0,10.0,22.818791946308725,,,,,,,,,,
2007-10-19,447.0,720.0,51.0,13.0,1.0,38.303341902313626,,,,,,,,,,
2007-10-22,240.0,946.0,29.0,14.0,31.0,20.23608768971332,,,,,,,,,,
2007-10-23,634.0,547.0,36.0,18.0,11.0,53.683319220999145,,,,,,,,,,
2007-10-24,280.0,914.0,20.0,6.0,4.0,23.45058626465661,,,,,,,,,,
2007-10-25,59.0,1143.0,2.0,4.0,483.0,4.908485856905158,,,,,,,,,,
2007-10-26,537.0,637.0,25.0,11.0,37.0,45.74105621805792,,,,,,,,,,
2007-10-29,822.0,346.0,34.0,39.0,4.0,70.37671232876713,,,,,,,,,,
2007-10-30,1028.0,148.0,27.0,38.0,1.0,87.41496598639455,,,,,,,,,,
2007-10-31,1152.0,52.0,8.0,69.0,0.0,95.6810631229236,,,,,,,,,,
2007-11-01,198.0,991.0,21.0,9.0,2.0,16.65264928511354,,,,,,,,,,
2007-11-02,278.0,910.0,26.0,11.0,4.0,23.4006734006734,,,,,,,,,,
2007-11-05,899.0,295.0,21.0,22.0,5.0,75.2931323283082,,,,,,,,,,
2007-11-06,794.0,364.0,60.0,15.0,3.0,68.56649395509498,,,,,,,,,,
2007-11-07,464.0,704.0,45.0,13.0,3.0,39.72602739726028,,,,,,,,,,
2007-11-08,100.0,1086.0,19.0,5.0,40.0,8.431703204047219,,,,,,,,,,
2007-11-09,433.0,718.0,55.0,7.0,6.0,37.61946133796699,,,,,,,,,,
2007-11-12,403.0,773.0,26.0,7.0,28.0,34.2687074829932,,,,,,,,,,
2007-11-13,738.0,406.0,71.0,11.0,4.0,64.5104895104895,,,,,,,,,,
2007-11-14,1185.0,31.0,9.0,45.0,0.0,97.45065789473684,,,,,,,,,,
2007-11-15,280.0,897.0,30.0,9.0,0.0,23.7892948173322,,,,,,,,,,
2007-11-16,593.0,538.0,69.0,17.0,0.0,52.43147656940761,,,,,,,,,,
2007-11-19,1067.0,132.0,16.0,33.0,2.0,88.9908256880734,,,,,,,,,,
2007-11-20,890.0,257.0,70.0,12.0,1.0,77.59372275501308,,,,,,,,,,
2007-11-21,296.0,897.0,35.0,10.0,0.0,24.81139983235541,,,,,,,,,,
2007-11-22,75.0,1138.0,6.0,3.0,28.0,6.183017312448476,,,,,,,,,,
2007-11-23,1007.0,177.0,24.0,14.0,1.0,85.05067567567568,,,,,,,,,,
2007-11-26,332.0,832.0,56.0,8.0,1.0,28.52233676975945,,,,,,,,,,
2007-11-27,399.0,748.0,84.0,9.0,13.0,34.78639930252834,,,,,,,,,,
2007-11-28,484.0,654.0,89.0,11.0,2.0,42.53075571177504,,,,,,,,,,
2007-11-29,1149.0,55.0,15.0,25.0,0.0,95.43189368770764,,,,,,,,,,
2007-11-30,258.0,943.0,25.0,8.0,3.0,21.48209825145712,,,,,,,,,,
2007-12-03,830.0,331.0,61.0,16.0,2.0,71.49009474590869,,,,,,,,,,
2007-12-04,687.0,441.0,102.0,9.0,2.0,60.90425531914894,,,,,,,,,,
2007-12-05,1108.0,89.0,31.0,16.0,0.0,92.56474519632414,,,,,,,,,,
2007-12-06,661.0,506.0,59.0,12.0,0.0,56.64095972579263,,,,,,,,,,
2007-12-07,1059.0,130.0,39.0,16.0,0.0,89.06644238856181,,,,,,,,,,
2007-12-10,1185.0,30.0,6.0,28.0,1.0,97.53086419753086,,,,,,,,,,
2007-12-11,871.0,300.0,59.0,16.0,0.0,74.38087105038429,,,,,,,,,,
2007-12-12,670.0,484.0,69.0,13.0,0.0,58.05892547660312,,,,,,,,,,
2007-12-13,137.0,1070.0,18.0,6.0,4.0,11.350455675227836,,,,,,,,,,
2007-12-14,1068.0,128.0,29.0,17.0,0.0,89.29765886287625,,,,,,,,,,
2007-12-17,687.0,468.0,55.0,9.0,5.0,59.48051948051948,,,,,,,,,,
2007-12-18,364.0,822.0,35.0,1.0,5.0,30.69139966273187,,,,,,,,,,
2007-12-19,1148.0,60.0,22.0,16.0,1.0,95.03311258278146,,,,,,,,,,
2007-12-20,942.0,196.0,79.0,15.0,0.0,82.77680140597539,,,,,,,,,,
2007-12-21,1033.0,136.0,52.0,13.0,0.0,88.366124893071,,,,,,,,,,
2007-12-24,968.0,169.0,83.0,20.0,0.0,85.1363236587511,,,,,,,,,,
2007-12-25,860.0,316.0,60.0,12.0,0.0,73.12925170068027,,,,,,,,,,
2007-12-26,1072.0,109.0,49.0,13.0,0.0,90.770533446232,,,,,,,,,,
2007-12-27,736.0,415.0,82.0,14.0,0.0,63.94439617723718,,,,,,,,,,
2007-12-28,425.0,752.0,49.0,11.0,0.0,36.10875106202209,,,,,,,,,,
2008-01-02,1117.0,88.0,18.0,50.0,0.0,92.69709543568464,,,,,,,,,,
2008-01-03,996.0,234.0,26.0,26.0,0.0,80.97560975609757,,,,,,,,,,
2008-01-04,527.0,668.0,57.0,23.0,0.0,44.10041841004184,,,,,,,,,,
2008-01-07,913.0,293.0,43.0,27.0,0.0,75.70480928689885,,,,,,,,,,
2008-01-08,217.0,1021.0,7.0,4.0,0.0,17.528271405492728,,,,,,,,,,
2008-01-09,1181.0,59.0,16.0,36.0,0.0,95.24193548387096,,,,,,,,,,
2008-01-10,614.0,588.0,53.0,17.0,0.0,51.08153078202995,,,,,,,,,,
2008-01-11,476.0,746.0,28.0,10.0,0.0,38.95253682487725,,,,,,,,,,
2008-01-14,878.0,321.0,50.0,20.0,0.0,73.2276897414512,,,,,,,,,,
2008-01-15,791.0,433.0,29.0,20.0,0.0,64.62418300653596,,,,,,,,,,
2008-01-16,385.0,831.0,31.0,14.0,1.0,31.661184210526315,,,,,,,,,,
2008-01-17,276.0,971.0,14.0,10.0,6.0,22.133119486768244,,,,,,,,,,
2008-01-18,784.0,409.0,44.0,15.0,0.0,65.71668063704945,,,,,,,,,,
2008-01-21,125.0,1107.0,12.0,7.0,42.0,10.146103896103895,,,,,,,,,,
2008-01-22,21.0,1228.0,2.0,2.0,823.0,1.6813450760608486,,,,,,,,,,
2008-01-23,1146.0,101.0,4.0,117.0,2.0,91.90056134723336,,,,,,,,,,
2008-01-24,1074.0,152.0,31.0,67.0,1.0,87.60195758564437,,,,,,,,,,
2008-01-25,561.0,640.0,52.0,28.0,5.0,46.711074104912576,,,,,,,,,,
2008-01-28,71.0,1178.0,0.0,6.0,491.0,5.684547638110488,,,,,,,,,,
2008-01-29,933.0,299.0,29.0,20.0,2.0,75.73051948051948,,,,,,,,,,
2008-01-30,747.0,457.0,53.0,24.0,7.0,62.04318936877077,,,,,,,,,,
2008-01-31,130.0,1105.0,17.0,4.0,61.0,10.526315789473683,,,,,,,,,,
2008-02-01,117.0,1132.0,10.0,1.0,68.0,9.367493995196156,,,,,,,,,,
2008-02-04,1256.0,2.0,0.0,374.0,0.0,99.84101748807632,,,,,,,,,,
2008-02-05,610.0,612.0,59.0,16.0,0.0,49.91816693944354,,,,,,,,,,
2008-02-13,434.0,790.0,54.0,11.0,0.0,35.45751633986928,,,,,,,,,,
2008-02-14,1179.0,75.0,20.0,15.0,0.0,94.01913875598086,,,,,,,,,,
2008-02-15,384.0,847.0,36.0,6.0,0.0,31.194151096669376,,,,,,,,,,
2008-02-18,1207.0,35.0,12.0,38.0,2.0,97.18196457326891,,,,,,,,,,
2008-02-19,1097.0,132.0,37.0,19.0,1.0,89.25956061838893,,,,,,,,,,
2008-02-20,336.0,886.0,37.0,12.0,1.0,27.49590834697217,,,,,,,,,,
2008-02-21,819.0,397.0,52.0,16.0,1.0,67.35197368421053,,,,,,,,,,
2008-02-22,229.0,1007.0,20.0,9.0,0.0,18.527508090614887,,,,,,,,,,
2008-02-25,142.0,1098.0,14.0,12.0,20.0,11.451612903225806,,,,,,,,,,
2008-02-26,737.0,486.0,42.0,10.0,4.0,60.26165167620605,,,,,,,,,,
2008-02-27,1185.0,73.0,15.0,21.0,0.0,94.19713831478538,,,,,,,,,,
2008-02-28,614.0,591.0,64.0,11.0,0.0,50.95435684647303,,,,,,,,,,
2008-02-29,1007.0,209.0,47.0,15.0,0.0,82.8125,,,,,,,,,,
2008-03-03,1227.0,34.0,9.0,47.0,0.0,97.3037272006344,,,,,,,,,,
2008-03-04,398.0,833.0,42.0,16.0,0.0,32.331437855402115,,,,,,,,,,
2008-03-05,619.0,604.0,45.0,27.0,1.0,50.61324611610794,,,,,,,,,,
2008-03-06,700.0,516.0,50.0,17.0,0.0,57.56578947368421,,,,,,,,,,
2008-03-07,240.0,1000.0,29.0,5.0,3.0,19.35483870967742,,,,,,,,,,
2008-03-10,115.0,1140.0,12.0,3.0,9.0,9.163346613545816,,,,,,,,,,
2008-03-11,910.0,318.0,42.0,6.0,0.0,74.1042345276873,,,,,,,,,,
2008-03-12,158.0,1077.0,25.0,5.0,7.0,12.79352226720648,,,,,,,,,,
2008-03-13,146.0,1111.0,12.0,3.0,24.0,11.614956245027845,,,,,,,,,,
2008-03-14,496.0,714.0,60.0,1.0,10.0,40.99173553719008,,,,,,,,,,
2008-03-17,26.0,1235.0,1.0,2.0,445.0,2.061855670103093,,,,,,,,,,
2008-03-18,26.0,1236.0,1.0,2.0,313.0,2.060221870047544,,,,,,,,,,
2008-03-19,1162.0,102.0,7.0,74.0,1.0,91.93037974683544,,,,,,,,,,
2008-03-20,1179.0,63.0,15.0,60.0,1.0,94.92753623188406,,,,,,,,,,
2008-03-21,847.0,327.0,84.0,26.0,1.0,72.1465076660988,,,,,,,,,,
2008-03-24,197.0,1030.0,32.0,11.0,13.0,16.055419722901384,,,,,,,,,,
2008-03-25,922.0,300.0,42.0,23.0,3.0,75.45008183306055,,,,,,,,,,
2008-03-26,514.0,686.0,59.0,16.0,0.0,42.833333333333336,,,,,,,,,,
2008-03-27,65.0,1194.0,6.0,3.0,105.0,5.162827640984909,,,,,,,,,,
2008-03-28,1104.0,126.0,17.0,35.0,1.0,89.75609756097562,,,,,,,,,,
2008-03-31,91.0,1152.0,14.0,2.0,87.0,7.320997586484312,,,,,,,,,,
2008-04-01,20.0,1247.0,4.0,0.0,626.0,1.5785319652722969,,,,,,,,,,
2008-04-02,99.0,1150.0,8.0,1.0,163.0,7.926341072858286,,,,,,,,,,
2008-04-03,1039.0,208.0,21.0,20.0,2.0,83.31996792301524,,,,,,,,,,
2008-04-07,1260.0,4.0,1.0,159.0,0.0,99.68354430379746,,,,,,,,,,
2008-04-08,1045.0,155.0,57.0,46.0,1.0,87.08333333333333,,,,,,,,,,
2008-04-09,77.0,1179.0,7.0,7.0,123.0,6.130573248407643,,,,,,,,,,
2008-04-10,1091.0,142.0,22.0,37.0,1.0,88.48337388483374,,,,,,,,,,
2008-04-11,1012.0,203.0,47.0,23.0,0.0,83.29218106995884,,,,,,,,,,
2008-04-14,51.0,1207.0,4.0,4.0,233.0,4.054054054054054,,,,,,,,,,
2008-04-15,1060.0,173.0,22.0,39.0,3.0,85.9691808596918,,,,,,,,,,
2008-04-16,192.0,1039.0,31.0,4.0,12.0,15.597075548334688,,,,,,,,,,
2008-04-17,111.0,1129.0,26.0,5.0,48.0,8.951612903225808,,,,,,,,,,
2008-04-18,78.0,1134.0,15.0,0.0,128.0,6.435643564356436,,,,,,,,,,
2008-04-21,622.0,565.0,53.0,14.0,55.0,52.40101095197978,,,,,,,,,,
2008-04-22,356.0,851.0,35.0,18.0,19.0,29.494614747307374,,,,,,,,,,
2008-04-23,1231.0,20.0,6.0,76.0,1.0,98.40127897681856,,,,,,,,,,
2008-04-24,1257.0,2.0,0.0,940.0,1.0,99.84114376489276,,,,,,,,,,
2008-04-25,652.0,521.0,63.0,59.0,3.0,55.58397271952259,,,,,,,,,,
2008-04-28,435.0,759.0,42.0,26.0,11.0,36.4321608040201,,,,,,,,,,
2008-04-29,859.0,315.0,61.0,16.0,5.0,73.1686541737649,,,,,,,,,,
2008-04-30,1231.0,23.0,4.0,47.0,3.0,98.1658692185008,,,,,,,,,,
2008-05-05,1193.0,51.0,18.0,77.0,2.0,95.90032154340835,,,,,,,,,,
2008-05-06,443.0,775.0,40.0,28.0,2.0,36.37110016420361,,,,,,,,,,
2008-05-07,132.0,1127.0,9.0,13.0,26.0,10.484511517077046,,,,,,,,,,
2008-05-08,1166.0,56.0,6.0,67.0,0.0,95.41734860883795,,,,,,,,,,
2008-05-09,528.0,679.0,37.0,24.0,0.0,43.74482187241094,,,,,,,,,,
2008-05-12,917.0,279.0,52.0,64.0,3.0,76.67224080267559,,,,,,,,,,
2008-05-13,523.0,669.0,18.0,86.0,7.0,43.875838926174495,,,,,,,,,,
2008-05-14,1018.0,210.0,24.0,56.0,1.0,82.89902280130293,,,,,,,,,,
2008-05-15,379.0,790.0,43.0,25.0,0.0,32.42087254063302,,,,,,,,,,
2008-05-16,300.0,883.0,25.0,9.0,4.0,25.35925612848689,,,,,,,,,,
2008-05-19,550.0,624.0,72.0,26.0,5.0,46.84838160136286,,,,,,,,,,
2008-05-20,58.0,1185.0,2.0,9.0,143.0,4.666130329847144,,,,,,,,,,
2008-05-21,1047.0,179.0,40.0,53.0,0.0,85.39967373572594,,,,,,,,,,
2008-05-22,372.0,846.0,43.0,29.0,1.0,30.541871921182267,,,,,,,,,,
2008-05-23,395.0,809.0,60.0,26.0,12.0,32.80730897009967,,,,,,,,,,
2008-05-26,185.0,1060.0,21.0,9.0,32.0,14.859437751004014,,,,,,,,,,
2008-05-27,820.0,396.0,61.0,9.0,1.0,67.43421052631578,,,,,,,,,,
2008-05-28,1164.0,70.0,23.0,32.0,1.0,94.32739059967584,,,,,,,,,,
2008-05-29,158.0,1090.0,31.0,8.0,0.0,12.660256410256409,,,,,,,,,,
2008-05-30,690.0,499.0,78.0,21.0,0.0,58.031959629941134,,,,,,,,,,
2008-06-02,785.0,408.0,92.0,21.0,0.0,65.80050293378038,,,,,,,,,,
2008-06-03,480.0,744.0,63.0,6.0,1.0,39.21568627450981,,,,,,,,,,
2008-06-04,265.0,991.0,35.0,7.0,1.0,21.098726114649683,,,,,,,,,,
2008-06-05,459.0,733.0,94.0,10.0,5.0,38.50671140939597,,,,,,,,,,
2008-06-06,525.0,682.0,76.0,10.0,7.0,43.49627174813588,,,,,,,,,,
2008-06-10,22.0,1267.0,1.0,5.0,936.0,1.7067494181536074,,,,,,,,,,
2008-06-11,264.0,1015.0,15.0,17.0,33.0,20.64112587959343,,,,,,,,,,
2008-06-12,436.0,785.0,63.0,18.0,15.0,35.70843570843571,,,,,,,,,,
2008-06-13,101.0,1167.0,27.0,3.0,106.0,7.965299684542587,,,,,,,,,,
2008-06-16,297.0,949.0,41.0,9.0,34.0,23.83627608346709,,,,,,,,,,
2008-06-17,139.0,1139.0,20.0,7.0,212.0,10.876369327073553,,,,,,,,,,
2008-06-18,1240.0,39.0,10.0,118.0,1.0,96.95074276778732,,,,,,,,,,
2008-06-19,25.0,1276.0,2.0,1.0,837.0,1.921598770176787,,,,,,,,,,
2008-06-20,857.0,382.0,44.0,69.0,12.0,69.16868442292171,,,,,,,,,,
2008-06-23,276.0,956.0,68.0,10.0,60.0,22.4025974025974,,,,,,,,,,
2008-06-24,1178.0,113.0,22.0,40.0,6.0,91.24709527498064,,,,,,,,,,
2008-06-25,1300.0,6.0,0.0,122.0,4.0,99.5405819295559,,,,,,,,,,
2008-06-26,902.0,295.0,95.0,36.0,4.0,75.35505430242272,,,,,,,,,,
2008-06-27,43.0,1229.0,4.0,2.0,274.0,3.380503144654088,,,,,,,,,,
2008-06-30,701.0,480.0,87.0,22.0,6.0,59.35647756138865,,,,,,,,,,
2008-07-01,237.0,1023.0,63.0,7.0,12.0,18.80952380952381,,,,,,,,,,
2008-07-02,1080.0,169.0,77.0,24.0,3.0,86.46917534027222,,,,,,,,,,
2008-07-03,1294.0,28.0,6.0,66.0,2.0,97.8819969742814,,,,,,,,,,
2008-07-04,518.0,728.0,87.0,33.0,7.0,41.57303370786517,,,,,,,,,,
2008-07-07,1311.0,8.0,2.0,95.0,2.0,99.393479909022,,,,,,,,,,
2008-07-08,927.0,294.0,106.0,45.0,0.0,75.92137592137593,,,,,,,,,,
2008-07-09,1228.0,82.0,20.0,70.0,0.0,93.74045801526718,,,,,,,,,,
2008-07-10,231.0,1071.0,28.0,21.0,0.0,17.741935483870968,,,,,,,,,,
2008-07-11,385.0,889.0,49.0,12.0,0.0,30.21978021978022,,,,,,,,,,
2008-07-14,1105.0,163.0,52.0,33.0,0.0,87.14511041009465,,,,,,,,,,
2008-07-15,180.0,1114.0,28.0,9.0,12.0,13.91035548686244,,,,,,,,,,
2008-07-16,104.0,1217.0,5.0,8.0,57.0,7.872823618470856,,,,,,,,,,
2008-07-17,390.0,847.0,87.0,17.0,18.0,31.52789005658852,,,,,,,,,,
2008-07-18,1199.0,121.0,10.0,30.0,0.0,90.83333333333331,,,,,,,,,,
2008-07-21,1325.0,4.0,1.0,55.0,0.0,99.699021820918,,,,,,,,,,
2008-07-22,666.0,559.0,109.0,22.0,0.0,54.36734693877551,,,,,,,,,,
2008-07-23,362.0,891.0,83.0,16.0,0.0,28.890662410215484,,,,,,,,,,
2008-07-24,1289.0,31.0,16.0,29.0,0.0,97.65151515151516,,,,,,,,,,
2008-07-25,385.0,866.0,71.0,13.0,0.0,30.775379696243004,,,,,,,,,,
2008-07-28,1013.0,234.0,77.0,25.0,1.0,81.23496391339215,,,,,,,,,,
2008-07-29,271.0,1035.0,28.0,12.0,1.0,20.75038284839204,,,,,,,,,,
2008-07-30,538.0,701.0,94.0,8.0,1.0,43.42211460855528,,,,,,,,,,
2008-07-31,96.0,1211.0,20.0,3.0,5.0,7.345065034429993,,,,,,,,,,
2008-08-01,988.0,272.0,76.0,23.0,3.0,78.41269841269842,,,,,,,,,,
2008-08-04,189.0,1121.0,33.0,13.0,6.0,14.427480916030536,,,,,,,,,,
2008-08-05,166.0,1124.0,45.0,8.0,29.0,12.868217054263567,,,,,,,,,,
2008-08-06,699.0,526.0,102.0,10.0,5.0,57.06122448979591,,,,,,,,,,
2008-08-07,782.0,461.0,95.0,15.0,1.0,62.912308930008045,,,,,,,,,,
2008-08-08,28.0,1308.0,6.0,2.0,356.0,2.095808383233533,,,,,,,,,,
2008-08-11,30.0,1303.0,4.0,4.0,640.0,2.250562640660165,,,,,,,,,,
2008-08-12,459.0,793.0,87.0,8.0,59.0,36.66134185303515,,,,,,,,,,
2008-08-13,584.0,661.0,97.0,8.0,15.0,46.907630522088354,,,,,,,,,,
2008-08-14,713.0,451.0,180.0,15.0,8.0,61.25429553264605,,,,,,,,,,
2008-08-15,514.0,630.0,183.0,11.0,1.0,44.93006993006993,,,,,,,,,,
2008-08-18,24.0,1303.0,4.0,1.0,490.0,1.808590806330068,,,,,,,,,,
2008-08-19,1023.0,249.0,72.0,31.0,0.0,80.4245283018868,,,,,,,,,,
2008-08-20,1336.0,0.0,1.0,393.0,0.0,100.0,,,,,,,,,,
2008-08-21,177.0,1146.0,19.0,9.0,28.0,13.378684807256237,,,,,,,,,,
2008-08-22,261.0,1008.0,76.0,11.0,8.0,20.56737588652482,,,,,,,,,,
2008-08-25,564.0,619.0,160.0,13.0,3.0,47.675401521555365,,,,,,,,,,
2008-08-26,73.0,1259.0,17.0,7.0,121.0,5.48048048048048,,,,,,,,,,
2008-08-27,614.0,605.0,126.0,24.0,7.0,50.36915504511895,,,,,,,,,,
2008-08-28,618.0,582.0,146.0,12.0,1.0,51.5,,,,,,,,,,
2008-08-29,1296.0,38.0,16.0,23.0,1.0,97.15142428785607,,,,,,,,,,
2008-09-01,189.0,1136.0,25.0,8.0,19.0,14.264150943396226,,,,,,,,,,
2008-09-02,792.0,441.0,116.0,20.0,5.0,64.23357664233576,,,,,,,,,,
2008-09-03,573.0,658.0,122.0,13.0,28.0,46.54752233956133,,,,,,,,,,
2008-09-04,877.0,331.0,146.0,7.0,2.0,72.59933774834437,,,,,,,,,,
2008-09-05,64.0,1266.0,12.0,4.0,53.0,4.8120300751879705,,,,,,,,,,
2008-09-08,98.0,1223.0,27.0,9.0,126.0,7.418622255866768,,,,,,,,,,
2008-09-09,935.0,325.0,95.0,8.0,8.0,74.20634920634922,,,,,,,,,,
2008-09-10,809.0,357.0,187.0,13.0,2.0,69.38250428816467,,,,,,,,,,
2008-09-11,174.0,1117.0,64.0,8.0,8.0,13.477924089852827,,,,,,,,,,
2008-09-12,677.0,481.0,185.0,9.0,3.0,58.462867012089816,,,,,,,,,,
2008-09-16,252.0,1018.0,66.0,3.0,42.0,19.84251968503937,,,,,,,,,,
2008-09-17,333.0,937.0,84.0,5.0,34.0,26.22047244094488,,,,,,,,,,
2008-09-18,195.0,1129.0,32.0,13.0,7.0,14.72809667673716,,,,,,,,,,
2008-09-19,1347.0,0.0,0.0,1199.0,0.0,100.0,,,,,,,,,,
2008-09-22,1278.0,64.0,12.0,160.0,3.0,95.23099850968704,,,,,,,,,,
2008-09-23,83.0,1264.0,7.0,10.0,213.0,6.161841128433556,,,,,,,,,,
2008-09-24,995.0,282.0,80.0,37.0,3.0,77.9169929522318,,,,,,,,,,
2008-09-25,1225.0,77.0,44.0,36.0,2.0,94.08602150537637,,,,,,,,,,
2008-09-26,548.0,691.0,100.0,20.0,5.0,44.229217110573046,,,,,,,,,,
2008-10-06,167.0,1158.0,21.0,13.0,85.0,12.603773584905662,,,,,,,,,,
2008-10-07,525.0,704.0,118.0,11.0,16.0,42.71765663140765,,,,,,,,,,
2008-10-08,200.0,1096.0,52.0,5.0,18.0,15.432098765432098,,,,,,,,,,
2008-10-09,305.0,891.0,148.0,7.0,7.0,25.50167224080268,,,,,,,,,,
2008-10-10,53.0,1277.0,8.0,4.0,324.0,3.984962406015038,,,,,,,,,,
2008-10-13,989.0,268.0,80.0,34.0,1.0,78.6793953858393,,,,,,,,,,
2008-10-14,165.0,1134.0,52.0,9.0,20.0,12.702078521939956,,,,,,,,,,
2008-10-15,494.0,743.0,106.0,19.0,13.0,39.93532740501213,,,,,,,,,,
2008-10-16,87.0,1254.0,16.0,5.0,223.0,6.487695749440715,,,,,,,,,,
2008-10-17,984.0,268.0,100.0,18.0,3.0,78.59424920127796,,,,,,,,,,
2008-10-20,1262.0,64.0,29.0,41.0,1.0,95.1734539969834,,,,,,,,,,
2008-10-21,501.0,650.0,207.0,26.0,0.0,43.52736750651607,,,,,,,,,,
2008-10-22,249.0,1014.0,89.0,13.0,10.0,19.71496437054632,,,,,,,,,,
2008-10-23,805.0,382.0,160.0,15.0,3.0,67.81802864363942,,,,,,,,,,
2008-10-24,287.0,957.0,111.0,7.0,6.0,23.070739549839228,,,,,,,,,,
2008-10-27,43.0,1296.0,9.0,6.0,581.0,3.2113517550410755,,,,,,,,,,
2008-10-28,1110.0,185.0,63.0,24.0,1.0,85.71428571428571,,,,,,,,,,
2008-10-29,167.0,1133.0,55.0,6.0,79.0,12.846153846153848,,,,,,,,,,
2008-10-30,890.0,316.0,145.0,15.0,0.0,73.79767827529021,,,,,,,,,,
2008-10-31,275.0,980.0,106.0,9.0,12.0,21.91235059760956,,,,,,,,,,
2008-11-03,360.0,861.0,135.0,8.0,20.0,29.484029484029485,,,,,,,,,,
2008-11-04,329.0,933.0,99.0,9.0,19.0,26.06973058637084,,,,,,,,,,
2008-11-05,1302.0,34.0,17.0,38.0,0.0,97.45508982035928,,,,,,,,,,
2008-11-06,263.0,1016.0,75.0,15.0,2.0,20.562939796716183,,,,,,,,,,
2008-11-07,1097.0,156.0,100.0,26.0,1.0,87.54988028731046,,,,,,,,,,
2008-11-10,1343.0,6.0,0.0,245.0,2.0,99.55522609340252,,,,,,,,,,
2008-11-11,359.0,885.0,103.0,31.0,2.0,28.858520900321544,,,,,,,,,,
2008-11-12,1216.0,86.0,51.0,42.0,3.0,93.394777265745,,,,,,,,,,
2008-11-13,1335.0,10.0,8.0,102.0,2.0,99.25650557620816,,,,,,,,,,
2008-11-14,1326.0,7.0,6.0,109.0,3.0,99.4748687171793,,,,,,,,,,
2008-11-17,1295.0,24.0,13.0,166.0,3.0,98.18043972706596,,,,,,,,,,
2008-11-18,82.0,1255.0,5.0,18.0,679.0,6.133133881824982,,,,,,,,,,
2008-11-19,1340.0,8.0,2.0,236.0,1.0,99.406528189911,,,,,,,,,,
2008-11-20,609.0,658.0,77.0,55.0,5.0,48.06629834254144,,,,,,,,,,
2008-11-21,318.0,972.0,51.0,24.0,0.0,24.65116279069768,,,,,,,,,,
2008-11-24,156.0,1161.0,32.0,7.0,71.0,11.84510250569476,,,,,,,,,,
2008-11-25,457.0,786.0,102.0,13.0,6.0,36.76588897827836,,,,,,,,,,
2008-11-26,744.0,445.0,160.0,14.0,4.0,62.57359125315392,,,,,,,,,,
2008-11-27,955.0,216.0,177.0,18.0,1.0,81.55422715627668,,,,,,,,,,
2008-11-28,398.0,869.0,69.0,30.0,6.0,31.412786108918706,,,,,,,,,,
2008-12-01,1280.0,48.0,15.0,119.0,2.0,96.3855421686747,,,,,,,,,,
2008-12-02,957.0,317.0,81.0,49.0,1.0,75.11773940345368,,,,,,,,,,
2008-12-03,1330.0,9.0,3.0,80.0,0.0,99.32785660941,,,,,,,,,,
2008-12-04,497.0,738.0,116.0,27.0,0.0,40.24291497975708,,,,,,,,,,
2008-12-05,1187.0,107.0,58.0,59.0,0.0,91.73106646058731,,,,,,,,,,
2008-12-08,1345.0,1.0,4.0,95.0,0.0,99.925705794948,,,,,,,,,,
2008-12-09,281.0,1034.0,39.0,21.0,0.0,21.368821292775667,,,,,,,,,,
2008-12-10,1251.0,73.0,35.0,56.0,0.0,94.48640483383686,,,,,,,,,,
2008-12-11,192.0,1122.0,36.0,9.0,0.0,14.61187214611872,,,,,,,,,,
2008-12-12,110.0,1219.0,16.0,9.0,28.0,8.276899924755456,,,,,,,,,,
2008-12-15,1017.0,283.0,48.0,40.0,0.0,78.23076923076923,,,,,,,,,,
2008-12-16,987.0,277.0,91.0,33.0,0.0,78.08544303797468,,,,,,,,,,
2008-12-17,902.0,313.0,146.0,20.0,0.0,74.23868312757202,,,,,,,,,,
2008-12-18,1089.0,162.0,104.0,33.0,0.0,87.05035971223022,,,,,,,,,,
2008-12-19,835.0,393.0,129.0,20.0,0.0,67.99674267100977,,,,,,,,,,
2008-12-22,669.0,621.0,58.0,30.0,0.0,51.86046511627907,,,,,,,,,,
2008-12-23,59.0,1298.0,7.0,8.0,176.0,4.3478260869565215,,,,,,,,,,
2008-12-24,262.0,1055.0,48.0,16.0,8.0,19.893697798025816,,,,,,,,,,
2008-12-25,553.0,701.0,99.0,25.0,12.0,44.09888357256778,,,,,,,,,,
2008-12-26,486.0,718.0,140.0,10.0,6.0,40.36544850498338,,,,,,,,,,
2008-12-29,474.0,757.0,84.0,12.0,1.0,38.505280259951256,,,,,,,,,,
2008-12-30,455.0,800.0,102.0,12.0,2.0,36.25498007968128,,,,,,,,,,
2008-12-31,305.0,955.0,95.0,7.0,7.0,24.20634920634921,,,,,,,,,,
2009-01-05,1313.0,38.0,8.0,55.0,2.0,97.18726868985937,,,,,,,,,,
2009-01-06,1292.0,43.0,29.0,49.0,1.0,96.77902621722848,,,,,,,,,,
2009-01-07,654.0,555.0,162.0,16.0,1.0,54.09429280397022,,,,,,,,,,
2009-01-08,262.0,1065.0,41.0,8.0,2.0,19.74378296910324,,,,,,,,,,
2009-01-09,1266.0,56.0,40.0,35.0,0.0,95.76399394856278,,,,,,,,,,
2009-01-12,887.0,338.0,136.0,25.0,0.0,72.40816326530613,,,,,,,,,,
2009-01-13,162.0,1176.0,32.0,6.0,4.0,12.10762331838565,,,,,,,,,,
2009-01-14,1339.0,12.0,12.0,59.0,1.0,99.1117690599556,,,,,,,,,,
2009-01-15,782.0,443.0,125.0,28.0,0.0,63.83673469387755,,,,,,,,,,
2009-01-16,701.0,509.0,150.0,19.0,0.0,57.93388429752066,,,,,,,,,,
2009-01-19,542.0,703.0,127.0,8.0,0.0,43.53413654618474,,,,,,,,,,
2009-01-20,856.0,376.0,132.0,14.0,0.0,69.48051948051948,,,,,,,,,,
2009-01-21,476.0,783.0,103.0,13.0,0.0,37.80778395552025,,,,,,,,,,
2009-01-22,1017.0,235.0,113.0,25.0,0.0,81.23003194888179,,,,,,,,,,
2009-01-23,407.0,884.0,83.0,12.0,4.0,31.52594887683966,,,,,,,,,,
2009-02-02,1256.0,72.0,49.0,56.0,0.0,94.57831325301204,,,,,,,,,,
2009-02-03,1270.0,55.0,46.0,44.0,0.0,95.8490566037736,,,,,,,,,,
2009-02-04,1131.0,148.0,89.0,33.0,0.0,88.42845973416732,,,,,,,,,,
2009-02-05,344.0,983.0,41.0,18.0,0.0,25.92313489073097,,,,,,,,,,
2009-02-06,1365.0,1.0,2.0,74.0,0.0,99.9267935578331,,,,,,,,,,
2009-02-09,1270.0,51.0,46.0,85.0,0.0,96.13928841786526,,,,,,,,,,
2009-02-10,1091.0,199.0,73.0,88.0,0.0,84.57364341085271,,,,,,,,,,
2009-02-11,565.0,737.0,60.0,34.0,0.0,43.39477726574501,,,,,,,,,,
2009-02-12,801.0,513.0,48.0,57.0,0.0,60.95890410958904,,,,,,,,,,
2009-02-13,1313.0,30.0,25.0,65.0,0.0,97.7661950856292,,,,,,,,,,
2009-02-16,965.0,319.0,85.0,70.0,0.0,75.15576323987538,,,,,,,,,,
2009-02-17,172.0,1176.0,21.0,14.0,8.0,12.759643916913946,,,,,,,,,,
2009-02-18,170.0,1185.0,14.0,10.0,27.0,12.546125461254611,,,,,,,,,,
2009-02-19,1102.0,220.0,53.0,44.0,0.0,83.35854765506808,,,,,,,,,,
2009-02-20,1288.0,63.0,17.0,46.0,0.0,95.33678756476684,,,,,,,,,,
2009-02-23,1323.0,24.0,19.0,53.0,0.0,98.21826280623608,,,,,,,,,,
2009-02-24,204.0,1145.0,25.0,16.0,24.0,15.122312824314308,,,,,,,,,,
2009-02-25,712.0,577.0,79.0,34.0,1.0,55.2366175329713,,,,,,,,,,
2009-02-26,50.0,1305.0,9.0,4.0,281.0,3.690036900369003,,,,,,,,,,
2009-02-27,105.0,1246.0,13.0,6.0,354.0,7.772020725388601,,,,,,,,,,
2009-03-02,1140.0,188.0,40.0,50.0,1.0,85.8433734939759,,,,,,,,,,
2009-03-03,685.0,592.0,96.0,31.0,0.0,53.64134690681285,,,,,,,,,,
2009-03-04,1374.0,2.0,1.0,99.0,0.0,99.8546511627907,,,,,,,,,,
2009-03-05,786.0,494.0,95.0,32.0,0.0,61.40624999999999,,,,,,,,,,
2009-03-06,446.0,862.0,58.0,14.0,3.0,34.09785932721712,,,,,,,,,,
2009-03-09,154.0,1203.0,12.0,4.0,29.0,11.348563006632276,,,,,,,,,,
2009-03-10,1244.0,88.0,33.0,25.0,0.0,93.3933933933934,,,,,,,,,,
2009-03-11,486.0,779.0,107.0,13.0,0.0,38.41897233201581,,,,,,,,,,
2009-03-12,632.0,634.0,100.0,17.0,0.0,49.92101105845181,,,,,,,,,,
2009-03-13,380.0,909.0,80.0,7.0,0.0,29.48021722265322,,,,,,,,,,
2009-03-16,1014.0,240.0,110.0,15.0,0.0,80.86124401913875,,,,,,,,,,
2009-03-17,1369.0,7.0,4.0,28.0,0.0,99.49127906976744,,,,,,,,,,
2009-03-18,890.0,346.0,128.0,19.0,0.0,72.00647249190939,,,,,,,,,,
2009-03-19,1253.0,71.0,50.0,22.0,0.0,94.63746223564956,,,,,,,,,,
2009-03-20,427.0,881.0,49.0,23.0,0.0,32.645259938837924,,,,,,,,,,
2009-03-23,1138.0,132.0,86.0,36.0,0.0,89.60629921259843,,,,,,,,,,
2009-03-24,763.0,514.0,89.0,12.0,0.0,59.749412685982776,,,,,,,,,,
2009-03-25,230.0,1098.0,33.0,9.0,0.0,17.319277108433734,,,,,,,,,,
2009-03-26,1246.0,68.0,44.0,40.0,0.0,94.82496194824962,,,,,,,,,,
2009-03-27,775.0,500.0,80.0,32.0,0.0,60.78431372549019,,,,,,,,,,
2009-03-30,705.0,572.0,74.0,19.0,0.0,55.20751761942052,,,,,,,,,,
2009-03-31,706.0,553.0,96.0,42.0,0.0,56.07625099285147,,,,,,,,,,
2009-04-01,1043.0,251.0,69.0,28.0,0.0,80.60278207109737,,,,,,,,,,
2009-04-02,555.0,718.0,85.0,24.0,0.0,43.59780047132757,,,,,,,,,,
2009-04-03,414.0,904.0,43.0,25.0,0.0,31.41122913505311,,,,,,,,,,
2009-04-07,973.0,309.0,73.0,28.0,0.0,75.89703588143526,,,,,,,,,,
2009-04-08,173.0,1160.0,19.0,8.0,7.0,12.978244561140285,,,,,,,,,,
2009-04-09,1099.0,177.0,77.0,35.0,0.0,86.12852664576802,,,,,,,,,,
2009-04-10,1295.0,26.0,10.0,48.0,1.0,98.03179409538228,,,,,,,,,,
2009-04-13,930.0,299.0,115.0,60.0,0.0,75.6712774613507,,,,,,,,,,
2009-04-14,922.0,363.0,69.0,41.0,0.0,71.75097276264592,,,,,,,,,,
2009-04-15,788.0,474.0,65.0,49.0,0.0,62.4405705229794,,,,,,,,,,
2009-04-16,642.0,632.0,59.0,47.0,0.0,50.39246467817896,,,,,,,,,,
2009-04-17,357.0,935.0,46.0,20.0,4.0,27.631578947368425,,,,,,,,,,
2009-04-20,1191.0,105.0,22.0,56.0,0.0,91.89814814814817,,,,,,,,,,
2009-04-21,548.0,740.0,36.0,17.0,1.0,42.54658385093168,,,,,,,,,,
2009-04-22,110.0,1206.0,13.0,5.0,46.0,8.358662613981762,,,,,,,,,,
2009-04-23,730.0,540.0,68.0,19.0,0.0,57.48031496062992,,,,,,,,,,
2009-04-24,399.0,873.0,62.0,13.0,1.0,31.367924528301888,,,,,,,,,,
2009-04-27,169.0,1144.0,24.0,9.0,54.0,12.871287128712872,,,,,,,,,,
2009-04-28,903.0,347.0,59.0,32.0,7.0,72.24000000000001,,,,,,,,,,
2009-04-29,1189.0,137.0,18.0,32.0,0.0,89.66817496229261,,,,,,,,,,
2009-04-30,908.0,330.0,100.0,22.0,1.0,73.34410339256866,,,,,,,,,,
2009-05-04,1333.0,12.0,12.0,49.0,0.0,99.10780669144982,,,,,,,,,,
2009-05-05,916.0,361.0,68.0,21.0,0.0,71.73061863743148,,,,,,,,,,
2009-05-06,985.0,273.0,85.0,32.0,0.0,78.29888712241655,,,,,,,,,,
2009-05-07,431.0,885.0,33.0,29.0,1.0,32.75075987841946,,,,,,,,,,
2009-05-08,617.0,626.0,67.0,25.0,1.0,49.637972646822206,,,,,,,,,,
2009-05-11,135.0,1167.0,24.0,11.0,15.0,10.368663594470046,,,,,,,,,,
2009-05-12,1175.0,129.0,30.0,26.0,0.0,90.1073619631902,,,,,,,,,,
2009-05-13,796.0,448.0,98.0,25.0,0.0,63.9871382636656,,,,,,,,,,
2009-05-14,642.0,657.0,58.0,16.0,0.0,49.42263279445728,,,,,,,,,,
2009-05-15,732.0,481.0,70.0,17.0,0.0,60.34624896949712,,,,,,,,,,
2009-05-18,756.0,490.0,64.0,19.0,0.0,60.67415730337079,,,,,,,,,,
2009-05-19,783.0,444.0,100.0,28.0,0.0,63.81418092909536,,,,,,,,,,
2009-05-20,377.0,881.0,55.0,12.0,0.0,29.968203497615264,,,,,,,,,,
2009-05-21,265.0,1057.0,19.0,10.0,1.0,20.04538577912254,,,,,,,,,,
2009-05-22,696.0,514.0,103.0,6.0,2.0,57.52066115702479,,,,,,,,,,
2009-05-25,541.0,733.0,63.0,21.0,0.0,42.46467817896389,,,,,,,,,,
2009-05-26,671.0,564.0,103.0,21.0,1.0,54.33198380566802,,,,,,,,,,
2009-05-27,617.0,642.0,91.0,7.0,0.0,49.00714853057983,,,,,,,,,,
2009-06-01,1114.0,148.0,80.0,26.0,0.0,88.27258320126784,,,,,,,,,,
2009-06-02,680.0,580.0,95.0,13.0,0.0,53.96825396825397,,,,,,,,,,
2009-06-03,791.0,470.0,98.0,26.0,0.0,62.72799365582871,,,,,,,,,,
2009-06-04,500.0,815.0,46.0,18.0,0.0,38.02281368821293,,,,,,,,,,
2009-06-05,494.0,793.0,67.0,17.0,1.0,38.38383838383838,,,,,,,,,,
2009-06-08,578.0,711.0,74.0,23.0,1.0,44.84096198603569,,,,,,,,,,
2009-06-09,704.0,587.0,74.0,24.0,0.0,54.53137103020914,,,,,,,,,,
2009-06-10,946.0,348.0,66.0,21.0,0.0,73.10664605873262,,,,,,,,,,
2009-06-11,449.0,872.0,44.0,13.0,0.0,33.989401968205904,,,,,,,,,,
2009-06-12,200.0,1127.0,24.0,4.0,2.0,15.071590052750569,,,,,,,,,,
2009-06-15,1082.0,210.0,72.0,9.0,0.0,83.74613003095975,,,,,,,,,,
2009-06-16,498.0,789.0,76.0,9.0,0.0,38.6946386946387,,,,,,,,,,
2009-06-17,1046.0,241.0,80.0,10.0,0.0,81.27428127428128,,,,,,,,,,
2009-06-18,768.0,482.0,109.0,19.0,0.0,61.44,,,,,,,,,,
2009-06-19,639.0,651.0,67.0,14.0,0.0,49.53488372093023,,,,,,,,,,
2009-06-22,430.0,855.0,72.0,7.0,3.0,33.46303501945525,,,,,,,,,,
2009-06-23,483.0,798.0,78.0,13.0,0.0,37.704918032786885,,,,,,,,,,
2009-06-24,1006.0,267.0,92.0,13.0,1.0,79.02592301649646,,,,,,,,,,
2009-06-25,516.0,771.0,61.0,14.0,0.0,40.0932400932401,,,,,,,,,,
2009-06-26,642.0,594.0,89.0,19.0,0.0,51.94174757281553,,,,,,,,,,
2009-06-29,731.0,497.0,85.0,12.0,0.0,59.52768729641694,,,,,,,,,,
2009-06-30,391.0,900.0,43.0,9.0,0.0,30.286599535244,,,,,,,,,,
2009-07-01,859.0,396.0,109.0,22.0,0.0,68.44621513944223,,,,,,,,,,
2009-07-02,850.0,422.0,89.0,17.0,0.0,66.82389937106919,,,,,,,,,,
2009-07-03,727.0,560.0,72.0,28.0,0.0,56.487956487956495,,,,,,,,,,
2009-07-06,644.0,650.0,59.0,22.0,1.0,49.76816074188562,,,,,,,,,,
2009-07-07,760.0,547.0,56.0,11.0,0.0,58.148431522570775,,,,,,,,,,
2009-07-08,909.0,369.0,76.0,22.0,0.0,71.12676056338029,,,,,,,,,,
2009-07-09,1156.0,165.0,37.0,24.0,0.0,87.50946252838759,,,,,,,,,,
2009-07-10,668.0,619.0,71.0,16.0,0.0,51.90365190365191,,,,,,,,,,
2009-07-13,845.0,447.0,64.0,18.0,0.0,65.40247678018576,,,,,,,,,,
2009-07-14,1196.0,110.0,59.0,23.0,0.0,91.57733537519142,,,,,,,,,,
2009-07-15,777.0,494.0,89.0,32.0,0.0,61.13296616837136,,,,,,,,,,
2009-07-16,382.0,918.0,51.0,21.0,0.0,29.384615384615387,,,,,,,,,,
2009-07-17,725.0,548.0,86.0,30.0,1.0,56.95208169677927,,,,,,,,,,
2009-07-20,1117.0,179.0,52.0,45.0,0.0,86.18827160493827,,,,,,,,,,
2009-07-21,244.0,1105.0,15.0,12.0,0.0,18.08747220163084,,,,,,,,,,
2009-07-22,1125.0,165.0,74.0,33.0,0.0,87.20930232558139,,,,,,,,,,
2009-07-23,835.0,447.0,82.0,22.0,0.0,65.13260530421216,,,,,,,,,,
2009-07-24,428.0,899.0,37.0,19.0,0.0,32.25320271288621,,,,,,,,,,
2009-07-27,1138.0,169.0,53.0,32.0,0.0,87.06962509563887,,,,,,,,,,
2009-07-28,865.0,450.0,54.0,32.0,1.0,65.77946768060836,,,,,,,,,,
2009-07-29,75.0,1284.0,6.0,5.0,88.0,5.518763796909492,,,,,,,,,,
2009-07-30,829.0,487.0,50.0,28.0,2.0,62.99392097264438,,,,,,,,,,
2009-07-31,1316.0,40.0,10.0,30.0,0.0,97.05014749262536,,,,,,,,,,
2009-08-03,1105.0,217.0,51.0,46.0,0.0,83.58547655068078,,,,,,,,,,
2009-08-04,738.0,585.0,51.0,53.0,0.0,55.78231292517006,,,,,,,,,,
2009-08-05,722.0,603.0,43.0,18.0,0.0,54.490566037735846,,,,,,,,,,
2009-08-06,353.0,973.0,40.0,12.0,1.0,26.621417797888387,,,,,,,,,,
2009-08-07,168.0,1168.0,29.0,4.0,8.0,12.574850299401197,,,,,,,,,,
2009-08-10,841.0,463.0,52.0,13.0,0.0,64.49386503067484,,,,,,,,,,
2009-08-11,843.0,448.0,74.0,9.0,0.0,65.29821843532146,,,,,,,,,,
2009-08-12,81.0,1274.0,6.0,4.0,14.0,5.977859778597786,,,,,,,,,,
2009-08-13,700.0,572.0,96.0,13.0,1.0,55.0314465408805,,,,,,,,,,
2009-08-14,101.0,1251.0,18.0,1.0,30.0,7.470414201183432,,,,,,,,,,
2009-08-17,39.0,1311.0,9.0,3.0,332.0,2.888888888888889,,,,,,,,,,
2009-08-18,1070.0,254.0,34.0,17.0,4.0,80.81570996978851,,,,,,,,,,
2009-08-19,123.0,1229.0,16.0,6.0,91.0,9.097633136094675,,,,,,,,,,
2009-08-20,1350.0,18.0,2.0,35.0,1.0,98.68421052631578,,,,,,,,,,
2009-08-21,1301.0,51.0,16.0,47.0,1.0,96.22781065088756,,,,,,,,,,
2009-08-24,1134.0,179.0,57.0,54.0,0.0,86.36709824828637,,,,,,,,,,
2009-08-25,375.0,968.0,23.0,25.0,4.0,27.922561429635145,,,,,,,,,,
2009-08-26,1264.0,82.0,22.0,67.0,0.0,93.9078751857355,,,,,,,,,,
2009-08-27,879.0,432.0,65.0,38.0,0.0,67.04805491990847,,,,,,,,,,
2009-08-28,182.0,1155.0,27.0,9.0,4.0,13.612565445026178,,,,,,,,,,
2009-08-31,44.0,1320.0,3.0,4.0,337.0,3.225806451612903,,,,,,,,,,
2009-09-01,579.0,707.0,93.0,13.0,22.0,45.02332814930016,,,,,,,,,,
2009-09-02,859.0,422.0,100.0,11.0,3.0,67.05698672911787,,,,,,,,,,
2009-09-03,1375.0,0.0,2.0,61.0,0.0,100.0,,,,,,,,,,
2009-09-04,1114.0,174.0,87.0,27.0,0.0,86.49068322981367,,,,,,,,,,
2009-09-07,890.0,356.0,126.0,31.0,0.0,71.42857142857143,,,,,,,,,,
2009-09-08,1125.0,173.0,69.0,21.0,0.0,86.67180277349769,,,,,,,,,,
2009-09-09,713.0,572.0,92.0,22.0,0.0,55.4863813229572,,,,,,,,,,
2009-09-10,345.0,973.0,55.0,15.0,0.0,26.176024279210925,,,,,,,,,,
2009-09-11,1171.0,150.0,58.0,28.0,0.0,88.6449659348978,,,,,,,,,,
2009-09-14,1307.0,49.0,17.0,35.0,1.0,96.38643067846608,,,,,,,,,,
2009-09-15,825.0,450.0,91.0,31.0,0.0,64.70588235294117,,,,,,,,,,
2009-09-16,582.0,760.0,44.0,31.0,0.0,43.36810730253353,,,,,,,,,,
2009-09-17,1256.0,98.0,35.0,56.0,0.0,92.76218611521418,,,,,,,,,,
2009-09-18,169.0,1199.0,10.0,12.0,2.0,12.353801169590644,,,,,,,,,,
2009-09-21,891.0,435.0,52.0,25.0,0.0,67.19457013574662,,,,,,,,,,
2009-09-22,205.0,1154.0,26.0,11.0,0.0,15.084621044885946,,,,,,,,,,
2009-09-23,184.0,1180.0,20.0,7.0,5.0,13.48973607038123,,,,,,,,,,
2009-09-24,449.0,867.0,68.0,10.0,1.0,34.11854103343465,,,,,,,,,,
2009-09-25,409.0,876.0,86.0,5.0,10.0,31.828793774319063,,,,,,,,,,
2009-09-28,158.0,1201.0,23.0,4.0,13.0,11.626195732155995,,,,,,,,,,
2009-09-29,226.0,1138.0,33.0,5.0,13.0,16.568914956011728,,,,,,,,,,
2009-09-30,1027.0,263.0,105.0,8.0,1.0,79.6124031007752,,,,,,,,,,
2009-10-09,1389.0,1.0,0.0,82.0,0.0,99.92805755395683,,,,,,,,,,
2009-10-12,726.0,554.0,105.0,17.0,0.0,56.71874999999999,,,,,,,,,,
2009-10-13,1225.0,120.0,51.0,17.0,0.0,91.07806691449817,,,,,,,,,,
2009-10-14,923.0,361.0,114.0,17.0,0.0,71.88473520249221,,,,,,,,,,
2009-10-15,724.0,569.0,89.0,10.0,0.0,55.9938128383604,,,,,,,,,,
2009-10-16,599.0,715.0,77.0,11.0,1.0,45.58599695585997,,,,,,,,,,
2009-10-19,1323.0,48.0,32.0,25.0,0.0,96.49890590809628,,,,,,,,,,
2009-10-20,1096.0,221.0,80.0,22.0,0.0,83.21943811693242,,,,,,,,,,
2009-10-21,390.0,958.0,58.0,8.0,0.0,28.931750741839764,,,,,,,,,,
2009-10-22,693.0,614.0,97.0,14.0,0.0,53.02218821729151,,,,,,,,,,
2009-10-23,1113.0,232.0,59.0,20.0,0.0,82.75092936802973,,,,,,,,,,
2009-10-26,629.0,703.0,64.0,13.0,0.0,47.22222222222222,,,,,,,,,,
2009-10-27,178.0,1198.0,22.0,6.0,0.0,12.936046511627907,,,,,,,,,,
2009-10-28,1013.0,333.0,49.0,9.0,0.0,75.26002971768202,,,,,,,,,,
2009-10-29,227.0,1140.0,23.0,5.0,0.0,16.605705925384054,,,,,,,,,,
2009-10-30,1077.0,238.0,75.0,12.0,0.0,81.90114068441065,,,,,,,,,,
2009-11-02,1363.0,48.0,10.0,46.0,0.0,96.59815733522323,,,,,,,,,,
2009-11-03,1247.0,132.0,47.0,32.0,0.0,90.42784626540973,,,,,,,,,,
2009-11-04,871.0,461.0,93.0,13.0,0.0,65.39039039039038,,,,,,,,,,
2009-11-05,960.0,354.0,99.0,20.0,0.0,73.0593607305936,,,,,,,,,,
2009-11-06,724.0,612.0,81.0,16.0,0.0,54.19161676646706,,,,,,,,,,
2009-11-09,863.0,479.0,72.0,12.0,0.0,64.3070044709389,,,,,,,,,,
2009-11-10,572.0,764.0,72.0,8.0,0.0,42.81437125748503,,,,,,,,,,
2009-11-11,724.0,620.0,74.0,12.0,0.0,53.86904761904761,,,,,,,,,,
2009-11-12,758.0,557.0,93.0,10.0,0.0,57.6425855513308,,,,,,,,,,
2009-11-13,963.0,371.0,76.0,9.0,0.0,72.18890554722638,,,,,,,,,,
2009-11-16,1299.0,69.0,30.0,34.0,0.0,94.9561403508772,,,,,,,,,,
2009-11-17,704.0,628.0,87.0,11.0,0.0,52.85285285285285,,,,,,,,,,
2009-11-18,728.0,641.0,64.0,15.0,0.0,53.17750182615048,,,,,,,,,,
2009-11-19,1128.0,258.0,48.0,27.0,0.0,81.38528138528139,,,,,,,,,,
2009-11-20,744.0,607.0,74.0,24.0,0.0,55.07031828275352,,,,,,,,,,
2009-11-23,1180.0,201.0,55.0,26.0,0.0,85.44532947139754,,,,,,,,,,
2009-11-24,86.0,1346.0,8.0,9.0,11.0,6.005586592178771,,,,,,,,,,
2009-11-25,1391.0,33.0,15.0,63.0,0.0,97.68258426966293,,,,,,,,,,
2009-11-26,166.0,1232.0,12.0,15.0,9.0,11.874105865522177,,,,,,,,,,
2009-11-27,254.0,1134.0,32.0,2.0,22.0,18.29971181556196,,,,,,,,,,
2009-11-30,1404.0,16.0,4.0,59.0,0.0,98.87323943661973,,,,,,,,,,
2009-12-01,1359.0,61.0,15.0,33.0,0.0,95.70422535211269,,,,,,,,,,
2009-12-02,1081.0,283.0,62.0,35.0,0.0,79.25219941348973,,,,,,,,,,
2009-12-03,841.0,553.0,44.0,20.0,2.0,60.3299856527977,,,,,,,,,,
2009-12-04,250.0,1165.0,12.0,9.0,3.0,17.6678445229682,,,,,,,,,,
2009-12-07,1198.0,193.0,42.0,21.0,0.0,86.12508986340762,,,,,,,,,,
2009-12-08,559.0,825.0,56.0,8.0,0.0,40.39017341040462,,,,,,,,,,
2009-12-09,262.0,1153.0,24.0,5.0,0.0,18.51590106007067,,,,,,,,,,
2009-12-10,1026.0,347.0,64.0,9.0,0.0,74.72687545520758,,,,,,,,,,
2009-12-11,556.0,808.0,72.0,2.0,0.0,40.76246334310851,,,,,,,,,,
2009-12-14,502.0,898.0,36.0,9.0,0.0,35.85714285714286,,,,,,,,,,
2009-12-15,744.0,607.0,87.0,10.0,1.0,55.07031828275352,,,,,,,,,,
2009-12-16,440.0,925.0,78.0,5.0,0.0,32.234432234432234,,,,,,,,,,
2009-12-17,125.0,1296.0,21.0,5.0,2.0,8.796622097114708,,,,,,,,,,
2009-12-18,125.0,1297.0,10.0,0.0,18.0,8.790436005625878,,,,,,,,,,
2009-12-21,1162.0,226.0,38.0,8.0,1.0,83.71757925072046,,,,,,,,,,
2009-12-22,176.0,1247.0,18.0,4.0,2.0,12.368236120871398,,,,,,,,,,
2009-12-23,1286.0,123.0,35.0,8.0,0.0,91.27040454222852,,,,,,,,,,
2009-12-24,1424.0,9.0,4.0,23.0,0.0,99.37194696441033,,,,,,,,,,
2009-12-25,770.0,571.0,85.0,8.0,0.0,57.41983594332588,,,,,,,,,,
2009-12-28,1286.0,74.0,49.0,15.0,0.0,94.55882352941175,,,,,,,,,,
2009-12-29,766.0,583.0,80.0,11.0,0.0,56.78280207561156,,,,,,,,,,
2009-12-30,521.0,857.0,42.0,9.0,0.0,37.80841799709725,,,,,,,,,,
2009-12-31,1006.0,327.0,101.0,6.0,0.0,75.4688672168042,,,,,,,,,,
2010-01-04,696.0,697.0,67.0,10.0,0.0,49.96410624551328,,,,,,,,,,
2010-01-05,942.0,466.0,49.0,12.0,0.0,66.9034090909091,,,,,,,,,,
2010-01-06,548.0,828.0,79.0,8.0,0.0,39.825581395348834,,,,,,,,,,
2010-01-07,209.0,1232.0,16.0,6.0,0.0,14.50381679389313,,,,,,,,,,
2010-01-08,1006.0,374.0,68.0,15.0,1.0,72.89855072463767,,,,,,,,,,
2010-01-11,794.0,612.0,52.0,28.0,0.0,56.47226173541963,,,,,,,,,,
2010-01-12,1290.0,149.0,29.0,22.0,0.0,89.64558721334261,,,,,,,,,,
2010-01-13,435.0,992.0,44.0,12.0,0.0,30.483531885073585,,,,,,,,,,
2010-01-14,1393.0,49.0,30.0,22.0,0.0,96.60194174757282,,,,,,,,,,
2010-01-15,839.0,525.0,82.0,9.0,0.0,61.510263929618766,,,,,,,,,,
2010-01-18,1118.0,287.0,72.0,14.0,1.0,79.57295373665481,,,,,,,,,,
2010-01-19,560.0,857.0,53.0,11.0,0.0,39.52011291460833,,,,,,,,,,
2010-01-20,146.0,1307.0,16.0,7.0,13.0,10.048176187198898,,,,,,,,,,
2010-01-21,874.0,540.0,73.0,12.0,0.0,61.810466760961816,,,,,,,,,,
2010-01-22,199.0,1271.0,12.0,2.0,6.0,13.537414965986391,,,,,,,,,,
2010-01-25,296.0,1114.0,66.0,2.0,2.0,20.99290780141844,,,,,,,,,,
2010-01-26,111.0,1371.0,9.0,0.0,14.0,7.489878542510121,,,,,,,,,,
2010-01-27,435.0,971.0,88.0,4.0,2.0,30.93883357041252,,,,,,,,,,
2010-01-28,1135.0,272.0,79.0,11.0,2.0,80.66808813077469,,,,,,,,,,
2010-01-29,898.0,474.0,121.0,8.0,0.0,65.45189504373178,,,,,,,,,,
2010-02-01,446.0,1018.0,23.0,8.0,7.0,30.46448087431694,,,,,,,,,,
2010-02-02,501.0,900.0,97.0,6.0,1.0,35.76017130620985,,,,,,,,,,
2010-02-03,1117.0,338.0,36.0,28.0,1.0,76.76975945017183,,,,,,,,,,
2010-02-04,894.0,512.0,103.0,39.0,0.0,63.5846372688478,,,,,,,,,,
2010-02-05,267.0,1203.0,29.0,9.0,12.0,18.16326530612245,,,,,,,,,,
2010-02-08,758.0,645.0,94.0,18.0,2.0,54.02708481824662,,,,,,,,,,
2010-02-09,782.0,620.0,101.0,4.0,2.0,55.777460770328105,,,,,,,,,,
2010-02-10,1262.0,186.0,65.0,6.0,0.0,87.15469613259668,,,,,,,,,,
2010-02-11,560.0,829.0,121.0,1.0,1.0,40.31677465802736,,,,,,,,,,
2010-02-12,1326.0,122.0,78.0,5.0,0.0,91.57458563535911,,,,,,,,,,
2010-02-22,672.0,740.0,106.0,13.0,0.0,47.59206798866856,,,,,,,,,,
2010-02-23,848.0,591.0,73.0,17.0,0.0,58.92981236970118,,,,,,,,,,
2010-02-24,1423.0,74.0,22.0,22.0,0.0,95.05678022712092,,,,,,,,,,
2010-02-25,1354.0,91.0,58.0,21.0,0.0,93.70242214532873,,,,,,,,,,
2010-02-26,630.0,766.0,90.0,11.0,0.0,45.12893982808023,,,,,,,,,,
2010-03-01,1192.0,243.0,77.0,22.0,0.0,83.06620209059233,,,,,,,,,,
2010-03-02,660.0,786.0,54.0,12.0,0.0,45.64315352697096,,,,,,,,,,
2010-03-03,1084.0,351.0,78.0,23.0,0.0,75.54006968641114,,,,,,,,,,
2010-03-04,106.0,1401.0,18.0,3.0,0.0,7.033842070338421,,,,,,,,,,
2010-03-05,834.0,585.0,98.0,11.0,0.0,58.7737843551797,,,,,,,,,,
2010-03-08,1217.0,239.0,70.0,9.0,1.0,83.58516483516483,,,,,,,,,,
2010-03-09,695.0,750.0,90.0,7.0,0.0,48.09688581314879,,,,,,,,,,
2010-03-10,358.0,1119.0,49.0,4.0,0.0,24.238320920785377,,,,,,,,,,
2010-03-11,559.0,900.0,75.0,4.0,0.0,38.3139136394791,,,,,,,,,,
2010-03-12,258.0,1215.0,53.0,1.0,0.0,17.515274949083505,,,,,,,,,,
2010-03-15,472.0,1003.0,50.0,3.0,3.0,32.0,,,,,,,,,,
2010-03-16,1097.0,363.0,77.0,10.0,0.0,75.13698630136987,,,,,,,,,,
2010-03-17,1509.0,17.0,6.0,13.0,0.0,98.8859764089122,,,,,,,,,,
2010-03-18,743.0,659.0,119.0,8.0,0.0,52.99572039942939,,,,,,,,,,
2010-03-19,1081.0,353.0,92.0,8.0,0.0,75.38354253835425,,,,,,,,,,
2010-03-22,923.0,510.0,89.0,9.0,0.0,64.41032798325192,,,,,,,,,,
2010-03-23,467.0,997.0,73.0,7.0,0.0,31.89890710382513,,,,,,,,,,
2010-03-24,839.0,614.0,88.0,17.0,0.0,57.742601514108735,,,,,,,,,,
2010-03-25,409.0,1079.0,40.0,13.0,1.0,27.486559139784944,,,,,,,,,,
2010-03-26,1212.0,270.0,42.0,11.0,0.0,81.78137651821862,,,,,,,,,,
2010-03-29,1020.0,433.0,75.0,6.0,0.0,70.19958706125257,,,,,,,,,,
2010-03-30,938.0,510.0,80.0,5.0,0.0,64.77900552486187,,,,,,,,,,
2010-03-31,731.0,735.0,52.0,8.0,0.0,49.86357435197817,,,,,,,,,,
2010-04-01,1339.0,153.0,57.0,17.0,0.0,89.74530831099196,,,,,,,,,,
2010-04-02,796.0,662.0,77.0,9.0,0.0,54.59533607681756,,,,,,,,,,
2010-04-06,855.0,617.0,66.0,7.0,0.0,58.08423913043478,,,,,,,,,,
2010-04-07,796.0,692.0,55.0,6.0,0.0,53.494623655913976,,,,,,,,,,
2010-04-08,604.0,864.0,62.0,8.0,0.0,41.14441416893733,,,,,,,,,,
2010-04-09,1257.0,206.0,57.0,9.0,0.0,85.91934381408065,,,,,,,,,,
2010-04-12,941.0,560.0,23.0,16.0,0.0,62.69153897401733,,,,,,,,,,
2010-04-13,406.0,1098.0,37.0,4.0,1.0,26.99468085106383,,,,,,,,,,
2010-04-14,1020.0,468.0,67.0,15.0,3.0,68.54838709677419,,,,,,,,,,
2010-04-15,375.0,1101.0,47.0,6.0,3.0,25.406504065040654,,,,,,,,,,
2010-04-16,632.0,787.0,74.0,3.0,1.0,44.538407329105,,,,,,,,,,
2010-04-19,104.0,1412.0,15.0,2.0,40.0,6.860158311345646,,,,,,,,,,
2010-04-20,964.0,509.0,40.0,13.0,10.0,65.44467073998642,,,,,,,,,,
2010-04-21,1496.0,33.0,10.0,28.0,0.0,97.84172661870504,,,,,,,,,,
2010-04-22,769.0,703.0,43.0,13.0,0.0,52.24184782608695,,,,,,,,,,
2010-04-23,496.0,967.0,49.0,7.0,3.0,33.90293916609706,,,,,,,,,,
2010-04-26,670.0,805.0,54.0,9.0,5.0,45.42372881355932,,,,,,,,,,
2010-04-27,222.0,1295.0,17.0,3.0,10.0,14.634146341463412,,,,,,,,,,
2010-04-28,573.0,895.0,56.0,8.0,9.0,39.03269754768392,,,,,,,,,,
2010-04-29,181.0,1332.0,30.0,5.0,29.0,11.96298744216788,,,,,,,,,,
2010-04-30,301.0,1219.0,29.0,3.0,43.0,19.80263157894737,,,,,,,,,,
2010-05-04,678.0,830.0,65.0,9.0,12.0,44.96021220159151,,,,,,,,,,
2010-05-05,1424.0,120.0,21.0,20.0,0.0,92.2279792746114,,,,,,,,,,
2010-05-06,124.0,1405.0,26.0,4.0,17.0,8.109875735775017,,,,,,,,,,
2010-05-07,379.0,1128.0,42.0,3.0,15.0,25.14930325149304,,,,,,,,,,
2010-05-10,563.0,939.0,43.0,4.0,48.0,37.48335552596538,,,,,,,,,,
2010-05-11,175.0,1352.0,27.0,3.0,25.0,11.4603798297315,,,,,,,,,,
2010-05-12,439.0,1049.0,63.0,5.0,65.0,29.50268817204301,,,,,,,,,,
2010-05-13,1413.0,105.0,39.0,19.0,0.0,93.08300395256916,,,,,,,,,,
2010-05-14,770.0,696.0,84.0,12.0,0.0,52.52387448840382,,,,,,,,,,
2010-05-17,25.0,1525.0,4.0,2.0,271.0,1.6129032258064515,,,,,,,,,,
2010-05-18,1039.0,410.0,59.0,15.0,1.0,71.70462387853692,,,,,,,,,,
2010-05-19,689.0,780.0,87.0,6.0,0.0,46.90265486725664,,,,,,,,,,
2010-05-20,244.0,1234.0,58.0,2.0,6.0,16.508795669824085,,,,,,,,,,
2010-05-21,1318.0,167.0,48.0,18.0,0.0,88.75420875420875,,,,,,,,,,
2010-05-24,1566.0,3.0,0.0,48.0,0.0,99.80879541108987,,,,,,,,,,
2010-05-25,466.0,1034.0,66.0,9.0,2.0,31.066666666666663,,,,,,,,,,
2010-05-26,787.0,665.0,106.0,7.0,0.0,54.20110192837465,,,,,,,,,,
2010-05-27,1484.0,52.0,42.0,14.0,0.0,96.61458333333334,,,,,,,,,,
2010-05-28,733.0,734.0,86.0,10.0,0.0,49.96591683708248,,,,,,,,,,
2010-05-31,141.0,1400.0,26.0,5.0,1.0,9.149902660609992,,,,,,,,,,
2010-06-01,275.0,1292.0,28.0,7.0,2.0,17.549457562220805,,,,,,,,,,
2010-06-02,1319.0,220.0,57.0,9.0,0.0,85.7050032488629,,,,,,,,,,
2010-06-03,428.0,1084.0,69.0,8.0,0.0,28.306878306878307,,,,,,,,,,
2010-06-04,1079.0,412.0,98.0,13.0,0.0,72.36753856472167,,,,,,,,,,
2010-06-07,646.0,910.0,39.0,18.0,3.0,41.51670951156812,,,,,,,,,,
2010-06-08,1139.0,373.0,80.0,16.0,0.0,75.33068783068782,,,,,,,,,,
2010-06-09,1469.0,103.0,33.0,14.0,0.0,93.44783715012724,,,,,,,,,,
2010-06-10,739.0,756.0,93.0,2.0,1.0,49.4314381270903,,,,,,,,,,
2010-06-11,602.0,898.0,96.0,8.0,0.0,40.13333333333333,,,,,,,,,,
2010-06-17,413.0,1063.0,88.0,4.0,6.0,27.981029810298104,,,,,,,,,,
2010-06-18,77.0,1476.0,14.0,2.0,37.0,4.958145524790727,,,,,,,,,,
2010-06-21,1508.0,77.0,9.0,20.0,0.0,95.14195583596216,,,,,,,,,,
2010-06-22,1007.0,470.0,111.0,14.0,0.0,68.17874069058904,,,,,,,,,,
2010-06-23,549.0,981.0,60.0,3.0,0.0,35.88235294117647,,,,,,,,,,
2010-06-24,733.0,753.0,128.0,4.0,1.0,49.32705248990579,,,,,,,,,,
2010-06-25,217.0,1328.0,42.0,0.0,2.0,14.045307443365695,,,,,,,,,,
2010-06-28,270.0,1244.0,60.0,2.0,0.0,17.8335535006605,,,,,,,,,,
2010-06-29,34.0,1547.0,1.0,1.0,88.0,2.1505376344086025,,,,,,,,,,
2010-06-30,383.0,1171.0,44.0,5.0,28.0,24.646074646074645,,,,,,,,,,
2010-07-01,353.0,1187.0,87.0,10.0,5.0,22.92207792207792,,,,,,,,,,
2010-07-02,652.0,892.0,82.0,11.0,6.0,42.2279792746114,,,,,,,,,,
2010-07-05,492.0,1031.0,85.0,8.0,0.0,32.30466185160867,,,,,,,,,,
2010-07-06,1588.0,17.0,12.0,25.0,0.0,98.94080996884736,,,,,,,,,,
2010-07-07,1240.0,258.0,124.0,19.0,0.0,82.77703604806409,,,,,,,,,,
2010-07-08,504.0,1010.0,108.0,15.0,0.0,33.2892998678996,,,,,,,,,,
2010-07-09,1579.0,29.0,8.0,26.0,0.0,98.19651741293532,,,,,,,,,,
2010-07-12,1225.0,291.0,103.0,24.0,1.0,80.8047493403694,,,,,,,,,,
2010-07-13,334.0,1260.0,39.0,15.0,0.0,20.95357590966123,,,,,,,,,,
2010-07-14,1171.0,373.0,91.0,18.0,0.0,75.8419689119171,,,,,,,,,,
2010-07-15,153.0,1437.0,30.0,2.0,0.0,9.622641509433963,,,,,,,,,,
2010-07-16,956.0,535.0,127.0,7.0,0.0,64.11804158283032,,,,,,,,,,
2010-07-19,1580.0,32.0,12.0,15.0,1.0,98.014888337469,,,,,,,,,,
2010-07-20,1597.0,16.0,16.0,30.0,0.0,99.008059516429,,,,,,,,,,
2010-07-21,722.0,768.0,142.0,11.0,0.0,48.45637583892618,,,,,,,,,,
2010-07-22,1439.0,108.0,86.0,13.0,0.0,93.01874595992244,,,,,,,,,,
2010-07-23,623.0,902.0,102.0,13.0,0.0,40.852459016393446,,,,,,,,,,
2010-07-26,1284.0,219.0,116.0,10.0,0.0,85.42914171656687,,,,,,,,,,
2010-07-27,551.0,987.0,92.0,8.0,0.0,35.825747724317296,,,,,,,,,,
2010-07-28,1585.0,16.0,15.0,19.0,0.0,99.000624609619,,,,,,,,,,
2010-07-29,980.0,528.0,109.0,12.0,0.0,64.9867374005305,,,,,,,,,,
2010-07-30,618.0,920.0,93.0,6.0,0.0,40.18205461638492,,,,,,,,,,
2010-08-02,1561.0,36.0,36.0,15.0,0.0,97.74577332498434,,,,,,,,,,
2010-08-03,230.0,1377.0,33.0,2.0,0.0,14.312383322962042,,,,,,,,,,
2010-08-04,1105.0,402.0,133.0,5.0,0.0,73.32448573324486,,,,,,,,,,
2010-08-05,795.0,755.0,85.0,6.0,0.0,51.29032258064517,,,,,,,,,,
2010-08-06,1512.0,81.0,43.0,13.0,0.0,94.91525423728814,,,,,,,,,,
2010-08-09,1327.0,215.0,91.0,10.0,0.0,86.05706874189364,,,,,,,,,,
2010-08-10,94.0,1531.0,7.0,2.0,0.0,5.7846153846153845,,,,,,,,,,
2010-08-11,1275.0,259.0,102.0,8.0,0.0,83.11603650586702,,,,,,,,,,
2010-08-12,356.0,1236.0,41.0,5.0,0.0,22.36180904522613,,,,,,,,,,
2010-08-13,1487.0,116.0,25.0,11.0,0.0,92.76356830941984,,,,,,,,,,
2010-08-16,1583.0,12.0,16.0,19.0,0.0,99.24764890282133,,,,,,,,,,
2010-08-17,1073.0,446.0,124.0,15.0,0.0,70.6385780118499,,,,,,,,,,
2010-08-18,589.0,982.0,59.0,11.0,0.0,37.492043284532144,,,,,,,,,,
2010-08-19,737.0,795.0,106.0,13.0,0.0,48.10704960835509,,,,,,,,,,
2010-08-20,242.0,1368.0,29.0,10.0,0.0,15.031055900621118,,,,,,,,,,
2010-08-23,949.0,575.0,105.0,18.0,0.0,62.27034120734908,,,,,,,,,,
2010-08-24,1266.0,307.0,70.0,10.0,0.0,80.48315321042594,,,,,,,,,,
2010-08-25,256.0,1343.0,36.0,6.0,0.0,16.010006253908692,,,,,,,,,,
2010-08-26,1034.0,489.0,123.0,9.0,0.0,67.89231779382797,,,,,,,,,,
2010-08-27,991.0,530.0,99.0,11.0,0.0,65.15450361604208,,,,,,,,,,
2010-08-30,1590.0,24.0,22.0,30.0,0.0,98.51301115241635,,,,,,,,,,
2010-08-31,891.0,688.0,76.0,28.0,0.0,56.42811906269791,,,,,,,,,,
2010-09-01,382.0,1248.0,25.0,13.0,1.0,23.43558282208589,,,,,,,,,,
2010-09-02,1497.0,106.0,49.0,42.0,0.0,93.3873986275733,,,,,,,,,,
2010-09-03,943.0,640.0,64.0,31.0,0.0,59.57043588123816,,,,,,,,,,
2010-09-06,748.0,843.0,60.0,14.0,10.0,47.0144563167819,,,,,,,,,,
2010-09-07,1020.0,520.0,108.0,9.0,0.0,66.23376623376623,,,,,,,,,,
2010-09-08,950.0,615.0,83.0,16.0,0.0,60.70287539936102,,,,,,,,,,
2010-09-09,361.0,1262.0,36.0,12.0,0.0,22.24276032039433,,,,,,,,,,
2010-09-10,952.0,616.0,78.0,21.0,3.0,60.71428571428571,,,,,,,,,,
2010-09-13,1377.0,209.0,57.0,17.0,2.0,86.82219419924337,,,,,,,,,,
2010-09-14,718.0,860.0,84.0,16.0,0.0,45.50063371356147,,,,,,,,,,
2010-09-15,297.0,1314.0,26.0,12.0,4.0,18.43575418994413,,,,,,,,,,
2010-09-16,241.0,1396.0,19.0,6.0,0.0,14.72205253512523,,,,,,,,,,
2010-09-17,698.0,835.0,112.0,4.0,3.0,45.531637312459225,,,,,,,,,,
2010-09-20,410.0,1160.0,80.0,8.0,3.0,26.11464968152866,,,,,,,,,,
2010-09-21,771.0,809.0,87.0,5.0,1.0,48.79746835443038,,,,,,,,,,
2010-09-27,1553.0,59.0,33.0,21.0,0.0,96.33995037220843,,,,,,,,,,
2010-09-28,558.0,1065.0,49.0,11.0,0.0,34.380776340110906,,,,,,,,,,
2010-09-29,406.0,1201.0,71.0,9.0,1.0,25.26446795270691,,,,,,,,,,
2010-09-30,1476.0,167.0,49.0,11.0,0.0,89.83566646378576,,,,,,,,,,
2010-10-08,1601.0,60.0,28.0,37.0,0.0,96.38771824202288,,,,,,,,,,
2010-10-11,1043.0,606.0,39.0,38.0,0.0,63.250454821103695,,,,,,,,,,
2010-10-12,856.0,739.0,90.0,36.0,1.0,53.66771159874608,,,,,,,,,,
2010-10-13,918.0,719.0,47.0,17.0,0.0,56.07819181429444,,,,,,,,,,
2010-10-14,287.0,1384.0,22.0,18.0,9.0,17.17534410532615,,,,,,,,,,
2010-10-15,738.0,899.0,44.0,35.0,0.0,45.08246792913867,,,,,,,,,,
2010-10-18,629.0,1033.0,26.0,26.0,30.0,37.84596871239471,,,,,,,,,,
2010-10-19,1547.0,119.0,27.0,32.0,0.0,92.85714285714286,,,,,,,,,,
2010-10-20,784.0,855.0,59.0,26.0,0.0,47.83404514948139,,,,,,,,,,
2010-10-21,905.0,719.0,81.0,27.0,0.0,55.72660098522167,,,,,,,,,,
2010-10-22,1046.0,575.0,80.0,26.0,0.0,64.52806909315237,,,,,,,,,,
2010-10-25,1594.0,81.0,23.0,48.0,0.0,95.1641791044776,,,,,,,,,,
2010-10-26,829.0,811.0,56.0,28.0,0.0,50.54878048780488,,,,,,,,,,
2010-10-27,535.0,1101.0,58.0,15.0,0.0,32.701711491442545,,,,,,,,,,
2010-10-28,783.0,854.0,64.0,27.0,0.0,47.831398900427615,,,,,,,,,,
2010-10-29,1074.0,578.0,56.0,35.0,0.0,65.01210653753027,,,,,,,,,,
2010-11-01,1576.0,91.0,40.0,58.0,0.0,94.54109178164369,,,,,,,,,,
2010-11-02,631.0,1037.0,38.0,29.0,0.0,37.829736211031175,,,,,,,,,,
2010-11-03,479.0,1191.0,40.0,8.0,6.0,28.68263473053892,,,,,,,,,,
2010-11-04,1550.0,120.0,45.0,37.0,0.0,92.81437125748504,,,,,,,,,,
2010-11-05,1250.0,382.0,75.0,31.0,0.0,76.59313725490196,,,,,,,,,,
2010-11-08,1432.0,230.0,35.0,46.0,0.0,86.16125150421179,,,,,,,,,,
2010-11-09,852.0,812.0,45.0,30.0,0.0,51.20192307692307,,,,,,,,,,
2010-11-10,880.0,779.0,47.0,20.0,0.0,53.04400241109101,,,,,,,,,,
2010-11-11,410.0,1238.0,55.0,11.0,1.0,24.87864077669903,,,,,,,,,,
2010-11-12,88.0,1601.0,3.0,8.0,208.0,5.210183540556542,,,,,,,,,,
2010-11-15,1453.0,237.0,17.0,52.0,2.0,85.97633136094674,,,,,,,,,,
2010-11-16,276.0,1407.0,24.0,9.0,45.0,16.39928698752228,,,,,,,,,,
2010-11-17,189.0,1492.0,34.0,4.0,64.0,11.24330755502677,,,,,,,,,,
2010-11-18,1402.0,257.0,55.0,13.0,1.0,84.50874020494274,,,,,,,,,,
2010-11-19,1528.0,135.0,57.0,48.0,0.0,91.88214070956104,,,,,,,,,,
2010-11-22,1190.0,457.0,65.0,28.0,0.0,72.25258044930176,,,,,,,,,,
2010-11-23,496.0,1188.0,31.0,15.0,1.0,29.45368171021377,,,,,,,,,,
2010-11-24,1619.0,75.0,33.0,31.0,3.0,95.57260920897284,,,,,,,,,,
2010-11-25,1055.0,610.0,53.0,20.0,1.0,63.36336336336337,,,,,,,,,,
2010-11-26,600.0,1046.0,67.0,10.0,0.0,36.45200486026732,,,,,,,,,,
2010-11-29,900.0,732.0,84.0,17.0,0.0,55.14705882352941,,,,,,,,,,
2010-11-30,225.0,1484.0,11.0,10.0,2.0,13.165593914569923,,,,,,,,,,
2010-12-01,801.0,805.0,124.0,15.0,1.0,49.87546699875467,,,,,,,,,,
2010-12-02,1034.0,551.0,137.0,19.0,0.0,65.23659305993691,,,,,,,,,,
2010-12-03,547.0,1102.0,61.0,5.0,0.0,33.171619163129165,,,,,,,,,,
2010-12-06,365.0,1305.0,38.0,4.0,2.0,21.856287425149706,,,,,,,,,,
2010-12-07,1357.0,288.0,87.0,16.0,1.0,82.49240121580547,,,,,,,,,,
2010-12-08,540.0,1108.0,83.0,10.0,0.0,32.76699029126214,,,,,,,,,,
2010-12-09,250.0,1435.0,47.0,6.0,2.0,14.836795252225516,,,,,,,,,,
2010-12-10,1453.0,202.0,76.0,7.0,0.0,87.79456193353474,,,,,,,,,,
2010-12-13,1708.0,12.0,9.0,29.0,0.0,99.30232558139537,,,,,,,,,,
2010-12-14,1271.0,362.0,115.0,22.0,0.0,77.83221065523577,,,,,,,,,,
2010-12-15,561.0,1078.0,80.0,10.0,0.0,34.22818791946309,,,,,,,,,,
2010-12-16,743.0,892.0,94.0,3.0,0.0,45.4434250764526,,,,,,,,,,
2010-12-17,903.0,711.0,114.0,3.0,0.0,55.94795539033457,,,,,,,,,,
2010-12-20,408.0,1300.0,29.0,10.0,0.0,23.88758782201405,,,,,,,,,,
2010-12-21,1285.0,394.0,60.0,17.0,0.0,76.53365098272782,,,,,,,,,,
2010-12-22,438.0,1251.0,42.0,6.0,0.0,25.932504440497333,,,,,,,,,,
2010-12-23,221.0,1488.0,31.0,2.0,3.0,12.931538911644235,,,,,,,,,,
2010-12-24,291.0,1378.0,72.0,1.0,4.0,17.43559017375674,,,,,,,,,,
2010-12-27,134.0,1577.0,16.0,2.0,6.0,7.831677381648158,,,,,,,,,,
2010-12-28,301.0,1377.0,64.0,2.0,9.0,17.93802145411204,,,,,,,,,,
2010-12-29,1506.0,172.0,58.0,9.0,0.0,89.74970202622168,,,,,,,,,,
2010-12-30,817.0,807.0,111.0,8.0,0.0,50.30788177339901,,,,,,,,,,
2010-12-31,1658.0,68.0,34.0,10.0,0.0,96.06025492468136,,,,,,,,,,
2011-01-04,1506.0,212.0,54.0,24.0,0.0,87.66006984866124,,,,,,,,,,
2011-01-05,789.0,861.0,111.0,12.0,0.0,47.81818181818182,,,,,,,,,,
2011-01-06,631.0,1038.0,95.0,9.0,0.0,37.8070701018574,,,,,,,,,,
2011-01-07,705.0,968.0,90.0,6.0,1.0,42.13986849970113,,,,,,,,,,
2011-01-10,185.0,1552.0,28.0,4.0,5.0,10.650546919976971,,,,,,,,,,
2011-01-11,620.0,1091.0,62.0,2.0,4.0,36.23611922852133,,,,,,,,,,
2011-01-12,1185.0,487.0,97.0,10.0,0.0,70.8732057416268,,,,,,,,,,
2011-01-13,712.0,947.0,111.0,3.0,0.0,42.917420132610005,,,,,,,,,,
2011-01-14,250.0,1477.0,45.0,4.0,4.0,14.475969889982627,,,,,,,,,,
2011-01-17,106.0,1659.0,6.0,1.0,31.0,6.005665722379604,,,,,,,,,,
2011-01-18,1052.0,590.0,132.0,6.0,0.0,64.06820950060902,,,,,,,,,,
2011-01-19,1736.0,32.0,15.0,19.0,0.0,98.19004524886876,,,,,,,,,,
2011-01-20,129.0,1628.0,17.0,3.0,5.0,7.342060330108138,,,,,,,,,,
2011-01-21,1252.0,444.0,82.0,8.0,0.0,73.82075471698113,,,,,,,,,,
2011-01-24,340.0,1364.0,65.0,5.0,22.0,19.953051643192488,,,,,,,,,,
2011-01-25,482.0,1227.0,73.0,2.0,30.0,28.20362785254535,,,,,,,,,,
2011-01-26,1623.0,101.0,55.0,10.0,0.0,94.1415313225058,,,,,,,,,,
2011-01-27,1532.0,191.0,56.0,15.0,0.0,88.91468369123622,,,,,,,,,,
2011-01-28,1265.0,379.0,136.0,14.0,0.0,76.94647201946472,,,,,,,,,,
2011-01-31,1425.0,251.0,108.0,21.0,0.0,85.02386634844868,,,,,,,,,,
2011-02-01,830.0,832.0,146.0,9.0,1.0,49.93983152827919,,,,,,,,,,
2011-02-09,572.0,1166.0,74.0,15.0,0.0,32.91139240506329,,,,,,,,,,
2011-02-10,1742.0,55.0,10.0,33.0,0.0,96.93934335002784,,,,,,,,,,
2011-02-11,1252.0,428.0,112.0,16.0,0.0,74.52380952380952,,,,,,,,,,
2011-02-14,1629.0,121.0,45.0,24.0,0.0,93.08571428571427,,,,,,,,,,
2011-02-15,655.0,1031.0,105.0,22.0,0.0,38.84934756820878,,,,,,,,,,
2011-02-16,1577.0,168.0,53.0,17.0,0.0,90.37249283667622,,,,,,,,,,
2011-02-17,895.0,823.0,92.0,15.0,0.0,52.09545983701979,,,,,,,,,,
2011-02-18,480.0,1225.0,83.0,6.0,1.0,28.152492668621704,,,,,,,,,,
2011-02-21,1641.0,111.0,47.0,25.0,0.0,93.66438356164385,,,,,,,,,,
2011-02-22,203.0,1573.0,23.0,7.0,2.0,11.43018018018018,,,,,,,,,,
2011-02-23,1369.0,341.0,97.0,16.0,0.0,80.05847953216374,,,,,,,,,,
2011-02-24,1132.0,594.0,92.0,14.0,1.0,65.58516801853997,,,,,,,,,,
2011-02-25,785.0,891.0,122.0,10.0,2.0,46.83770883054893,,,,,,,,,,
2011-02-28,1449.0,277.0,74.0,12.0,0.0,83.9513325608343,,,,,,,,,,
2011-03-01,983.0,738.0,98.0,11.0,0.0,57.11795467751307,,,,,,,,,,
2011-03-02,666.0,1100.0,53.0,6.0,0.0,37.71234428086071,,,,,,,,,,
2011-03-03,332.0,1439.0,55.0,10.0,1.0,18.746470920383963,,,,,,,,,,
2011-03-04,1525.0,239.0,64.0,12.0,0.0,86.45124716553289,,,,,,,,,,
2011-03-07,1404.0,325.0,86.0,18.0,0.0,81.203007518797,,,,,,,,,,
2011-03-08,1015.0,695.0,112.0,4.0,0.0,59.356725146198826,,,,,,,,,,
2011-03-09,803.0,926.0,100.0,12.0,0.0,46.443030653556974,,,,,,,,,,
2011-03-10,593.0,1145.0,86.0,6.0,0.0,34.11967779056387,,,,,,,,,,
2011-03-11,656.0,1062.0,103.0,9.0,0.0,38.18393480791618,,,,,,,,,,
2011-03-14,1192.0,534.0,91.0,13.0,0.0,69.0614136732329,,,,,,,,,,
2011-03-15,416.0,1378.0,27.0,9.0,2.0,23.18840579710145,,,,,,,,,,
2011-03-16,1386.0,354.0,78.0,20.0,0.0,79.65517241379311,,,,,,,,,,
2011-03-17,289.0,1499.0,39.0,7.0,1.0,16.16331096196868,,,,,,,,,,
2011-03-18,1247.0,443.0,110.0,8.0,1.0,73.7869822485207,,,,,,,,,,
2011-03-21,664.0,1049.0,95.0,4.0,1.0,38.76240513718622,,,,,,,,,,
2011-03-22,800.0,912.0,108.0,5.0,0.0,46.728971962616825,,,,,,,,,,
2011-03-23,1516.0,230.0,83.0,12.0,0.0,86.8270332187858,,,,,,,,,,
2011-03-24,817.0,895.0,128.0,8.0,0.0,47.72196261682243,,,,,,,,,,
2011-03-25,1129.0,567.0,123.0,15.0,0.0,66.56839622641509,,,,,,,,,,
2011-03-28,718.0,1019.0,73.0,15.0,2.0,41.335636154289,,,,,,,,,,
2011-03-29,401.0,1377.0,48.0,7.0,6.0,22.55343082114736,,,,,,,,,,
2011-03-30,541.0,1218.0,70.0,10.0,3.0,30.75611142694713,,,,,,,,,,
2011-03-31,579.0,1163.0,85.0,4.0,5.0,33.237657864523534,,,,,,,,,,
2011-04-01,1482.0,280.0,66.0,10.0,1.0,84.10896708286039,,,,,,,,,,
2011-04-06,827.0,907.0,81.0,10.0,2.0,47.693194925028834,,,,,,,,,,
2011-04-07,1173.0,550.0,98.0,8.0,1.0,68.07893209518282,,,,,,,,,,
2011-04-08,1346.0,347.0,98.0,10.0,0.0,79.50383933845245,,,,,,,,,,
2011-04-11,493.0,1274.0,65.0,8.0,0.0,27.900396151669497,,,,,,,,,,
2011-04-12,806.0,920.0,88.0,8.0,2.0,46.69756662804171,,,,,,,,,,
2011-04-13,1422.0,349.0,64.0,10.0,0.0,80.29361942405421,,,,,,,,,,
2011-04-14,630.0,1111.0,102.0,13.0,0.0,36.18609994256175,,,,,,,,,,
2011-04-15,718.0,955.0,108.0,8.0,0.0,42.916915720263,,,,,,,,,,
2011-04-18,884.0,840.0,80.0,12.0,0.0,51.27610208816705,,,,,,,,,,
2011-04-19,503.0,1254.0,51.0,13.0,7.0,28.628343767786,,,,,,,,,,
2011-04-20,1194.0,526.0,73.0,11.0,4.0,69.41860465116278,,,,,,,,,,
2011-04-21,1103.0,607.0,103.0,19.0,1.0,64.50292397660819,,,,,,,,,,
2011-04-22,586.0,1120.0,73.0,5.0,2.0,34.34935521688159,,,,,,,,,,
2011-04-25,313.0,1472.0,44.0,9.0,23.0,17.53501400560224,,,,,,,,,,
2011-04-26,416.0,1358.0,58.0,4.0,22.0,23.449830890642616,,,,,,,,,,
2011-04-27,458.0,1313.0,63.0,4.0,9.0,25.86109542631282,,,,,,,,,,
2011-04-28,132.0,1660.0,26.0,3.0,34.0,7.366071428571429,,,,,,,,,,
2011-04-29,1523.0,248.0,56.0,9.0,1.0,85.9966120835686,,,,,,,,,,
2011-05-03,1558.0,228.0,70.0,17.0,0.0,87.2340425531915,,,,,,,,,,
2011-05-04,213.0,1600.0,39.0,5.0,1.0,11.748483177054606,,,,,,,,,,
2011-05-05,1134.0,571.0,128.0,4.0,0.0,66.51026392961877,,,,,,,,,,
2011-05-06,1075.0,596.0,142.0,6.0,0.0,64.33273488928786,,,,,,,,,,
2011-05-09,1310.0,393.0,126.0,10.0,0.0,76.92307692307693,,,,,,,,,,
2011-05-10,1101.0,560.0,142.0,14.0,0.0,66.28537025888019,,,,,,,,,,
2011-05-11,889.0,820.0,136.0,15.0,0.0,52.01872440023405,,,,,,,,,,
2011-05-12,316.0,1467.0,53.0,5.0,0.0,17.722938867077957,,,,,,,,,,
2011-05-13,1253.0,482.0,83.0,11.0,0.0,72.21902017291066,,,,,,,,,,
2011-05-16,755.0,967.0,105.0,13.0,0.0,43.844367015098726,,,,,,,,,,
2011-05-17,772.0,956.0,117.0,10.0,14.0,44.67592592592592,,,,,,,,,,
2011-05-18,1108.0,527.0,156.0,9.0,1.0,67.76758409785933,,,,,,,,,,
2011-05-19,527.0,1216.0,105.0,8.0,0.0,30.235226620768792,,,,,,,,,,
2011-05-20,571.0,1101.0,117.0,11.0,0.0,34.15071770334928,,,,,,,,,,
2011-05-23,92.0,1759.0,8.0,6.0,22.0,4.970286331712588,,,,,,,,,,
2011-05-24,938.0,838.0,103.0,15.0,1.0,52.81531531531532,,,,,,,,,,
2011-05-25,336.0,1469.0,54.0,8.0,1.0,18.614958448753463,,,,,,,,,,
2011-05-26,492.0,1257.0,110.0,13.0,6.0,28.130360205831906,,,,,,,,,,
2011-05-27,236.0,1558.0,60.0,3.0,65.0,13.154960981047935,,,,,,,,,,
2011-05-30,434.0,1339.0,89.0,8.0,49.0,24.478285391990976,,,,,,,,,,
2011-05-31,1729.0,113.0,33.0,13.0,1.0,93.86536373507056,,,,,,,,,,
2011-06-01,1428.0,307.0,149.0,25.0,0.0,82.30547550432277,,,,,,,,,,
2011-06-02,311.0,1523.0,47.0,8.0,2.0,16.957470010905126,,,,,,,,,,
2011-06-03,1726.0,113.0,43.0,16.0,1.0,93.85535617183253,,,,,,,,,,
2011-06-07,1352.0,386.0,148.0,17.0,0.0,77.79056386651322,,,,,,,,,,
2011-06-08,921.0,767.0,180.0,17.0,0.0,54.56161137440758,,,,,,,,,,
2011-06-09,163.0,1686.0,34.0,7.0,3.0,8.815575987020011,,,,,,,,,,
2011-06-10,900.0,851.0,115.0,9.0,0.0,51.39920045688178,,,,,,,,,,
2011-06-13,739.0,1037.0,115.0,6.0,1.0,41.61036036036036,,,,,,,,,,
2011-06-14,1686.0,143.0,74.0,18.0,0.0,92.18151995626025,,,,,,,,,,
2011-06-15,340.0,1463.0,83.0,4.0,0.0,18.85745978924016,,,,,,,,,,
2011-06-16,172.0,1683.0,36.0,4.0,7.0,9.2722371967655,,,,,,,,,,
2011-06-17,288.0,1516.0,89.0,1.0,5.0,15.96452328159645,,,,,,,,,,
2011-06-20,478.0,1323.0,80.0,4.0,4.0,26.54081066074403,,,,,,,,,,
2011-06-21,1639.0,195.0,58.0,17.0,2.0,89.36750272628136,,,,,,,,,,
2011-06-22,667.0,1082.0,158.0,11.0,2.0,38.13607775871927,,,,,,,,,,
2011-06-23,1786.0,74.0,40.0,23.0,0.0,96.02150537634408,,,,,,,,,,
2011-06-24,1813.0,56.0,14.0,28.0,0.0,97.00374531835206,,,,,,,,,,
2011-06-27,1511.0,237.0,143.0,24.0,0.0,86.441647597254,,,,,,,,,,
2011-06-28,859.0,866.0,163.0,12.0,0.0,49.79710144927536,,,,,,,,,,
2011-06-29,302.0,1512.0,52.0,8.0,0.0,16.64829106945976,,,,,,,,,,
2011-06-30,1671.0,134.0,65.0,7.0,0.0,92.57617728531856,,,,,,,,,,
2011-07-01,1092.0,655.0,158.0,7.0,0.0,62.50715512306812,,,,,,,,,,
2011-07-04,1862.0,15.0,22.0,25.0,0.0,99.20085242408098,,,,,,,,,,
2011-07-05,1130.0,590.0,184.0,12.0,0.0,65.69767441860465,,,,,,,,,,
2011-07-06,967.0,824.0,122.0,10.0,1.0,53.99218313791177,,,,,,,,,,
2011-07-07,831.0,965.0,116.0,5.0,0.0,46.26948775055679,,,,,,,,,,
2011-07-08,719.0,1085.0,118.0,5.0,0.0,39.85587583148559,,,,,,,,,,
2011-07-11,1255.0,501.0,155.0,6.0,0.0,71.46924829157174,,,,,,,,,,
2011-07-12,291.0,1593.0,40.0,3.0,0.0,15.445859872611464,,,,,,,,,,
2011-07-13,1860.0,46.0,17.0,14.0,0.0,97.58656873032528,,,,,,,,,,
2011-07-14,1383.0,436.0,113.0,11.0,0.0,76.03078614623419,,,,,,,,,,
2011-07-15,1179.0,624.0,113.0,9.0,0.0,65.3910149750416,,,,,,,,,,
2011-07-18,813.0,987.0,111.0,10.0,0.0,45.16666666666666,,,,,,,,,,
2011-07-19,374.0,1497.0,59.0,4.0,0.0,19.989310529128808,,,,,,,,,,
2011-07-20,945.0,849.0,129.0,4.0,0.0,52.675585284280935,,,,,,,,,,
2011-07-21,352.0,1511.0,56.0,1.0,0.0,18.894256575416,,,,,,,,,,
2011-07-22,1121.0,626.0,179.0,5.0,0.0,64.16714367487121,,,,,,,,,,
2011-07-25,81.0,1836.0,6.0,0.0,18.0,4.225352112676056,,,,,,,,,,
2011-07-26,1175.0,614.0,146.0,9.0,3.0,65.67915036333147,,,,,,,,,,
2011-07-27,1732.0,133.0,58.0,22.0,0.0,92.8686327077748,,,,,,,,,,
2011-07-28,654.0,1202.0,74.0,4.0,0.0,35.237068965517246,,,,,,,,,,
2011-07-29,476.0,1328.0,115.0,2.0,1.0,26.38580931263858,,,,,,,,,,
2011-08-01,1247.0,545.0,132.0,6.0,0.0,69.58705357142857,,,,,,,,,,
2011-08-02,617.0,1246.0,75.0,3.0,1.0,33.11862587224906,,,,,,,,,,
2011-08-03,996.0,783.0,154.0,5.0,0.0,55.98650927487352,,,,,,,,,,
2011-08-04,1090.0,677.0,178.0,7.0,1.0,61.68647425014149,,,,,,,,,,
2011-08-05,236.0,1653.0,36.0,2.0,5.0,12.493382742191637,,,,,,,,,,
2011-08-08,107.0,1811.0,8.0,2.0,83.0,5.578727841501564,,,,,,,,,,
2011-08-09,633.0,1218.0,101.0,6.0,2.0,34.197730956239866,,,,,,,,,,
2011-08-10,1659.0,200.0,86.0,21.0,1.0,89.24152770306615,,,,,,,,,,
2011-08-11,1768.0,135.0,51.0,26.0,0.0,92.9059379926432,,,,,,,,,,
2011-08-12,1471.0,383.0,82.0,18.0,0.0,79.34196332254585,,,,,,,,,,
2011-08-15,1692.0,201.0,53.0,17.0,0.0,89.38193343898574,,,,,,,,,,
2011-08-16,473.0,1388.0,86.0,10.0,0.0,25.416442772702847,,,,,,,,,,
2011-08-17,703.0,1106.0,139.0,6.0,1.0,38.8612493090105,,,,,,,,,,
2011-08-18,228.0,1673.0,39.0,3.0,0.0,11.993687532877432,,,,,,,,,,
2011-08-19,492.0,1386.0,63.0,4.0,1.0,26.198083067092654,,,,,,,,,,
2011-08-22,744.0,1071.0,134.0,9.0,1.0,40.99173553719008,,,,,,,,,,
2011-08-23,1822.0,105.0,32.0,12.0,0.0,94.5511157239232,,,,,,,,,,
2011-08-24,750.0,1090.0,118.0,9.0,0.0,40.76086956521739,,,,,,,,,,
2011-08-25,1710.0,186.0,59.0,15.0,0.0,90.18987341772151,,,,,,,,,,
2011-08-26,1043.0,731.0,184.0,6.0,0.0,58.793686583990976,,,,,,,,,,
2011-08-29,531.0,1350.0,81.0,5.0,0.0,28.22966507177033,,,,,,,,,,
2011-08-30,361.0,1492.0,111.0,2.0,2.0,19.481921208850515,,,,,,,,,,
2011-08-31,623.0,1214.0,118.0,2.0,1.0,33.91399020141535,,,,,,,,,,
2011-09-01,514.0,1310.0,143.0,3.0,1.0,28.17982456140351,,,,,,,,,,
2011-09-02,344.0,1529.0,79.0,3.0,1.0,18.36625734116391,,,,,,,,,,
2011-09-05,171.0,1747.0,34.0,3.0,6.0,8.915537017726798,,,,,,,,,,
2011-09-06,555.0,1218.0,172.0,2.0,2.0,31.302876480541453,,,,,,,,,,
2011-09-07,1925.0,34.0,8.0,14.0,1.0,98.2644206227667,,,,,,,,,,
2011-09-08,317.0,1559.0,73.0,6.0,0.0,16.89765458422175,,,,,,,,,,
2011-09-09,637.0,1153.0,162.0,3.0,2.0,35.58659217877095,,,,,,,,,,
2011-09-13,289.0,1623.0,47.0,1.0,1.0,15.115062761506277,,,,,,,,,,
2011-09-14,1674.0,223.0,69.0,7.0,0.0,88.2445967316816,,,,,,,,,,
2011-09-15,844.0,896.0,210.0,8.0,0.0,48.50574712643678,,,,,,,,,,
2011-09-16,749.0,999.0,198.0,3.0,0.0,42.848970251716246,,,,,,,,,,
2011-09-19,169.0,1767.0,32.0,2.0,2.0,8.729338842975206,,,,,,,,,,
2011-09-20,1295.0,509.0,169.0,7.0,1.0,71.7849223946785,,,,,,,,,,
2011-09-21,1977.0,10.0,3.0,21.0,0.0,99.49672873678914,,,,,,,,,,
2011-09-22,96.0,1859.0,23.0,2.0,0.0,4.910485933503836,,,,,,,,,,
2011-09-23,501.0,1361.0,117.0,4.0,3.0,26.90655209452202,,,,,,,,,,
2011-09-26,221.0,1702.0,49.0,4.0,4.0,11.492459698387936,,,,,,,,,,
2011-09-27,1315.0,518.0,144.0,1.0,5.0,71.74031642116748,,,,,,,,,,
2011-09-28,230.0,1693.0,60.0,2.0,14.0,11.960478419136765,,,,,,,,,,
2011-09-29,122.0,1806.0,39.0,0.0,44.0,6.327800829875518,,,,,,,,,,
2011-09-30,844.0,938.0,191.0,3.0,7.0,47.36251402918069,,,,,,,,,,
2011-10-10,647.0,1117.0,199.0,3.0,7.0,36.67800453514739,,,,,,,,,,
2011-10-11,920.0,874.0,191.0,3.0,6.0,51.28205128205128,,,,,,,,,,
2011-10-12,1964.0,12.0,5.0,27.0,0.0,99.39271255060729,,,,,,,,,,
2011-10-13,1678.0,218.0,87.0,11.0,0.0,88.50210970464136,,,,,,,,,,
2011-10-14,535.0,1289.0,143.0,5.0,0.0,29.331140350877195,,,,,,,,,,
2011-10-17,1046.0,711.0,204.0,12.0,1.0,59.53329538986909,,,,,,,,,,
2011-10-18,125.0,1821.0,20.0,3.0,12.0,6.423432682425488,,,,,,,,,,
2011-10-19,664.0,1150.0,170.0,6.0,1.0,36.60418963616318,,,,,,,,,,
2011-10-20,153.0,1817.0,21.0,1.0,15.0,7.766497461928933,,,,,,,,,,
2011-10-21,291.0,1576.0,123.0,0.0,23.0,15.58650241028388,,,,,,,,,,
2011-10-24,1710.0,237.0,53.0,15.0,3.0,87.82742681047766,,,,,,,,,,
2011-10-25,1954.0,29.0,8.0,25.0,0.0,98.53756933938476,,,,,,,,,,
2011-10-26,1332.0,469.0,184.0,15.0,0.0,73.9589117157135,,,,,,,,,,
2011-10-27,863.0,945.0,178.0,12.0,1.0,47.73230088495576,,,,,,,,,,
2011-10-28,1895.0,56.0,34.0,13.0,0.0,97.12967708867248,,,,,,,,,,
2011-10-31,1183.0,673.0,132.0,14.0,0.0,63.73922413793104,,,,,,,,,,
2011-11-01,825.0,1024.0,149.0,8.0,0.0,44.61871281773932,,,,,,,,,,
2011-11-02,1766.0,155.0,70.0,32.0,0.0,91.93128578865172,,,,,,,,,,
2011-11-03,1142.0,702.0,148.0,24.0,0.0,61.93058568329718,,,,,,,,,,
2011-11-04,1345.0,499.0,150.0,9.0,0.0,72.93926247288503,,,,,,,,,,
2011-11-07,640.0,1211.0,132.0,5.0,0.0,34.57590491626148,,,,,,,,,,
2011-11-08,361.0,1535.0,87.0,2.0,0.0,19.04008438818565,,,,,,,,,,
2011-11-09,1748.0,150.0,83.0,16.0,1.0,92.09694415173868,,,,,,,,,,
2011-11-10,410.0,1492.0,73.0,6.0,1.0,21.55625657202944,,,,,,,,,,
2011-11-11,830.0,947.0,186.0,8.0,0.0,46.70793472144063,,,,,,,,,,
2011-11-14,1938.0,19.0,12.0,18.0,0.0,99.02912621359224,,,,,,,,,,
2011-11-15,1166.0,649.0,145.0,16.0,0.0,64.24242424242425,,,,,,,,,,
2011-11-16,125.0,1857.0,14.0,6.0,0.0,6.306760847628658,,,,,,,,,,
2011-11-17,858.0,922.0,213.0,2.0,0.0,48.20224719101124,,,,,,,,,,
2011-11-18,134.0,1830.0,20.0,2.0,0.0,6.822810590631365,,,,,,,,,,
2011-11-21,1043.0,798.0,150.0,4.0,2.0,56.65399239543726,,,,,,,,,,
2011-11-22,733.0,1078.0,182.0,3.0,1.0,40.47487575924904,,,,,,,,,,
2011-11-23,564.0,1318.0,120.0,3.0,0.0,29.968119022316685,,,,,,,,,,
2011-11-24,732.0,1117.0,151.0,6.0,0.0,39.58896700919416,,,,,,,,,,
2011-11-25,461.0,1414.0,123.0,3.0,0.0,24.586666666666662,,,,,,,,,,
2011-11-28,894.0,908.0,188.0,3.0,2.0,49.61154273029967,,,,,,,,,,
2011-11-29,1744.0,210.0,46.0,13.0,0.0,89.25281473899693,,,,,,,,,,
2011-11-30,69.0,1915.0,11.0,2.0,24.0,3.477822580645161,,,,,,,,,,
2011-12-01,1873.0,99.0,29.0,13.0,1.0,94.97971602434076,,,,,,,,,,
2011-12-02,251.0,1719.0,40.0,3.0,8.0,12.741116751269036,,,,,,,,,,
2011-12-05,112.0,1851.0,38.0,1.0,19.0,5.705552725420275,,,,,,,,,,
2011-12-06,1110.0,745.0,156.0,2.0,4.0,59.83827493261455,,,,,,,,,,
2011-12-07,1124.0,632.0,255.0,4.0,1.0,64.00911161731207,,,,,,,,,,
2011-12-08,894.0,918.0,197.0,4.0,2.0,49.33774834437087,,,,,,,,,,
2011-12-09,380.0,1491.0,133.0,0.0,2.0,20.309994655264564,,,,,,,,,,
2011-12-12,330.0,1557.0,123.0,1.0,7.0,17.488076311605724,,,,,,,,,,
2011-12-13,127.0,1866.0,26.0,2.0,20.0,6.372303060712493,,,,,,,,,,
2011-12-14,247.0,1672.0,99.0,1.0,7.0,12.871287128712872,,,,,,,,,,
2011-12-15,242.0,1706.0,56.0,1.0,24.0,12.42299794661191,,,,,,,,,,
2011-12-16,1862.0,111.0,21.0,16.0,2.0,94.37404967055248,,,,,,,,,,
2011-12-19,900.0,956.0,144.0,16.0,4.0,48.491379310344826,,,,,,,,,,
2011-12-20,684.0,1130.0,188.0,11.0,5.0,37.70672546857773,,,,,,,,,,
2011-12-21,135.0,1823.0,42.0,4.0,17.0,6.894790602655772,,,,,,,,,,
2011-12-22,427.0,1481.0,94.0,9.0,14.0,22.37945492662473,,,,,,,,,,
2011-12-23,1438.0,410.0,159.0,16.0,2.0,77.81385281385282,,,,,,,,,,
2011-12-26,491.0,1324.0,178.0,8.0,8.0,27.052341597796143,,,,,,,,,,
2011-12-27,118.0,1845.0,49.0,3.0,32.0,6.011207335710648,,,,,,,,,,
2011-12-28,626.0,1233.0,136.0,8.0,6.0,33.67401828940291,,,,,,,,,,
2011-12-29,830.0,921.0,242.0,5.0,3.0,47.40148486579098,,,,,,,,,,
2011-12-30,1859.0,89.0,57.0,7.0,2.0,95.4312114989733,,,,,,,,,,
2012-01-04,159.0,1815.0,49.0,2.0,11.0,8.054711246200608,,,,,,,,,,
2012-01-05,115.0,1879.0,20.0,4.0,83.0,5.767301905717152,,,,,,,,,,
2012-01-06,1274.0,599.0,153.0,6.0,7.0,68.01922050186866,,,,,,,,,,
2012-01-09,1995.0,21.0,4.0,44.0,0.0,98.95833333333334,,,,,,,,,,
2012-01-10,2013.0,13.0,6.0,66.0,0.0,99.3583415597236,,,,,,,,,,
2012-01-11,829.0,979.0,223.0,17.0,2.0,45.85176991150443,,,,,,,,,,
2012-01-12,672.0,1149.0,197.0,7.0,1.0,36.902800658978585,,,,,,,,,,
2012-01-13,91.0,1904.0,17.0,7.0,24.0,4.56140350877193,,,,,,,,,,
2012-01-16,89.0,1854.0,34.0,4.0,52.0,4.580545548121462,,,,,,,,,,
2012-01-17,2018.0,6.0,2.0,111.0,0.0,99.70355731225295,,,,,,,,,,
2012-01-18,202.0,1806.0,30.0,9.0,21.0,10.059760956175298,,,,,,,,,,
2012-01-19,1510.0,385.0,145.0,6.0,7.0,79.68337730870712,,,,,,,,,,
2012-01-20,1679.0,259.0,95.0,6.0,3.0,86.6357069143447,,,,,,,,,,
2012-01-30,641.0,1235.0,159.0,2.0,1.0,34.1684434968017,,,,,,,,,,
2012-01-31,892.0,919.0,223.0,6.0,5.0,49.254555494202094,,,,,,,,,,
2012-02-01,516.0,1367.0,155.0,7.0,0.0,27.40308019118428,,,,,,,,,,
2012-02-02,1941.0,52.0,39.0,9.0,0.0,97.39086803813348,,,,,,,,,,
2012-02-03,1808.0,132.0,81.0,20.0,0.0,93.1958762886598,,,,,,,,,,
2012-02-06,1298.0,488.0,240.0,20.0,0.0,72.67637178051511,,,,,,,,,,
2012-02-07,210.0,1785.0,28.0,4.0,0.0,10.526315789473683,,,,,,,,,,
2012-02-08,2000.0,12.0,6.0,21.0,0.0,99.40357852882704,,,,,,,,,,
2012-02-09,1305.0,521.0,200.0,14.0,0.0,71.46768893756845,,,,,,,,,,
2012-02-10,1155.0,644.0,229.0,15.0,0.0,64.2023346303502,,,,,,,,,,
2012-02-13,1558.0,340.0,141.0,15.0,0.0,82.08640674394098,,,,,,,,,,
2012-02-14,796.0,1069.0,173.0,7.0,0.0,42.68096514745308,,,,,,,,,,
2012-02-15,1890.0,79.0,64.0,26.0,0.0,95.98781107160995,,,,,,,,,,
2012-02-16,725.0,1155.0,154.0,12.0,0.0,38.56382978723404,,,,,,,,,,
2012-02-17,534.0,1342.0,156.0,7.0,0.0,28.464818763326228,,,,,,,,,,
2012-02-20,879.0,880.0,270.0,9.0,0.0,49.97157475838544,,,,,,,,,,
2012-02-21,1689.0,200.0,152.0,6.0,0.0,89.41238750661725,,,,,,,,,,
2012-02-22,1958.0,37.0,46.0,13.0,0.0,98.1453634085213,,,,,,,,,,
2012-02-23,927.0,931.0,177.0,8.0,0.0,49.89235737351992,,,,,,,,,,
2012-02-24,1640.0,269.0,127.0,15.0,0.0,85.9088528025144,,,,,,,,,,
2012-02-27,808.0,1005.0,216.0,16.0,0.0,44.56701599558743,,,,,,,,,,
2012-02-28,585.0,1367.0,79.0,11.0,1.0,29.96926229508197,,,,,,,,,,
2012-02-29,322.0,1645.0,74.0,3.0,2.0,16.370106761565836,,,,,,,,,,
2012-03-01,1292.0,522.0,236.0,7.0,1.0,71.22381477398015,,,,,,,,,,
2012-03-02,1975.0,44.0,26.0,8.0,0.0,97.82070331847449,,,,,,,,,,
2012-03-05,884.0,1006.0,153.0,13.0,0.0,46.77248677248677,,,,,,,,,,
2012-03-06,485.0,1509.0,47.0,12.0,0.0,24.32296890672016,,,,,,,,,,
2012-03-07,589.0,1314.0,143.0,5.0,0.0,30.951129795060435,,,,,,,,,,
2012-03-08,1826.0,143.0,78.0,12.0,0.0,92.73743016759776,,,,,,,,,,
2012-03-09,1754.0,166.0,104.0,9.0,0.0,91.35416666666669,,,,,,,,,,
2012-03-12,1158.0,732.0,153.0,15.0,0.0,61.26984126984127,,,,,,,,,,
2012-03-13,1503.0,398.0,151.0,20.0,0.0,79.06365071015256,,,,,,,,,,
2012-03-14,97.0,1945.0,17.0,8.0,10.0,4.750244857982371,,,,,,,,,,
2012-03-15,540.0,1446.0,51.0,12.0,1.0,27.19033232628399,,,,,,,,,,
2012-03-16,1915.0,82.0,33.0,30.0,1.0,95.89384076114172,,,,,,,,,,
2012-03-19,1607.0,328.0,111.0,19.0,0.0,83.04909560723515,,,,,,,,,,
2012-03-20,176.0,1820.0,41.0,9.0,2.0,8.817635270541082,,,,,,,,,,
2012-03-21,1035.0,866.0,139.0,14.0,0.0,54.445028932140985,,,,,,,,,,
2012-03-22,780.0,1105.0,169.0,8.0,0.0,41.37931034482759,,,,,,,,,,
2012-03-23,239.0,1768.0,37.0,2.0,7.0,11.90832087693074,,,,,,,,,,
2012-03-26,826.0,1044.0,176.0,6.0,2.0,44.17112299465241,,,,,,,,,,
2012-03-27,789.0,1068.0,201.0,7.0,1.0,42.48788368336026,,,,,,,,,,
2012-03-28,66.0,1980.0,8.0,4.0,37.0,3.225806451612903,,,,,,,,,,
2012-03-29,301.0,1659.0,89.0,6.0,16.0,15.357142857142858,,,,,,,,,,
2012-03-30,800.0,1077.0,160.0,12.0,12.0,42.62120404901438,,,,,,,,,,
2012-04-05,1993.0,37.0,15.0,32.0,0.0,98.17733990147784,,,,,,,,,,
2012-04-06,1251.0,556.0,226.0,14.0,0.0,69.23076923076923,,,,,,,,,,
2012-04-09,415.0,1536.0,96.0,14.0,0.0,21.271143003587905,,,,,,,,,,
2012-04-10,1545.0,364.0,126.0,13.0,0.0,80.93242535358827,,,,,,,,,,
2012-04-11,1022.0,840.0,196.0,23.0,0.0,54.88721804511278,,,,,,,,,,
2012-04-12,1905.0,91.0,43.0,38.0,0.0,95.44088176352705,,,,,,,,,,
2012-04-13,1332.0,537.0,184.0,25.0,0.0,71.26805778491172,,,,,,,,,,
2012-04-16,849.0,1048.0,143.0,24.0,0.0,44.75487612018977,,,,,,,,,,
2012-04-17,347.0,1578.0,113.0,16.0,9.0,18.025974025974023,,,,,,,,,,
2012-04-18,1919.0,75.0,24.0,24.0,0.0,96.23871614844532,,,,,,,,,,
2012-04-19,796.0,1044.0,184.0,12.0,0.0,43.26086956521739,,,,,,,,,,
2012-04-20,1371.0,439.0,163.0,22.0,0.0,75.74585635359115,,,,,,,,,,
2012-04-23,399.0,1551.0,63.0,16.0,12.0,20.46153846153846,,,,,,,,,,
2012-04-24,534.0,1441.0,83.0,24.0,5.0,27.037974683544306,,,,,,,,,,
2012-04-25,1482.0,433.0,123.0,42.0,1.0,77.38903394255875,,,,,,,,,,
2012-04-26,719.0,1172.0,137.0,20.0,3.0,38.02221047065045,,,,,,,,,,
2012-04-27,725.0,1147.0,138.0,6.0,5.0,38.72863247863248,,,,,,,,,,
2012-05-02,1636.0,348.0,79.0,16.0,2.0,82.45967741935483,,,,,,,,,,
2012-05-03,1143.0,753.0,163.0,16.0,0.0,60.28481012658228,,,,,,,,,,
2012-05-04,1429.0,495.0,147.0,12.0,1.0,74.27234927234927,,,,,,,,,,
2012-05-07,1294.0,621.0,146.0,13.0,0.0,67.57180156657964,,,,,,,,,,
2012-05-08,877.0,963.0,186.0,17.0,0.0,47.66304347826087,,,,,,,,,,
2012-05-09,312.0,1701.0,45.0,10.0,1.0,15.499254843517138,,,,,,,,,,
2012-05-10,1133.0,681.0,213.0,14.0,0.0,62.45865490628445,,,,,,,,,,
2012-05-11,548.0,1319.0,158.0,9.0,2.0,29.351901446170324,,,,,,,,,,
2012-05-14,719.0,1144.0,205.0,12.0,0.0,38.59366612989801,,,,,,,,,,
2012-05-15,753.0,1185.0,107.0,6.0,1.0,38.85448916408669,,,,,,,,,,
2012-05-16,325.0,1607.0,93.0,7.0,1.0,16.821946169772257,,,,,,,,,,
2012-05-17,1775.0,223.0,59.0,25.0,0.0,88.83883883883884,,,,,,,,,,
2012-05-18,326.0,1602.0,77.0,16.0,3.0,16.90871369294606,,,,,,,,,,
2012-05-21,835.0,1070.0,160.0,4.0,6.0,43.83202099737533,,,,,,,,,,
2012-05-22,1808.0,172.0,89.0,5.0,0.0,91.31313131313132,,,,,,,,,,
2012-05-23,639.0,1316.0,121.0,9.0,2.0,32.68542199488491,,,,,,,,,,
2012-05-24,541.0,1416.0,133.0,3.0,0.0,27.64435360245273,,,,,,,,,,
2012-05-25,374.0,1572.0,99.0,5.0,1.0,19.218910585817063,,,,,,,,,,
2012-05-28,1528.0,459.0,106.0,27.0,0.0,76.89984901862104,,,,,,,,,,
2012-05-29,1823.0,176.0,84.0,19.0,0.0,91.19559779889946,,,,,,,,,,
2012-05-30,987.0,863.0,238.0,12.0,0.0,53.35135135135135,,,,,,,,,,
2012-05-31,1046.0,866.0,184.0,10.0,0.0,54.7071129707113,,,,,,,,,,
2012-06-01,760.0,1146.0,196.0,3.0,0.0,39.874081846799584,,,,,,,,,,
2012-06-04,111.0,1976.0,13.0,3.0,1.0,5.318639195016771,,,,,,,,,,
2012-06-05,842.0,1010.0,248.0,4.0,0.0,45.46436285097192,,,,,,,,,,
2012-06-06,705.0,1179.0,208.0,5.0,0.0,37.42038216560509,,,,,,,,,,
2012-06-07,521.0,1368.0,219.0,3.0,0.0,27.580730545262043,,,,,,,,,,
2012-06-08,717.0,1114.0,252.0,4.0,0.0,39.1589295466958,,,,,,,,,,
2012-06-11,1923.0,138.0,45.0,8.0,1.0,93.30422125181953,,,,,,,,,,
2012-06-12,571.0,1432.0,108.0,1.0,0.0,28.507239141288064,,,,,,,,,,
2012-06-13,2008.0,78.0,46.0,16.0,0.0,96.2607861936721,,,,,,,,,,
2012-06-14,515.0,1465.0,151.0,8.0,0.0,26.01010101010101,,,,,,,,,,
2012-06-15,1013.0,867.0,218.0,8.0,1.0,53.88297872340425,,,,,,,,,,
2012-06-18,1663.0,269.0,167.0,7.0,1.0,86.07660455486543,,,,,,,,,,
2012-06-19,531.0,1466.0,128.0,7.0,0.0,26.589884827240866,,,,,,,,,,
2012-06-20,853.0,1058.0,199.0,9.0,0.0,44.636316064887495,,,,,,,,,,
2012-06-21,324.0,1714.0,69.0,2.0,1.0,15.89793915603533,,,,,,,,,,
2012-06-25,176.0,1880.0,34.0,9.0,10.0,8.560311284046692,,,,,,,,,,
2012-06-26,985.0,913.0,207.0,9.0,5.0,51.89673340358272,,,,,,,,,,
2012-06-27,654.0,1257.0,201.0,7.0,0.0,34.22291993720565,,,,,,,,,,
2012-06-28,362.0,1623.0,99.0,7.0,4.0,18.2367758186398,,,,,,,,,,
2012-06-29,1701.0,300.0,90.0,10.0,2.0,85.00749625187406,,,,,,,,,,
2012-07-02,1576.0,380.0,177.0,10.0,1.0,80.57259713701431,,,,,,,,,,
2012-07-03,1088.0,837.0,216.0,11.0,2.0,56.51948051948053,,,,,,,,,,
2012-07-04,684.0,1294.0,156.0,5.0,1.0,34.580384226491404,,,,,,,,,,
2012-07-05,240.0,1833.0,59.0,2.0,7.0,11.577424023154848,,,,,,,,,,
2012-07-06,1838.0,220.0,72.0,10.0,2.0,89.31000971817298,,,,,,,,,,
2012-07-09,225.0,1872.0,48.0,4.0,9.0,10.72961373390558,,,,,,,,,,
2012-07-10,566.0,1420.0,159.0,7.0,12.0,28.49949647532729,,,,,,,,,,
2012-07-11,1501.0,476.0,174.0,10.0,6.0,75.92311583206879,,,,,,,,,,
2012-07-12,1717.0,304.0,130.0,17.0,0.0,84.95794161306284,,,,,,,,,,
2012-07-13,500.0,1505.0,146.0,7.0,7.0,24.93765586034913,,,,,,,,,,
2012-07-16,122.0,2012.0,14.0,2.0,86.0,5.716963448922212,,,,,,,,,,
2012-07-17,1545.0,468.0,137.0,18.0,2.0,76.75111773472429,,,,,,,,,,
2012-07-18,1427.0,529.0,191.0,18.0,0.0,72.95501022494888,,,,,,,,,,
2012-07-19,1673.0,351.0,125.0,35.0,0.0,82.65810276679841,,,,,,,,,,
2012-07-20,545.0,1395.0,209.0,24.0,1.0,28.09278350515464,,,,,,,,,,
2012-07-23,501.0,1533.0,113.0,8.0,4.0,24.63126843657817,,,,,,,,,,
2012-07-24,1510.0,433.0,205.0,14.0,0.0,77.71487390633041,,,,,,,,,,
2012-07-25,521.0,1460.0,173.0,8.0,1.0,26.299848561332663,,,,,,,,,,
2012-07-26,439.0,1515.0,202.0,8.0,1.0,22.46673490276356,,,,,,,,,,
2012-07-27,793.0,1140.0,226.0,6.0,1.0,41.02431453698914,,,,,,,,,,
2012-07-30,271.0,1803.0,85.0,3.0,30.0,13.066538090646093,,,,,,,,,,
2012-07-31,391.0,1667.0,101.0,6.0,25.0,18.99902818270165,,,,,,,,,,
2012-08-01,1935.0,167.0,61.0,11.0,0.0,92.05518553758326,,,,,,,,,,
2012-08-02,574.0,1429.0,157.0,7.0,2.0,28.657014478282576,,,,,,,,,,
2012-08-03,2033.0,74.0,58.0,22.0,0.0,96.48789748457524,,,,,,,,,,
2012-08-06,2089.0,41.0,30.0,40.0,0.0,98.07511737089202,,,,,,,,,,
2012-08-07,1498.0,466.0,196.0,32.0,0.0,76.27291242362524,,,,,,,,,,
2012-08-08,670.0,1308.0,183.0,17.0,0.0,33.872598584428715,,,,,,,,,,
2012-08-09,1798.0,225.0,142.0,25.0,0.0,88.8779041028176,,,,,,,,,,
2012-08-10,723.0,1253.0,190.0,21.0,1.0,36.58906882591093,,,,,,,,,,
2012-08-13,233.0,1882.0,49.0,7.0,3.0,11.016548463356974,,,,,,,,,,
2012-08-14,1536.0,493.0,135.0,20.0,1.0,75.70231641202562,,,,,,,,,,
2012-08-15,396.0,1660.0,111.0,13.0,2.0,19.26070038910506,,,,,,,,,,
2012-08-16,553.0,1409.0,204.0,8.0,2.0,28.1855249745158,,,,,,,,,,
2012-08-17,1080.0,833.0,254.0,8.0,0.0,56.45582854155776,,,,,,,,,,
2012-08-20,1064.0,864.0,239.0,12.0,1.0,55.18672199170125,,,,,,,,,,
2012-08-21,1919.0,162.0,85.0,21.0,0.0,92.21528111484864,,,,,,,,,,
2012-08-22,556.0,1467.0,142.0,14.0,0.0,27.483934750370736,,,,,,,,,,
2012-08-23,1504.0,485.0,171.0,24.0,0.0,75.61588738059326,,,,,,,,,,
2012-08-24,223.0,1874.0,66.0,10.0,4.0,10.634239389604195,,,,,,,,,,
2012-08-27,253.0,1833.0,73.0,8.0,8.0,12.128475551294343,,,,,,,,,,
2012-08-28,1534.0,479.0,146.0,16.0,0.0,76.2046696472926,,,,,,,,,,
2012-08-29,710.0,1268.0,186.0,15.0,1.0,35.8948432760364,,,,,,,,,,
2012-08-30,406.0,1665.0,93.0,9.0,15.0,19.604056011588604,,,,,,,,,,
2012-08-31,1208.0,666.0,290.0,11.0,4.0,64.46104589114195,,,,,,,,,,
2012-09-03,1938.0,160.0,68.0,12.0,0.0,92.37368922783602,,,,,,,,,,
2012-09-04,462.0,1566.0,145.0,12.0,0.0,22.7810650887574,,,,,,,,,,
2012-09-05,1388.0,587.0,199.0,16.0,0.0,70.27848101265822,,,,,,,,,,
2012-09-06,1733.0,309.0,133.0,15.0,0.0,84.86777668952008,,,,,,,,,,
2012-09-07,2130.0,29.0,16.0,63.0,0.0,98.65678554886522,,,,,,,,,,
2012-09-10,1458.0,515.0,203.0,27.0,0.0,73.8976178408515,,,,,,,,,,
2012-09-11,697.0,1352.0,124.0,13.0,0.0,34.0165934602245,,,,,,,,,,
2012-09-12,1328.0,613.0,238.0,17.0,0.0,68.41834106130861,,,,,,,,,,
2012-09-13,295.0,1813.0,74.0,15.0,0.0,13.994307400379508,,,,,,,,,,
2012-09-14,1038.0,904.0,232.0,11.0,0.0,53.45005149330587,,,,,,,,,,
2012-09-17,104.0,2050.0,23.0,6.0,5.0,4.828226555246054,,,,,,,,,,
2012-09-18,748.0,1176.0,257.0,4.0,1.0,38.87733887733888,,,,,,,,,,
2012-09-19,1632.0,345.0,202.0,16.0,0.0,82.54931714719271,,,,,,,,,,
2012-09-20,83.0,2075.0,19.0,4.0,2.0,3.8461538461538463,,,,,,,,,,
2012-09-21,600.0,1351.0,231.0,8.0,7.0,30.75345976422347,,,,,,,,,,
2012-09-24,1356.0,577.0,243.0,14.0,0.0,70.15002586652871,,,,,,,,,,
2012-09-25,455.0,1534.0,187.0,3.0,0.0,22.875816993464053,,,,,,,,,,
2012-09-26,119.0,2004.0,51.0,5.0,6.0,5.605275553462082,,,,,,,,,,
2012-09-27,2095.0,56.0,28.0,18.0,0.0,97.39655973965596,,,,,,,,,,
2012-09-28,2043.0,96.0,41.0,12.0,0.0,95.51192145862552,,,,,,,,,,
2012-10-08,726.0,1239.0,212.0,17.0,0.0,36.94656488549619,,,,,,,,,,
2012-10-09,2159.0,13.0,7.0,34.0,0.0,99.40147329650092,,,,,,,,,,
2012-10-10,1627.0,358.0,198.0,35.0,0.0,81.9647355163728,,,,,,,,,,
2012-10-11,226.0,1901.0,55.0,14.0,2.0,10.625293841090738,,,,,,,,,,
2012-10-12,869.0,1078.0,238.0,8.0,1.0,44.63276836158192,,,,,,,,,,
2012-10-15,544.0,1530.0,107.0,9.0,2.0,26.229508196721312,,,,,,,,,,
2012-10-16,1109.0,758.0,317.0,14.0,2.0,59.40010712372791,,,,,,,,,,
2012-10-17,1144.0,749.0,293.0,9.0,1.0,60.433174854727945,,,,,,,,,,
2012-10-18,2026.0,100.0,61.0,26.0,0.0,95.29633113828784,,,,,,,,,,
2012-10-19,753.0,1190.0,247.0,13.0,1.0,38.75450334534226,,,,,,,,,,
2012-10-22,1253.0,648.0,291.0,12.0,0.0,65.91267753813781,,,,,,,,,,
2012-10-23,382.0,1697.0,116.0,12.0,1.0,18.374218374218373,,,,,,,,,,
2012-10-24,784.0,1188.0,221.0,14.0,0.0,39.75659229208925,,,,,,,,,,
2012-10-25,458.0,1556.0,177.0,7.0,5.0,22.74081429990069,,,,,,,,,,
2012-10-26,247.0,1898.0,49.0,6.0,11.0,11.515151515151516,,,,,,,,,,
2012-10-29,854.0,1072.0,268.0,8.0,5.0,44.34060228452752,,,,,,,,,,
2012-10-30,1094.0,815.0,285.0,3.0,7.0,57.3074908328968,,,,,,,,,,
2012-10-31,1254.0,669.0,269.0,6.0,1.0,65.21060842433697,,,,,,,,,,
2012-11-01,2065.0,75.0,53.0,16.0,0.0,96.49532710280374,,,,,,,,,,
2012-11-02,1233.0,645.0,317.0,14.0,0.0,65.65495207667732,,,,,,,,,,
2012-11-05,736.0,1245.0,211.0,17.0,1.0,37.152953054013125,,,,,,,,,,
2012-11-06,480.0,1613.0,99.0,7.0,2.0,22.933588150979457,,,,,,,,,,
2012-11-07,841.0,1051.0,301.0,12.0,0.0,44.450317124735726,,,,,,,,,,
2012-11-08,128.0,2023.0,43.0,6.0,5.0,5.95072059507206,,,,,,,,,,
2012-11-09,789.0,1097.0,309.0,7.0,1.0,41.83457051961824,,,,,,,,,,
2012-11-12,1584.0,436.0,173.0,18.0,1.0,78.41584158415841,,,,,,,,,,
2012-11-13,213.0,1927.0,55.0,8.0,10.0,9.953271028037385,,,,,,,,,,
2012-11-14,1174.0,767.0,253.0,12.0,2.0,60.48428645028336,,,,,,,,,,
2012-11-15,196.0,1927.0,73.0,5.0,0.0,9.23221855864343,,,,,,,,,,
2012-11-16,691.0,1319.0,186.0,2.0,1.0,34.37810945273632,,,,,,,,,,
2012-11-19,1421.0,546.0,226.0,8.0,1.0,72.24199288256227,,,,,,,,,,
2012-11-20,669.0,1253.0,270.0,4.0,2.0,34.80749219562955,,,,,,,,,,
2012-11-21,1808.0,274.0,111.0,8.0,0.0,86.83957732949087,,,,,,,,,,
2012-11-22,327.0,1764.0,99.0,5.0,0.0,15.63845050215208,,,,,,,,,,
2012-11-23,1147.0,698.0,342.0,6.0,1.0,62.1680216802168,,,,,,,,,,
2012-11-26,312.0,1728.0,147.0,4.0,6.0,15.294117647058824,,,,,,,,,,
2012-11-27,78.0,2073.0,33.0,2.0,40.0,3.626220362622036,,,,,,,,,,
2012-11-28,234.0,1878.0,73.0,3.0,8.0,11.079545454545457,,,,,,,,,,
2012-11-29,365.0,1631.0,190.0,10.0,8.0,18.286573146292582,,,,,,,,,,
2012-11-30,1847.0,196.0,138.0,15.0,0.0,90.40626529613314,,,,,,,,,,
2012-12-03,198.0,1913.0,65.0,7.0,22.0,9.379441023211749,,,,,,,,,,
2012-12-04,1736.0,322.0,119.0,14.0,2.0,84.35374149659864,,,,,,,,,,
2012-12-05,2164.0,8.0,3.0,45.0,0.0,99.6316758747698,,,,,,,,,,
2012-12-06,672.0,1227.0,282.0,12.0,1.0,35.3870458135861,,,,,,,,,,
2012-12-07,2104.0,46.0,26.0,30.0,0.0,97.86046511627907,,,,,,,,,,
2012-12-10,2008.0,100.0,63.0,35.0,0.0,95.2561669829222,,,,,,,,,,
2012-12-11,398.0,1654.0,125.0,22.0,0.0,19.39571150097466,,,,,,,,,,
2012-12-12,765.0,1135.0,275.0,10.0,1.0,40.26315789473684,,,,,,,,,,
2012-12-13,279.0,1795.0,97.0,6.0,1.0,13.452266152362585,,,,,,,,,,
2012-12-14,2172.0,2.0,1.0,42.0,0.0,99.9080036798528,,,,,,,,,,
2012-12-17,1323.0,606.0,243.0,19.0,3.0,68.58475894245724,,,,,,,,,,
2012-12-18,650.0,1307.0,215.0,16.0,0.0,33.21410321921308,,,,,,,,,,
2012-12-19,1174.0,719.0,281.0,17.0,0.0,62.01796090861067,,,,,,,,,,
2012-12-20,1053.0,933.0,192.0,14.0,0.0,53.02114803625378,,,,,,,,,,
2012-12-21,972.0,1007.0,201.0,7.0,1.0,49.11571500757959,,,,,,,,,,
2012-12-24,1232.0,683.0,259.0,12.0,0.0,64.33420365535248,,,,,,,,,,
2012-12-25,2108.0,37.0,26.0,23.0,0.0,98.27505827505829,,,,,,,,,,
2012-12-26,1824.0,213.0,135.0,18.0,0.0,89.54344624447718,,,,,,,,,,
2012-12-27,455.0,1614.0,104.0,20.0,0.0,21.991300144997584,,,,,,,,,,
2012-12-28,1659.0,302.0,211.0,19.0,1.0,84.5996940336563,,,,,,,,,,
2012-12-31,1395.0,540.0,241.0,18.0,0.0,72.09302325581395,,,,,,,,,,
2013-01-04,696.0,1373.0,110.0,18.0,0.0,33.639439342677626,,,,,,,,,,
2013-01-07,1544.0,472.0,157.0,26.0,0.0,76.5873015873016,,,,,,,,,,
2013-01-08,1482.0,548.0,139.0,30.0,0.0,73.00492610837438,,,,,,,,,,
2013-01-09,912.0,1088.0,173.0,16.0,0.0,45.6,,,,,,,,,,
2013-01-10,1176.0,739.0,251.0,21.0,0.0,61.409921671018274,,,,,,,,,,
2013-01-11,315.0,1799.0,53.0,14.0,0.0,14.90066225165563,,,,,,,,,,
2013-01-14,2155.0,14.0,3.0,53.0,0.0,99.35454126325496,,,,,,,,,,
2013-01-15,1816.0,259.0,95.0,37.0,0.0,87.51807228915662,,,,,,,,,,
2013-01-16,760.0,1318.0,91.0,33.0,0.0,36.57362848893166,,,,,,,,,,
2013-01-17,497.0,1573.0,98.0,9.0,17.0,24.00966183574879,,,,,,,,,,
2013-01-18,1880.0,199.0,96.0,18.0,0.0,90.42809042809044,,,,,,,,,,
2013-01-21,1320.0,671.0,181.0,22.0,0.0,66.29834254143645,,,,,,,,,,
2013-01-22,342.0,1795.0,41.0,14.0,0.0,16.003743565746372,,,,,,,,,,
2013-01-23,906.0,1099.0,172.0,19.0,0.0,45.18703241895262,,,,,,,,,,
2013-01-24,242.0,1896.0,39.0,15.0,1.0,11.318989710009356,,,,,,,,,,
2013-01-25,926.0,1037.0,210.0,6.0,0.0,47.17269485481406,,,,,,,,,,
2013-01-28,2077.0,75.0,18.0,20.0,0.0,96.51486988847584,,,,,,,,,,
2013-01-29,1441.0,495.0,234.0,19.0,0.0,74.43181818181817,,,,,,,,,,
2013-01-30,907.0,1107.0,158.0,21.0,0.0,45.03475670307845,,,,,,,,,,
2013-01-31,751.0,1319.0,108.0,16.0,3.0,36.28019323671497,,,,,,,,,,
2013-02-01,1308.0,660.0,211.0,21.0,0.0,66.46341463414635,,,,,,,,,,
2013-02-04,696.0,1384.0,98.0,12.0,1.0,33.46153846153846,,,,,,,,,,
2013-02-05,1530.0,498.0,155.0,13.0,0.0,75.44378698224851,,,,,,,,,,
2013-02-06,1178.0,780.0,223.0,11.0,0.0,60.16343207354444,,,,,,,,,,
2013-02-07,1072.0,893.0,216.0,7.0,0.0,54.55470737913486,,,,,,,,,,
2013-02-08,1809.0,258.0,124.0,12.0,0.0,87.51814223512336,,,,,,,,,,
2013-02-18,1327.0,711.0,151.0,20.0,0.0,65.11285574092247,,,,,,,,,,
2013-02-19,361.0,1766.0,57.0,12.0,4.0,16.972261401034324,,,,,,,,,,
2013-02-20,1980.0,149.0,56.0,19.0,0.0,93.00140911225928,,,,,,,,,,
2013-02-21,337.0,1802.0,47.0,8.0,0.0,15.755025712949976,,,,,,,,,,
2013-02-22,768.0,1224.0,191.0,9.0,0.0,38.55421686746988,,,,,,,,,,
2013-02-25,1564.0,441.0,175.0,15.0,1.0,78.00498753117206,,,,,,,,,,
2013-02-26,391.0,1719.0,71.0,6.0,3.0,18.53080568720379,,,,,,,,,,
2013-02-27,1054.0,974.0,153.0,13.0,1.0,51.9723865877712,,,,,,,,,,
2013-02-28,1983.0,149.0,48.0,16.0,0.0,93.01125703564728,,,,,,,,,,
2013-03-01,1506.0,539.0,133.0,18.0,0.0,73.64303178484107,,,,,,,,,,
2013-03-04,215.0,1929.0,28.0,12.0,81.0,10.027985074626866,,,,,,,,,,
2013-03-05,2027.0,108.0,40.0,28.0,0.0,94.94145199063232,,,,,,,,,,
2013-03-06,1797.0,296.0,83.0,26.0,0.0,85.85762064022934,,,,,,,,,,
2013-03-07,605.0,1467.0,102.0,15.0,2.0,29.198841698841697,,,,,,,,,,
2013-03-08,588.0,1428.0,161.0,10.0,2.0,29.166666666666668,,,,,,,,,,
2013-03-11,1006.0,984.0,189.0,7.0,3.0,50.55276381909548,,,,,,,,,,
2013-03-12,215.0,1940.0,24.0,9.0,1.0,9.976798143851507,,,,,,,,,,
2013-03-13,560.0,1498.0,120.0,7.0,3.0,27.2108843537415,,,,,,,,,,
2013-03-14,1035.0,858.0,286.0,16.0,0.0,54.67511885895404,,,,,,,,,,
2013-03-15,1005.0,948.0,225.0,9.0,0.0,51.45929339477726,,,,,,,,,,
2013-03-18,473.0,1631.0,73.0,11.0,7.0,22.48098859315589,,,,,,,,,,
2013-03-19,1285.0,750.0,149.0,9.0,3.0,63.14496314496314,,,,,,,,,,
2013-03-20,2110.0,50.0,22.0,23.0,0.0,97.6851851851852,,,,,,,,,,
2013-03-21,1510.0,469.0,205.0,17.0,0.0,76.3011622031329,,,,,,,,,,
2013-03-22,1035.0,924.0,225.0,8.0,1.0,52.833078101071976,,,,,,,,,,
2013-03-25,886.0,1104.0,181.0,11.0,1.0,44.52261306532663,,,,,,,,,,
2013-03-26,592.0,1503.0,77.0,12.0,1.0,28.257756563245824,,,,,,,,,,
2013-03-27,1067.0,880.0,226.0,10.0,1.0,54.80225988700565,,,,,,,,,,
2013-03-28,182.0,1962.0,26.0,9.0,9.0,8.488805970149253,,,,,,,,,,
2013-03-29,948.0,986.0,233.0,11.0,1.0,49.01758014477766,,,,,,,,,,
2013-04-01,1399.0,606.0,170.0,14.0,4.0,69.77556109725685,,,,,,,,,,
2013-04-02,540.0,1501.0,131.0,10.0,6.0,26.45761881430671,,,,,,,,,,
2013-04-03,567.0,1468.0,138.0,13.0,7.0,27.862407862407863,,,,,,,,,,
2013-04-08,972.0,1055.0,139.0,12.0,4.0,47.95263936852491,,,,,,,,,,
2013-04-09,1626.0,421.0,124.0,16.0,1.0,79.4333170493405,,,,,,,,,,
2013-04-10,684.0,1318.0,169.0,10.0,0.0,34.16583416583416,,,,,,,,,,
2013-04-11,659.0,1296.0,217.0,6.0,0.0,33.70843989769821,,,,,,,,,,
2013-04-12,485.0,1542.0,146.0,4.0,2.0,23.926985693142573,,,,,,,,,,
2013-04-15,414.0,1650.0,108.0,1.0,5.0,20.05813953488372,,,,,,,,,,
2013-04-16,1664.0,389.0,122.0,6.0,3.0,81.05211885046273,,,,,,,,,,
2013-04-17,1362.0,586.0,222.0,11.0,0.0,69.91786447638604,,,,,,,,,,
2013-04-18,1027.0,885.0,255.0,6.0,0.0,53.71338912133892,,,,,,,,,,
2013-04-19,2060.0,59.0,48.0,13.0,0.0,97.215667767815,,,,,,,,,,
2013-04-22,1156.0,856.0,157.0,21.0,5.0,57.45526838966203,,,,,,,,,,
2013-04-23,144.0,2008.0,18.0,3.0,4.0,6.691449814126393,,,,,,,,,,
2013-04-24,1983.0,136.0,47.0,25.0,0.0,93.58187824445493,,,,,,,,,,
2013-04-25,386.0,1707.0,74.0,4.0,6.0,18.44242713807932,,,,,,,,,,
2013-04-26,290.0,1764.0,111.0,3.0,15.0,14.118792599805255,,,,,,,,,,
2013-05-02,1234.0,761.0,172.0,8.0,13.0,61.854636591478695,,,,,,,,,,
2013-05-03,2008.0,111.0,58.0,15.0,1.0,94.76168003775366,,,,,,,,,,
2013-05-06,1948.0,143.0,85.0,23.0,0.0,93.1611669057867,,,,,,,,,,
2013-05-07,963.0,969.0,243.0,14.0,0.0,49.84472049689441,,,,,,,,,,
2013-05-08,1411.0,555.0,206.0,11.0,0.0,71.77009155645982,,,,,,,,,,
2013-05-09,887.0,1181.0,107.0,17.0,1.0,42.89168278529981,,,,,,,,,,
2013-05-10,1400.0,611.0,163.0,25.0,1.0,69.617105917454,,,,,,,,,,
2013-05-13,1062.0,911.0,193.0,11.0,0.0,53.82665990876837,,,,,,,,,,
2013-05-14,435.0,1661.0,72.0,7.0,3.0,20.75381679389313,,,,,,,,,,
2013-05-15,1624.0,363.0,181.0,11.0,1.0,81.7312531454454,,,,,,,,,,
2013-05-16,1432.0,608.0,125.0,17.0,0.0,70.19607843137254,,,,,,,,,,
2013-05-17,1764.0,270.0,131.0,21.0,0.0,86.72566371681415,,,,,,,,,,
2013-05-20,1703.0,325.0,131.0,21.0,1.0,83.97435897435898,,,,,,,,,,
2013-05-21,1564.0,419.0,179.0,19.0,0.0,78.87039838628341,,,,,,,,,,
2013-05-22,618.0,1442.0,103.0,11.0,1.0,30.0,,,,,,,,,,
2013-05-23,586.0,1461.0,117.0,4.0,0.0,28.627259404005866,,,,,,,,,,
2013-05-24,1767.0,255.0,138.0,17.0,0.0,87.3887240356083,,,,,,,,,,
2013-05-27,1309.0,694.0,149.0,11.0,0.0,65.35197204193709,,,,,,,,,,
2013-05-28,1028.0,1035.0,92.0,16.0,0.0,49.83034415899176,,,,,,,,,,
2013-05-29,1265.0,702.0,190.0,15.0,0.0,64.31113370615151,,,,,,,,,,
2013-05-30,939.0,1082.0,138.0,12.0,0.0,46.46214745175656,,,,,,,,,,
2013-05-31,616.0,1424.0,118.0,11.0,0.0,30.19607843137255,,,,,,,,,,
2013-06-03,692.0,1306.0,159.0,8.0,2.0,34.63463463463464,,,,,,,,,,
2013-06-04,289.0,1827.0,45.0,3.0,3.0,13.657844990548204,,,,,,,,,,
2013-06-05,1226.0,717.0,217.0,12.0,1.0,63.09830159547092,,,,,,,,,,
2013-06-06,303.0,1799.0,60.0,5.0,1.0,14.414843006660323,,,,,,,,,,
2013-06-07,385.0,1715.0,56.0,3.0,5.0,18.33333333333333,,,,,,,,,,
2013-06-13,260.0,1865.0,22.0,7.0,22.0,12.23529411764706,,,,,,,,,,
2013-06-14,1885.0,174.0,94.0,15.0,0.0,91.54929577464787,,,,,,,,,,
2013-06-17,981.0,975.0,191.0,22.0,1.0,50.15337423312884,,,,,,,,,,
2013-06-18,1058.0,863.0,229.0,7.0,0.0,55.07548152004165,,,,,,,,,,
2013-06-19,665.0,1375.0,113.0,12.0,0.0,32.59803921568628,,,,,,,,,,
2013-06-20,101.0,2025.0,23.0,3.0,2.0,4.750705550329257,,,,,,,,,,
2013-06-21,645.0,1383.0,122.0,7.0,0.0,31.804733727810653,,,,,,,,,,
2013-06-24,66.0,2080.0,4.0,5.0,215.0,3.075489282385834,,,,,,,,,,
2013-06-25,779.0,1256.0,114.0,21.0,0.0,38.28009828009828,,,,,,,,,,
2013-06-26,1604.0,411.0,132.0,23.0,1.0,79.6029776674938,,,,,,,,,,
2013-06-27,415.0,1660.0,74.0,7.0,12.0,20.0,,,,,,,,,,
2013-06-28,887.0,1081.0,184.0,9.0,2.0,45.07113821138211,,,,,,,,,,
2013-07-01,1812.0,253.0,89.0,26.0,1.0,87.74818401937046,,,,,,,,,,
2013-07-02,1643.0,366.0,145.0,22.0,1.0,81.78198108511697,,,,,,,,,,
2013-07-03,735.0,1323.0,98.0,23.0,1.0,35.714285714285715,,,,,,,,,,
2013-07-04,1395.0,617.0,137.0,25.0,0.0,69.33399602385686,,,,,,,,,,
2013-07-05,707.0,1276.0,167.0,17.0,1.0,35.6530509329299,,,,,,,,,,
2013-07-08,173.0,1956.0,19.0,6.0,24.0,8.125880695162047,,,,,,,,,,
2013-07-09,1291.0,609.0,247.0,19.0,1.0,67.94736842105263,,,,,,,,,,
2013-07-10,2056.0,73.0,20.0,50.0,0.0,96.57116016909347,,,,,,,,,,
2013-07-11,2020.0,108.0,26.0,42.0,0.0,94.9248120300752,,,,,,,,,,
2013-07-12,602.0,1438.0,113.0,16.0,0.0,29.50980392156863,,,,,,,,,,
2013-07-15,1881.0,171.0,97.0,28.0,0.0,91.66666666666666,,,,,,,,,,
2013-07-16,1517.0,457.0,173.0,23.0,0.0,76.84903748733535,,,,,,,,,,
2013-07-17,393.0,1692.0,63.0,17.0,0.0,18.84892086330936,,,,,,,,,,
2013-07-18,796.0,1235.0,114.0,23.0,0.0,39.19251600196947,,,,,,,,,,
2013-07-19,293.0,1818.0,41.0,13.0,9.0,13.879677877783042,,,,,,,,,,
2013-07-22,1705.0,299.0,141.0,33.0,1.0,85.07984031936128,,,,,,,,,,
2013-07-23,2028.0,81.0,36.0,34.0,0.0,96.1593172119488,,,,,,,,,,
2013-07-24,1024.0,983.0,138.0,24.0,0.0,51.0214250124564,,,,,,,,,,
2013-07-25,438.0,1608.0,102.0,12.0,7.0,21.407624633431084,,,,,,,,,,
2013-07-26,816.0,1183.0,148.0,23.0,0.0,40.82041020510256,,,,,,,,,,
2013-07-29,404.0,1682.0,59.0,12.0,4.0,19.36720997123681,,,,,,,,,,
2013-07-30,1076.0,908.0,163.0,23.0,1.0,54.233870967741936,,,,,,,,,,
2013-07-31,1133.0,763.0,253.0,18.0,0.0,59.75738396624472,,,,,,,,,,
2013-08-01,2086.0,40.0,22.0,29.0,0.0,98.11853245531516,,,,,,,,,,
2013-08-02,1028.0,912.0,214.0,18.0,0.0,52.98969072164949,,,,,,,,,,
2013-08-05,1848.0,213.0,87.0,17.0,0.0,89.66521106259097,,,,,,,,,,
2013-08-06,1392.0,548.0,205.0,25.0,0.0,71.75257731958763,,,,,,,,,,
2013-08-07,503.0,1538.0,99.0,11.0,0.0,24.64478196962273,,,,,,,,,,
2013-08-08,1031.0,930.0,177.0,11.0,0.0,52.57521672616012,,,,,,,,,,
2013-08-09,1116.0,862.0,162.0,14.0,0.0,56.4206268958544,,,,,,,,,,
2013-08-12,1706.0,359.0,72.0,37.0,1.0,82.61501210653753,,,,,,,,,,
2013-08-13,1292.0,651.0,194.0,18.0,1.0,66.49511065362842,,,,,,,,,,
2013-08-14,652.0,1383.0,105.0,18.0,0.0,32.03931203931204,,,,,,,,,,
2013-08-15,439.0,1611.0,89.0,17.0,0.0,21.414634146341463,,,,,,,,,,
2013-08-16,249.0,1813.0,78.0,4.0,10.0,12.075654704170708,,,,,,,,,,
2013-08-19,1894.0,163.0,81.0,25.0,2.0,92.07583859990277,,,,,,,,,,
2013-08-20,811.0,1209.0,125.0,20.0,1.0,40.14851485148515,,,,,,,,,,
2013-08-21,1358.0,611.0,179.0,21.0,0.0,68.96901980700864,,,,,,,,,,
2013-08-22,881.0,1085.0,179.0,18.0,0.0,44.8118006103764,,,,,,,,,,
2013-08-23,639.0,1419.0,89.0,11.0,2.0,31.049562682215743,,,,,,,,,,
2013-08-26,1971.0,128.0,49.0,33.0,0.0,93.9018580276322,,,,,,,,,,
2013-08-27,1312.0,652.0,182.0,34.0,0.0,66.80244399185335,,,,,,,,,,
2013-08-28,608.0,1461.0,75.0,33.0,1.0,29.386176897051712,,,,,,,,,,
2013-08-29,915.0,1103.0,127.0,38.0,1.0,45.341922695738354,,,,,,,,,,
2013-08-30,638.0,1433.0,79.0,47.0,20.0,30.80637373249638,,,,,,,,,,
2013-09-02,1420.0,615.0,109.0,28.0,18.0,69.77886977886978,,,,,,,,,,
2013-09-03,1760.0,285.0,105.0,34.0,0.0,86.06356968215158,,,,,,,,,,
2013-09-04,849.0,1161.0,139.0,33.0,0.0,42.23880597014925,,,,,,,,,,
2013-09-05,895.0,1122.0,134.0,25.0,0.0,44.3728309370352,,,,,,,,,,
2013-09-06,1197.0,757.0,199.0,33.0,0.0,61.2589559877175,,,,,,,,,,
2013-09-09,1440.0,590.0,120.0,33.0,0.0,70.93596059113301,,,,,,,,,,
2013-09-10,1282.0,728.0,140.0,45.0,0.0,63.78109452736318,,,,,,,,,,
2013-09-11,764.0,1305.0,79.0,34.0,7.0,36.92605123247946,,,,,,,,,,
2013-09-12,997.0,1001.0,149.0,24.0,0.0,49.8998998998999,,,,,,,,,,
2013-09-13,1095.0,942.0,108.0,18.0,0.0,53.75552282768778,,,,,,,,,,
2013-09-16,981.0,1015.0,149.0,26.0,1.0,49.14829659318637,,,,,,,,,,
2013-09-17,365.0,1728.0,54.0,10.0,7.0,17.43908265647396,,,,,,,,,,
2013-09-18,1482.0,502.0,162.0,15.0,2.0,74.69758064516128,,,,,,,,,,
2013-09-23,1941.0,136.0,65.0,31.0,0.0,93.4520943668753,,,,,,,,,,
2013-09-24,837.0,1201.0,106.0,37.0,0.0,41.06967615309127,,,,,,,,,,
2013-09-25,630.0,1379.0,131.0,27.0,0.0,31.3588850174216,,,,,,,,,,
2013-09-26,409.0,1678.0,55.0,10.0,27.0,19.597508385241973,,,,,,,,,,
2013-09-27,1067.0,865.0,215.0,10.0,7.0,55.22774327122153,,,,,,,,,,
2013-09-30,1614.0,398.0,140.0,22.0,0.0,80.21868787276341,,,,,,,,,,
2013-10-08,1751.0,308.0,95.0,40.0,0.0,85.0412821758135,,,,,,,,,,
2013-10-09,1403.0,574.0,174.0,43.0,0.0,70.96611026808294,,,,,,,,,,
2013-10-10,629.0,1420.0,106.0,31.0,0.0,30.697901415324548,,,,,,,,,,
2013-10-11,1696.0,369.0,91.0,46.0,0.0,82.13075060532688,,,,,,,,,,
2013-10-14,1353.0,661.0,132.0,47.0,2.0,67.17974180734856,,,,,,,,,,
2013-10-15,883.0,1160.0,102.0,36.0,2.0,43.22075379344102,,,,,,,,,,
2013-10-16,278.0,1827.0,37.0,12.0,28.0,13.20665083135392,,,,,,,,,,
2013-10-17,1084.0,896.0,163.0,19.0,5.0,54.74747474747475,,,,,,,,,,
2013-10-18,1185.0,770.0,191.0,16.0,1.0,60.61381074168798,,,,,,,,,,
2013-10-21,2000.0,92.0,50.0,39.0,0.0,95.60229445506693,,,,,,,,,,
2013-10-22,742.0,1294.0,105.0,21.0,11.0,36.444007858546165,,,,,,,,,,
2013-10-23,317.0,1772.0,56.0,12.0,24.0,15.17472474868358,,,,,,,,,,
2013-10-24,699.0,1333.0,118.0,9.0,3.0,34.3996062992126,,,,,,,,,,
2013-10-25,375.0,1693.0,72.0,5.0,13.0,18.13346228239845,,,,,,,,,,
2013-10-28,991.0,1014.0,140.0,14.0,17.0,49.42643391521197,,,,,,,,,,
2013-10-29,296.0,1828.0,24.0,10.0,28.0,13.93596986817326,,,,,,,,,,
2013-10-30,1859.0,238.0,52.0,28.0,0.0,88.65045302813543,,,,,,,,,,
2013-10-31,691.0,1306.0,144.0,19.0,15.0,34.60190285428143,,,,,,,,,,
2013-11-01,860.0,1093.0,188.0,10.0,6.0,44.03481822836662,,,,,,,,,,
2013-11-04,1365.0,586.0,186.0,10.0,2.0,69.9641209636084,,,,,,,,,,
2013-11-05,1569.0,385.0,187.0,29.0,1.0,80.29682702149437,,,,,,,,,,
2013-11-06,533.0,1481.0,128.0,19.0,0.0,26.46474677259186,,,,,,,,,,
2013-11-07,414.0,1634.0,94.0,12.0,6.0,20.21484375,,,,,,,,,,
2013-11-08,381.0,1693.0,73.0,10.0,7.0,18.37029893924783,,,,,,,,,,
2013-11-11,1463.0,536.0,141.0,10.0,9.0,73.18659329664833,,,,,,,,,,
2013-11-12,1615.0,393.0,139.0,11.0,2.0,80.42828685258964,,,,,,,,,,
2013-11-13,272.0,1804.0,69.0,4.0,9.0,13.102119460500964,,,,,,,,,,
2013-11-14,1689.0,316.0,135.0,21.0,1.0,84.23940149625935,,,,,,,,,,
2013-11-15,1981.0,125.0,35.0,28.0,0.0,94.06457739791072,,,,,,,,,,
2013-11-18,1974.0,131.0,32.0,46.0,0.0,93.77672209026127,,,,,,,,,,
2013-11-19,1005.0,923.0,209.0,17.0,0.0,52.12655601659751,,,,,,,,,,
2013-11-20,1379.0,551.0,205.0,26.0,0.0,71.45077720207253,,,,,,,,,,
2013-11-21,664.0,1351.0,120.0,12.0,2.0,32.95285359801488,,,,,,,,,,
2013-11-22,703.0,1269.0,159.0,18.0,0.0,35.649087221095336,,,,,,,,,,
2013-11-25,953.0,1019.0,159.0,17.0,0.0,48.32657200811359,,,,,,,,,,
2013-11-26,1105.0,838.0,188.0,16.0,0.0,56.8708183221822,,,,,,,,,,
2013-11-27,1628.0,366.0,137.0,14.0,0.0,81.64493480441324,,,,,,,,,,
2013-11-28,1390.0,584.0,155.0,19.0,0.0,70.41540020263425,,,,,,,,,,
2013-11-29,1248.0,690.0,193.0,16.0,0.0,64.39628482972137,,,,,,,,,,
2013-12-02,155.0,1967.0,8.0,10.0,193.0,7.304429783223375,,,,,,,,,,
2013-12-03,1779.0,316.0,39.0,28.0,4.0,84.9164677804296,,,,,,,,,,
2013-12-04,1702.0,349.0,85.0,36.0,1.0,82.98391028766456,,,,,,,,,,
2013-12-05,941.0,1005.0,191.0,20.0,3.0,48.35560123329907,,,,,,,,,,
2013-12-06,826.0,1134.0,177.0,6.0,1.0,42.142857142857146,,,,,,,,,,
2013-12-09,1457.0,485.0,190.0,21.0,1.0,75.02574665293513,,,,,,,,,,
2013-12-10,903.0,1078.0,152.0,15.0,2.0,45.58303886925796,,,,,,,,,,
2013-12-11,481.0,1594.0,63.0,6.0,4.0,23.180722891566266,,,,,,,,,,
2013-12-12,1188.0,726.0,219.0,14.0,0.0,62.06896551724138,,,,,,,,,,
2013-12-13,1138.0,837.0,160.0,16.0,1.0,57.62025316455697,,,,,,,,,,
2013-12-16,378.0,1695.0,61.0,8.0,5.0,18.234442836468887,,,,,,,,,,
2013-12-17,673.0,1275.0,186.0,6.0,2.0,34.5482546201232,,,,,,,,,,
2013-12-18,938.0,989.0,203.0,10.0,3.0,48.676699532952775,,,,,,,,,,
2013-12-19,456.0,1530.0,146.0,5.0,2.0,22.9607250755287,,,,,,,,,,
2013-12-20,406.0,1661.0,71.0,6.0,6.0,19.641993226898887,,,,,,,,,,
2013-12-23,763.0,1210.0,161.0,13.0,5.0,38.67207298530157,,,,,,,,,,
2013-12-24,1512.0,467.0,161.0,11.0,2.0,76.4022233451238,,,,,,,,,,
2013-12-25,1695.0,304.0,141.0,18.0,3.0,84.79239619809906,,,,,,,,,,
2013-12-26,297.0,1800.0,43.0,5.0,3.0,14.163090128755366,,,,,,,,,,
2013-12-27,1934.0,141.0,63.0,16.0,0.0,93.20481927710844,,,,,,,,,,
2013-12-30,1195.0,775.0,170.0,14.0,0.0,60.65989847715736,,,,,,,,,,
2013-12-31,1128.0,853.0,159.0,10.0,1.0,56.94093891973751,,,,,,,,,,
2014-01-02,1344.0,648.0,151.0,15.0,1.0,67.46987951807229,,,,,,,,,,
2014-01-03,620.0,1438.0,78.0,10.0,0.0,30.12633624878523,,,,,,,,,,
2014-01-06,200.0,1908.0,29.0,6.0,2.0,9.487666034155598,,,,,,,,,,
2014-01-07,1287.0,648.0,206.0,9.0,1.0,66.51162790697674,,,,,,,,,,
2014-01-08,1005.0,1008.0,126.0,8.0,0.0,49.92548435171386,,,,,,,,,,
2014-01-09,374.0,1693.0,73.0,7.0,1.0,18.09385582970489,,,,,,,,,,
2014-01-10,401.0,1636.0,97.0,11.0,6.0,19.685812469317625,,,,,,,,,,
2014-01-13,964.0,1010.0,158.0,9.0,7.0,48.83485309017224,,,,,,,,,,
2014-01-14,1936.0,149.0,48.0,20.0,2.0,92.8537170263789,,,,,,,,,,
2014-01-15,1192.0,759.0,182.0,12.0,0.0,61.0968733982573,,,,,,,,,,
2014-01-16,1017.0,909.0,203.0,12.0,3.0,52.80373831775701,,,,,,,,,,
2014-01-17,452.0,1602.0,77.0,6.0,3.0,22.00584225900681,,,,,,,,,,
2014-01-20,682.0,1289.0,164.0,11.0,10.0,34.601725012683914,,,,,,,,,,
2014-01-21,1827.0,215.0,98.0,22.0,0.0,89.47110675808031,,,,,,,,,,
2014-01-22,1994.0,121.0,35.0,30.0,1.0,94.27895981087472,,,,,,,,,,
2014-01-23,1076.0,866.0,211.0,23.0,0.0,55.40679711637488,,,,,,,,,,
2014-01-24,1684.0,345.0,134.0,39.0,0.0,82.99655002464267,,,,,,,,,,
2014-01-27,691.0,1372.0,100.0,16.0,0.0,33.494910324769755,,,,,,,,,,
2014-01-28,857.0,1139.0,173.0,16.0,3.0,42.93587174348698,,,,,,,,,,
2014-01-29,1324.0,651.0,197.0,25.0,5.0,67.0379746835443,,,,,,,,,,
2014-01-30,607.0,1455.0,122.0,15.0,5.0,29.43743937924345,,,,,,,,,,
2014-02-07,1772.0,274.0,135.0,43.0,0.0,86.6080156402737,,,,,,,,,,
2014-02-10,2075.0,79.0,18.0,60.0,0.0,96.33240482822656,,,,,,,,,,
2014-02-11,1099.0,900.0,172.0,43.0,1.0,54.97748874437218,,,,,,,,,,
2014-02-12,1531.0,489.0,153.0,41.0,0.0,75.79207920792079,,,,,,,,,,
2014-02-13,381.0,1716.0,70.0,17.0,5.0,18.168812589413445,,,,,,,,,,
2014-02-14,1930.0,158.0,73.0,34.0,1.0,92.43295019157088,,,,,,,,,,
2014-02-17,1832.0,207.0,118.0,50.0,0.0,89.84796468857283,,,,,,,,,,
2014-02-18,801.0,1280.0,75.0,34.0,0.0,38.49111004324844,,,,,,,,,,
2014-02-19,1010.0,1030.0,118.0,30.0,0.0,49.50980392156863,,,,,,,,,,
2014-02-20,481.0,1609.0,64.0,30.0,5.0,23.014354066985646,,,,,,,,,,
2014-02-21,762.0,1321.0,76.0,13.0,2.0,36.58185309649544,,,,,,,,,,
2014-02-24,1050.0,1037.0,72.0,28.0,13.0,50.31145184475323,,,,,,,,,,
2014-02-25,162.0,1975.0,23.0,19.0,48.0,7.580720636406177,,,,,,,,,,
2014-02-26,1293.0,761.0,101.0,34.0,2.0,62.95034079844206,,,,,,,,,,
2014-02-27,527.0,1537.0,96.0,24.0,9.0,25.532945736434108,,,,,,,,,,
2014-02-28,1570.0,496.0,100.0,31.0,6.0,75.99225556631171,,,,,,,,,,
2014-03-03,1884.0,223.0,59.0,47.0,0.0,89.41623160892263,,,,,,,,,,
2014-03-04,847.0,1188.0,134.0,17.0,0.0,41.62162162162162,,,,,,,,,,
2014-03-05,759.0,1259.0,154.0,19.0,0.0,37.61149653121903,,,,,,,,,,
2014-03-06,989.0,1020.0,155.0,19.0,0.0,49.2284718765555,,,,,,,,,,
2014-03-07,744.0,1293.0,128.0,18.0,1.0,36.52430044182621,,,,,,,,,,
2014-03-10,167.0,1985.0,16.0,9.0,31.0,7.760223048327138,,,,,,,,,,
2014-03-11,1166.0,871.0,129.0,14.0,5.0,57.24104074619538,,,,,,,,,,
2014-03-12,997.0,1019.0,148.0,17.0,10.0,49.45436507936508,,,,,,,,,,
2014-03-13,1682.0,336.0,140.0,20.0,3.0,83.34985133795837,,,,,,,,,,
2014-03-14,752.0,1257.0,146.0,6.0,5.0,37.43155798904928,,,,,,,,,,
2014-03-17,1944.0,158.0,54.0,26.0,0.0,92.48334919124645,,,,,,,,,,
2014-03-18,1080.0,872.0,204.0,26.0,0.0,55.32786885245902,,,,,,,,,,
2014-03-19,996.0,1051.0,108.0,25.0,0.0,48.65657059110894,,,,,,,,,,
2014-03-20,204.0,1901.0,54.0,15.0,11.0,9.691211401425178,,,,,,,,,,
2014-03-21,1878.0,238.0,44.0,25.0,0.0,88.75236294896031,,,,,,,,,,
2014-03-24,1319.0,699.0,132.0,38.0,0.0,65.36174430128841,,,,,,,,,,
2014-03-25,1007.0,989.0,158.0,21.0,3.0,50.450901803607216,,,,,,,,,,
2014-03-26,1078.0,944.0,132.0,14.0,1.0,53.3135509396637,,,,,,,,,,
2014-03-27,331.0,1746.0,70.0,12.0,4.0,15.936446798266733,,,,,,,,,,
2014-03-28,403.0,1656.0,88.0,8.0,32.0,19.5726080621661,,,,,,,,,,
2014-03-31,808.0,1181.0,145.0,4.0,26.0,40.623428858722974,,,,,,,,,,
2014-04-01,1860.0,176.0,98.0,14.0,2.0,91.35559921414536,,,,,,,,,,
2014-04-02,855.0,1103.0,174.0,16.0,2.0,43.66700715015322,,,,,,,,,,
2014-04-03,976.0,1005.0,156.0,10.0,1.0,49.26804644119132,,,,,,,,,,
2014-04-04,1744.0,265.0,130.0,14.0,1.0,86.80935788949726,,,,,,,,,,
2014-04-08,1664.0,357.0,110.0,14.0,2.0,82.33547748639288,,,,,,,,,,
2014-04-09,1438.0,479.0,215.0,19.0,0.0,75.0130412102243,,,,,,,,,,
2014-04-10,1082.0,855.0,191.0,20.0,0.0,55.85957666494578,,,,,,,,,,
2014-04-11,686.0,1312.0,123.0,10.0,0.0,34.33433433433433,,,,,,,,,,
2014-04-14,1410.0,562.0,145.0,17.0,0.0,71.50101419878297,,,,,,,,,,
2014-04-15,554.0,1466.0,94.0,8.0,0.0,27.425742574257427,,,,,,,,,,
2014-04-16,1007.0,901.0,204.0,9.0,0.0,52.77777777777778,,,,,,,,,,
2014-04-17,905.0,1042.0,167.0,8.0,0.0,46.48176682074987,,,,,,,,,,
2014-04-18,1140.0,764.0,211.0,9.0,0.0,59.87394957983193,,,,,,,,,,
2014-04-21,333.0,1724.0,50.0,9.0,5.0,16.188624210014584,,,,,,,,,,
2014-04-22,654.0,1332.0,123.0,6.0,6.0,32.93051359516616,,,,,,,,,,
2014-04-23,825.0,1105.0,185.0,7.0,0.0,42.74611398963731,,,,,,,,,,
2014-04-24,485.0,1479.0,149.0,9.0,4.0,24.69450101832994,,,,,,,,,,
2014-04-25,256.0,1785.0,68.0,4.0,12.0,12.542871141597256,,,,,,,,,,
2014-04-28,180.0,1879.0,36.0,5.0,68.0,8.742107819329771,,,,,,,,,,
2014-04-29,1774.0,253.0,74.0,20.0,5.0,87.51850024666994,,,,,,,,,,
2014-04-30,1455.0,478.0,175.0,14.0,3.0,75.2715985514744,,,,,,,,,,
2014-05-05,1561.0,400.0,138.0,15.0,1.0,79.60224375318715,,,,,,,,,,
2014-05-06,1285.0,589.0,227.0,13.0,1.0,68.56990394877268,,,,,,,,,,
2014-05-07,285.0,1751.0,68.0,10.0,4.0,13.99803536345776,,,,,,,,,,
2014-05-08,1023.0,825.0,251.0,20.0,0.0,55.35714285714286,,,,,,,,,,
2014-05-09,600.0,1354.0,141.0,9.0,2.0,30.70624360286592,,,,,,,,,,
2014-05-12,1995.0,76.0,23.0,49.0,1.0,96.3302752293578,,,,,,,,,,
2014-05-13,799.0,1111.0,186.0,9.0,3.0,41.832460732984295,,,,,,,,,,
2014-05-14,818.0,1035.0,248.0,13.0,1.0,44.1446303291959,,,,,,,,,,
2014-05-15,224.0,1833.0,47.0,3.0,2.0,10.889645114244043,,,,,,,,,,
2014-05-16,935.0,961.0,207.0,4.0,3.0,49.31434599156118,,,,,,,,,,
2014-05-19,689.0,1247.0,167.0,5.0,2.0,35.58884297520662,,,,,,,,,,
2014-05-20,1171.0,673.0,265.0,9.0,1.0,63.50325379609545,,,,,,,,,,
2014-05-21,1717.0,252.0,137.0,12.0,0.0,87.201625190452,,,,,,,,,,
2014-05-22,708.0,1195.0,207.0,13.0,0.0,37.2044140830268,,,,,,,,,,
2014-05-23,1657.0,285.0,165.0,12.0,1.0,85.3244078269825,,,,,,,,,,
2014-05-26,1627.0,294.0,182.0,7.0,0.0,84.6954711087975,,,,,,,,,,
2014-05-27,518.0,1413.0,174.0,8.0,1.0,26.825479026411188,,,,,,,,,,
2014-05-28,1638.0,295.0,169.0,10.0,1.0,84.73874806001035,,,,,,,,,,
2014-05-29,340.0,1684.0,77.0,7.0,2.0,16.798418972332016,,,,,,,,,,
2014-05-30,1025.0,841.0,235.0,9.0,1.0,54.930332261521976,,,,,,,,,,
2014-06-03,800.0,1087.0,211.0,12.0,1.0,42.395336512983576,,,,,,,,,,
2014-06-04,479.0,1545.0,79.0,5.0,2.0,23.66600790513834,,,,,,,,,,
2014-06-05,1772.0,205.0,118.0,14.0,1.0,89.63075366717248,,,,,,,,,,
2014-06-06,646.0,1296.0,153.0,2.0,0.0,33.26467559217301,,,,,,,,,,
2014-06-09,584.0,1331.0,178.0,5.0,1.0,30.49608355091384,,,,,,,,,,
2014-06-10,1801.0,188.0,109.0,9.0,1.0,90.54801407742583,,,,,,,,,,
2014-06-11,1152.0,692.0,250.0,9.0,2.0,62.47288503253796,,,,,,,,,,
2014-06-12,664.0,1264.0,160.0,14.0,2.0,34.439834024896264,,,,,,,,,,
2014-06-13,1675.0,296.0,116.0,20.0,0.0,84.9822425164891,,,,,,,,,,
2014-06-16,1306.0,553.0,226.0,13.0,0.0,70.25282409897795,,,,,,,,,,
2014-06-17,392.0,1627.0,78.0,9.0,0.0,19.41555225359089,,,,,,,,,,
2014-06-18,507.0,1472.0,116.0,17.0,0.0,25.61899949469429,,,,,,,,,,
2014-06-19,139.0,1934.0,21.0,3.0,14.0,6.705258080077183,,,,,,,,,,
2014-06-20,1654.0,299.0,147.0,13.0,1.0,84.69022017409115,,,,,,,,,,
2014-06-23,1473.0,426.0,195.0,19.0,1.0,77.56714060031595,,,,,,,,,,
2014-06-24,1429.0,474.0,195.0,20.0,1.0,75.09196006305832,,,,,,,,,,
2014-06-25,637.0,1307.0,146.0,9.0,1.0,32.767489711934154,,,,,,,,,,
2014-06-26,1810.0,169.0,111.0,22.0,0.0,91.46033350176856,,,,,,,,,,
2014-06-27,1359.0,546.0,187.0,37.0,0.0,71.33858267716535,,,,,,,,,,
2014-06-30,1443.0,481.0,162.0,29.0,0.0,75.0,,,,,,,,,,
2014-07-01,1192.0,711.0,192.0,23.0,0.0,62.6379400945875,,,,,,,,,,
2014-07-02,1166.0,729.0,205.0,31.0,1.0,61.53034300791557,,,,,,,,,,
2014-07-03,1213.0,699.0,181.0,31.0,0.0,63.44142259414226,,,,,,,,,,
2014-07-04,776.0,1146.0,167.0,16.0,1.0,40.37460978147763,,,,,,,,,,
2014-07-07,892.0,1057.0,144.0,14.0,0.0,45.76706003078502,,,,,,,,,,
2014-07-08,1254.0,656.0,185.0,19.0,0.0,65.65445026178011,,,,,,,,,,
2014-07-09,315.0,1726.0,54.0,15.0,1.0,15.433610975012249,,,,,,,,,,
2014-07-10,1044.0,814.0,237.0,28.0,1.0,56.18945102260496,,,,,,,,,,
2014-07-11,1518.0,455.0,119.0,27.0,0.0,76.9386720729853,,,,,,,,,,
2014-07-14,1704.0,303.0,84.0,38.0,1.0,84.90284005979073,,,,,,,,,,
2014-07-15,789.0,1163.0,144.0,24.0,3.0,40.42008196721312,,,,,,,,,,
2014-07-16,570.0,1413.0,116.0,18.0,4.0,28.74432677760968,,,,,,,,,,
2014-07-17,760.0,1219.0,116.0,5.0,4.0,38.40323395654371,,,,,,,,,,
2014-07-18,1004.0,886.0,206.0,14.0,0.0,53.12169312169313,,,,,,,,,,
2014-07-21,718.0,1241.0,127.0,16.0,4.0,36.6513527309852,,,,,,,,,,
2014-07-22,1748.0,231.0,108.0,33.0,0.0,88.32743810005053,,,,,,,,,,
2014-07-23,510.0,1474.0,111.0,19.0,0.0,25.705645161290324,,,,,,,,,,
2014-07-24,952.0,1034.0,112.0,17.0,3.0,47.93554884189326,,,,,,,,,,
2014-07-25,1645.0,351.0,107.0,21.0,0.0,82.41482965931863,,,,,,,,,,
2014-07-28,1953.0,102.0,48.0,29.0,1.0,95.03649635036496,,,,,,,,,,
2014-07-29,1494.0,447.0,163.0,33.0,2.0,76.97063369397218,,,,,,,,,,
2014-07-30,1086.0,859.0,158.0,37.0,1.0,55.83547557840617,,,,,,,,,,
2014-07-31,1466.0,488.0,155.0,23.0,1.0,75.02558853633572,,,,,,,,,,
2014-08-01,406.0,1634.0,71.0,21.0,0.0,19.90196078431373,,,,,,,,,,
2014-08-04,1899.0,162.0,53.0,36.0,0.0,92.13973799126636,,,,,,,,,,
2014-08-05,1317.0,631.0,168.0,24.0,0.0,67.60780287474333,,,,,,,,,,
2014-08-06,995.0,933.0,186.0,16.0,0.0,51.60788381742739,,,,,,,,,,
2014-08-07,415.0,1625.0,75.0,14.0,1.0,20.34313725490196,,,,,,,,,,
2014-08-08,1437.0,510.0,168.0,13.0,1.0,73.80585516178738,,,,,,,,,,
2014-08-11,1908.0,149.0,57.0,30.0,0.0,92.75644141954302,,,,,,,,,,
2014-08-12,1094.0,841.0,178.0,20.0,0.0,56.53746770025839,,,,,,,,,,
2014-08-13,860.0,1139.0,112.0,23.0,3.0,43.02151075537769,,,,,,,,,,
2014-08-14,597.0,1400.0,115.0,22.0,3.0,29.89484226339509,,,,,,,,,,
2014-08-15,1695.0,297.0,122.0,26.0,0.0,85.09036144578313,,,,,,,,,,
2014-08-18,1776.0,230.0,101.0,32.0,0.0,88.53439680957128,,,,,,,,,,
2014-08-19,1018.0,925.0,170.0,38.0,0.0,52.39320638188369,,,,,,,,,,
2014-08-20,874.0,1120.0,119.0,30.0,0.0,43.83149448345035,,,,,,,,,,
2014-08-21,861.0,1186.0,74.0,26.0,0.0,42.06155349291647,,,,,,,,,,
2014-08-22,1356.0,612.0,152.0,22.0,0.0,68.90243902439023,,,,,,,,,,
2014-08-25,612.0,1410.0,93.0,24.0,3.0,30.267062314540063,,,,,,,,,,
2014-08-26,279.0,1801.0,30.0,22.0,3.0,13.413461538461538,,,,,,,,,,
2014-08-27,1239.0,691.0,181.0,29.0,1.0,64.19689119170985,,,,,,,,,,
2014-08-28,573.0,1435.0,96.0,14.0,7.0,28.535856573705185,,,,,,,,,,
2014-08-29,1746.0,289.0,72.0,11.0,0.0,85.79852579852579,,,,,,,,,,
2014-09-01,1936.0,117.0,52.0,21.0,0.0,94.30102289332685,,,,,,,,,,
2014-09-02,1937.0,109.0,63.0,31.0,0.0,94.67253176930596,,,,,,,,,,
2014-09-03,1378.0,558.0,176.0,23.0,0.0,71.17768595041323,,,,,,,,,,
2014-09-04,1467.0,476.0,166.0,24.0,0.0,75.5018013381369,,,,,,,,,,
2014-09-05,1148.0,810.0,163.0,27.0,0.0,58.63125638406538,,,,,,,,,,
2014-09-09,1197.0,802.0,114.0,26.0,0.0,59.879939969985,,,,,,,,,,
2014-09-10,1189.0,804.0,123.0,32.0,1.0,59.6588058203713,,,,,,,,,,
2014-09-11,789.0,1215.0,107.0,26.0,0.0,39.37125748502994,,,,,,,,,,
2014-09-12,1685.0,332.0,101.0,33.0,0.0,83.53991075855231,,,,,,,,,,
2014-09-15,1453.0,558.0,103.0,36.0,0.0,72.2526106414719,,,,,,,,,,
2014-09-16,173.0,1924.0,17.0,17.0,5.0,8.249880782069622,,,,,,,,,,
2014-09-17,1406.0,602.0,111.0,28.0,0.0,70.0199203187251,,,,,,,,,,
2014-09-18,1348.0,628.0,140.0,21.0,0.0,68.21862348178138,,,,,,,,,,
2014-09-19,1501.0,470.0,144.0,31.0,0.0,76.15423642820903,,,,,,,,,,
2014-09-22,490.0,1575.0,39.0,21.0,1.0,23.728813559322035,,,,,,,,,,
2014-09-23,1777.0,232.0,97.0,27.0,0.0,88.45196615231458,,,,,,,,,,
2014-09-24,1783.0,253.0,74.0,27.0,0.0,87.57367387033399,,,,,,,,,,
2014-09-25,762.0,1260.0,93.0,22.0,1.0,37.68545994065282,,,,,,,,,,
2014-09-26,1160.0,830.0,132.0,15.0,3.0,58.29145728643216,,,,,,,,,,
2014-09-29,1566.0,453.0,93.0,22.0,2.0,77.56315007429421,,,,,,,,,,
2014-09-30,1254.0,711.0,166.0,28.0,1.0,63.81679389312978,,,,,,,,,,
2014-10-08,1605.0,412.0,103.0,38.0,0.0,79.57362419434804,,,,,,,,,,
2014-10-09,921.0,1112.0,90.0,29.0,0.0,45.30250860796852,,,,,,,,,,
2014-10-10,642.0,1420.0,60.0,18.0,0.0,31.134820562560623,,,,,,,,,,
2014-10-13,900.0,1153.0,58.0,20.0,0.0,43.83828543594739,,,,,,,,,,
2014-10-14,747.0,1289.0,80.0,24.0,1.0,36.68958742632613,,,,,,,,,,
2014-10-15,1152.0,856.0,106.0,30.0,1.0,57.37051792828686,,,,,,,,,,
2014-10-16,392.0,1682.0,45.0,22.0,2.0,18.900675024108004,,,,,,,,,,
2014-10-17,556.0,1532.0,34.0,24.0,4.0,26.62835249042146,,,,,,,,,,
2014-10-20,1759.0,293.0,74.0,17.0,1.0,85.72124756335283,,,,,,,,,,
2014-10-21,573.0,1482.0,71.0,9.0,3.0,27.883211678832115,,,,,,,,,,
2014-10-22,422.0,1646.0,63.0,10.0,2.0,20.406189555125724,,,,,,,,,,
2014-10-23,392.0,1695.0,34.0,9.0,5.0,18.782942022041208,,,,,,,,,,
2014-10-24,1158.0,803.0,162.0,11.0,3.0,59.0515043345232,,,,,,,,,,
2014-10-27,1487.0,553.0,82.0,9.0,6.0,72.8921568627451,,,,,,,,,,
2014-10-28,2088.0,35.0,4.0,33.0,0.0,98.3513895430994,,,,,,,,,,
2014-10-29,1782.0,253.0,85.0,36.0,0.0,87.56756756756758,,,,,,,,,,
2014-10-30,921.0,1101.0,102.0,21.0,0.0,45.54896142433235,,,,,,,,,,
2014-10-31,918.0,1100.0,113.0,17.0,0.0,45.490584737363726,,,,,,,,,,
2014-11-03,1512.0,533.0,88.0,34.0,0.0,73.9364303178484,,,,,,,,,,
2014-11-04,732.0,1338.0,64.0,28.0,1.0,35.36231884057971,,,,,,,,,,
2014-11-05,898.0,1133.0,111.0,25.0,1.0,44.21467257508617,,,,,,,,,,
2014-11-06,1392.0,652.0,99.0,27.0,1.0,68.10176125244618,,,,,,,,,,
2014-11-07,516.0,1580.0,53.0,19.0,0.0,24.61832061068702,,,,,,,,,,
2014-11-10,1466.0,602.0,73.0,40.0,1.0,70.88974854932302,,,,,,,,,,
2014-11-11,226.0,1905.0,11.0,19.0,16.0,10.605349601126232,,,,,,,,,,
2014-11-12,1886.0,217.0,43.0,42.0,0.0,89.68140751307656,,,,,,,,,,
2014-11-13,522.0,1571.0,50.0,27.0,4.0,24.94027711419016,,,,,,,,,,
2014-11-14,896.0,1144.0,108.0,14.0,10.0,43.92156862745098,,,,,,,,,,
2014-11-17,1626.0,439.0,72.0,20.0,1.0,78.74092009685229,,,,,,,,,,
2014-11-18,1188.0,822.0,131.0,18.0,2.0,59.1044776119403,,,,,,,,,,
2014-11-19,1245.0,734.0,157.0,18.0,0.0,62.91056088933805,,,,,,,,,,
2014-11-20,798.0,1196.0,127.0,18.0,0.0,40.02006018054162,,,,,,,,,,
2014-11-21,1627.0,379.0,118.0,24.0,0.0,81.10667996011965,,,,,,,,,,
2014-11-24,1551.0,461.0,107.0,32.0,0.0,77.08747514910537,,,,,,,,,,
2014-11-25,1691.0,360.0,69.0,40.0,0.0,82.44758654314968,,,,,,,,,,
2014-11-26,1091.0,916.0,113.0,25.0,0.0,54.3597409068261,,,,,,,,,,
2014-11-27,1198.0,817.0,96.0,38.0,1.0,59.45409429280397,,,,,,,,,,
2014-11-28,804.0,1246.0,66.0,39.0,0.0,39.21951219512195,,,,,,,,,,
2014-12-01,648.0,1412.0,43.0,33.0,2.0,31.456310679611647,,,,,,,,,,
2014-12-02,1686.0,338.0,92.0,41.0,0.0,83.300395256917,,,,,,,,,,
2014-12-03,1332.0,720.0,70.0,35.0,2.0,64.91228070175438,,,,,,,,,,
2014-12-04,1574.0,443.0,105.0,81.0,0.0,78.03668815071889,,,,,,,,,,
2014-12-05,326.0,1790.0,12.0,61.0,8.0,15.406427221172022,,,,,,,,,,
2014-12-08,1028.0,1036.0,58.0,83.0,6.0,49.8062015503876,,,,,,,,,,
2014-12-09,165.0,1942.0,17.0,15.0,166.0,7.831039392501187,,,,,,,,,,
2014-12-10,2062.0,64.0,7.0,100.0,2.0,96.98965192850424,,,,,,,,,,
2014-12-11,1583.0,485.0,62.0,75.0,2.0,76.54738878143134,,,,,,,,,,
2014-12-12,1462.0,591.0,82.0,39.0,2.0,71.21285923039454,,,,,,,,,,
2014-12-15,1657.0,426.0,54.0,43.0,2.0,79.54872779644742,,,,,,,,,,
2014-12-16,699.0,1373.0,72.0,44.0,1.0,33.73552123552124,,,,,,,,,,
2014-12-17,463.0,1661.0,19.0,33.0,1.0,21.7984934086629,,,,,,,,,,
2014-12-18,774.0,1254.0,103.0,36.0,4.0,38.16568047337278,,,,,,,,,,
2014-12-19,540.0,1564.0,26.0,38.0,6.0,25.665399239543724,,,,,,,,,,
2014-12-22,281.0,1838.0,9.0,27.0,224.0,13.260972156677678,,,,,,,,,,
2014-12-23,714.0,1339.0,78.0,16.0,42.0,34.77837311251827,,,,,,,,,,
2014-12-24,1783.0,320.0,23.0,39.0,1.0,84.78364241559677,,,,,,,,,,
2014-12-25,1642.0,379.0,106.0,46.0,0.0,81.24690747154874,,,,,,,,,,
2014-12-26,1116.0,893.0,117.0,37.0,2.0,55.55002488800398,,,,,,,,,,
2014-12-29,465.0,1623.0,35.0,21.0,13.0,22.27011494252873,,,,,,,,,,
2014-12-30,491.0,1606.0,43.0,25.0,13.0,23.414401525989508,,,,,,,,,,
2014-12-31,1526.0,538.0,77.0,28.0,4.0,73.93410852713178,,,,,,,,,,
2015-01-05,1461.0,640.0,42.0,87.0,2.0,69.53831508805331,,,,,,,,,,
2015-01-06,1628.0,468.0,47.0,30.0,0.0,77.67175572519083,,,,,,,,,,
2015-01-07,791.0,1273.0,86.0,27.0,1.0,38.32364341085272,,,,,,,,,,
2015-01-08,806.0,1254.0,89.0,30.0,2.0,39.126213592233015,,,,,,,,,,
2015-01-09,505.0,1553.0,89.0,11.0,0.0,24.538386783284743,,,,,,,,,,
2015-01-12,536.0,1584.0,29.0,18.0,5.0,25.28301886792453,,,,,,,,,,
2015-01-13,1737.0,343.0,67.0,21.0,0.0,83.50961538461539,,,,,,,,,,
2015-01-14,675.0,1399.0,72.0,15.0,1.0,32.54580520732883,,,,,,,,,,
2015-01-15,1504.0,547.0,90.0,15.0,1.0,73.33008288639688,,,,,,,,,,
2015-01-16,1619.0,411.0,120.0,25.0,1.0,79.75369458128078,,,,,,,,,,
2015-01-19,336.0,1776.0,27.0,13.0,164.0,15.909090909090908,,,,,,,,,,
2015-01-20,2090.0,39.0,7.0,69.0,1.0,98.16815406294036,,,,,,,,,,
2015-01-21,1926.0,182.0,29.0,43.0,0.0,91.3662239089184,,,,,,,,,,
2015-01-22,1702.0,346.0,90.0,51.0,1.0,83.10546875,,,,,,,,,,
2015-01-23,510.0,1577.0,56.0,21.0,2.0,24.436990896023,,,,,,,,,,
2015-01-26,1920.0,190.0,38.0,50.0,1.0,90.99526066350712,,,,,,,,,,
2015-01-27,1120.0,967.0,64.0,49.0,1.0,53.66554863440345,,,,,,,,,,
2015-01-28,720.0,1360.0,79.0,25.0,1.0,34.61538461538461,,,,,,,,,,
2015-01-29,643.0,1444.0,76.0,33.0,0.0,30.809774796358408,,,,,,,,,,
2015-01-30,556.0,1537.0,70.0,23.0,5.0,26.56473960821787,,,,,,,,,,
2015-02-02,836.0,1250.0,71.0,24.0,9.0,40.076701821668266,,,,,,,,,,
2015-02-03,1891.0,229.0,42.0,41.0,1.0,89.19811320754717,,,,,,,,,,
2015-02-04,679.0,1411.0,71.0,32.0,0.0,32.48803827751196,,,,,,,,,,
2015-02-05,634.0,1451.0,73.0,31.0,1.0,30.40767386091127,,,,,,,,,,
2015-02-06,313.0,1809.0,36.0,16.0,13.0,14.7502356267672,,,,,,,,,,
2015-02-09,768.0,1278.0,111.0,17.0,15.0,37.5366568914956,,,,,,,,,,
2015-02-10,1677.0,400.0,82.0,17.0,0.0,80.74145402022147,,,,,,,,,,
2015-02-11,1588.0,442.0,134.0,26.0,1.0,78.22660098522167,,,,,,,,,,
2015-02-12,1514.0,554.0,99.0,20.0,0.0,73.21083172147002,,,,,,,,,,
2015-02-13,1874.0,231.0,63.0,33.0,0.0,89.02612826603325,,,,,,,,,,
2015-02-16,1900.0,205.0,66.0,42.0,1.0,90.26128266033254,,,,,,,,,,
2015-02-17,1157.0,888.0,138.0,40.0,0.0,56.577017114914426,,,,,,,,,,
2015-02-25,904.0,1197.0,87.0,33.0,3.0,43.0271299381247,,,,,,,,,,
2015-02-26,1550.0,570.0,70.0,33.0,0.0,73.11320754716981,,,,,,,,,,
2015-02-27,1437.0,631.0,123.0,47.0,0.0,69.48742746615088,,,,,,,,,,
2015-03-02,1867.0,256.0,61.0,73.0,0.0,87.9415920866698,,,,,,,,,,
2015-03-03,702.0,1429.0,53.0,48.0,0.0,32.9422806194275,,,,,,,,,,
2015-03-04,1747.0,376.0,61.0,60.0,0.0,82.28921337729628,,,,,,,,,,
2015-03-05,1077.0,1039.0,59.0,37.0,0.0,50.89792060491494,,,,,,,,,,
2015-03-06,639.0,1479.0,58.0,29.0,3.0,30.1699716713881,,,,,,,,,,
2015-03-09,1632.0,478.0,58.0,31.0,1.0,77.34597156398104,,,,,,,,,,
2015-03-10,1457.0,626.0,90.0,39.0,0.0,69.9471915506481,,,,,,,,,,
2015-03-11,793.0,1327.0,53.0,37.0,0.0,37.405660377358494,,,,,,,,,,
2015-03-12,848.0,1263.0,60.0,18.0,2.0,40.17053529133112,,,,,,,,,,
2015-03-13,1714.0,377.0,72.0,27.0,0.0,81.97034911525586,,,,,,,,,,
2015-03-16,2122.0,21.0,13.0,77.0,0.0,99.02006532897806,,,,,,,,,,
2015-03-17,1461.0,610.0,84.0,69.0,0.0,70.5456301303718,,,,,,,,,,
2015-03-18,1848.0,254.0,59.0,65.0,0.0,87.9162702188392,,,,,,,,,,
2015-03-19,1162.0,937.0,52.0,51.0,0.0,55.35969509290138,,,,,,,,,,
2015-03-20,1282.0,809.0,71.0,53.0,0.0,61.31037780966045,,,,,,,,,,
2015-03-23,1958.0,165.0,34.0,101.0,0.0,92.2279792746114,,,,,,,,,,
2015-03-24,873.0,1279.0,11.0,100.0,0.0,40.56691449814127,,,,,,,,,,
2015-03-25,1242.0,879.0,38.0,92.0,1.0,58.55728429985856,,,,,,,,,,
2015-03-26,756.0,1349.0,49.0,59.0,21.0,35.91448931116389,,,,,,,,,,
2015-03-27,1455.0,623.0,81.0,69.0,2.0,70.01924927815207,,,,,,,,,,
2015-03-30,1368.0,716.0,63.0,62.0,5.0,65.64299424184262,,,,,,,,,,
2015-03-31,954.0,1155.0,49.0,44.0,0.0,45.23470839260313,,,,,,,,,,
2015-04-01,2022.0,102.0,35.0,83.0,0.0,95.19774011299435,,,,,,,,,,
2015-04-02,1723.0,389.0,41.0,100.0,0.0,81.58143939393939,,,,,,,,,,
2015-04-03,1579.0,521.0,65.0,107.0,0.0,75.19047619047619,,,,,,,,,,
2015-04-07,1773.0,343.0,34.0,106.0,0.0,83.79017013232513,,,,,,,,,,
2015-04-08,599.0,1523.0,25.0,77.0,0.0,28.22808671065033,,,,,,,,,,
2015-04-09,596.0,1534.0,8.0,74.0,0.0,27.981220657277,,,,,,,,,,
2015-04-10,1900.0,215.0,25.0,111.0,0.0,89.83451536643025,,,,,,,,,,
2015-04-13,1738.0,373.0,28.0,135.0,0.0,82.33064898152534,,,,,,,,,,
2015-04-14,911.0,1202.0,30.0,85.0,0.0,43.11405584477047,,,,,,,,,,
2015-04-15,295.0,1820.0,15.0,40.0,46.0,13.947990543735225,,,,,,,,,,
2015-04-16,1452.0,621.0,56.0,64.0,0.0,70.04341534008684,,,,,,,,,,
2015-04-17,1199.0,882.0,53.0,61.0,2.0,57.61653051417588,,,,,,,,,,
2015-04-20,528.0,1589.0,17.0,58.0,14.0,24.940954180444024,,,,,,,,,,
2015-04-21,2037.0,104.0,2.0,93.0,1.0,95.14245679588976,,,,,,,,,,
2015-04-22,2026.0,102.0,18.0,105.0,0.0,95.20676691729322,,,,,,,,,,
2015-04-23,1207.0,909.0,41.0,103.0,0.0,57.04158790170132,,,,,,,,,,
2015-04-24,867.0,1280.0,15.0,73.0,0.0,40.38192827200745,,,,,,,,,,
2015-04-27,1275.0,852.0,47.0,83.0,0.0,59.943582510578274,,,,,,,,,,
2015-04-28,344.0,1823.0,9.0,58.0,24.0,15.87448084910014,,,,,,,,,,
2015-04-29,1879.0,278.0,26.0,110.0,0.0,87.11172925359296,,,,,,,,,,
2015-04-30,999.0,1150.0,35.0,77.0,0.0,46.48673801768265,,,,,,,,,,
2015-05-04,1304.0,838.0,29.0,87.0,3.0,60.87768440709617,,,,,,,,,,
2015-05-05,383.0,1764.0,11.0,35.0,25.0,17.83884489986027,,,,,,,,,,
2015-05-06,677.0,1454.0,28.0,30.0,2.0,31.769122477709992,,,,,,,,,,
2015-05-07,608.0,1533.0,21.0,34.0,65.0,28.39794488556749,,,,,,,,,,
2015-05-08,2097.0,57.0,6.0,127.0,1.0,97.35376044568244,,,,,,,,,,
2015-05-11,2154.0,14.0,3.0,186.0,0.0,99.35424354243544,,,,,,,,,,
2015-05-12,1605.0,512.0,61.0,156.0,0.0,75.81483230987246,,,,,,,,,,
2015-05-13,1216.0,918.0,32.0,130.0,0.0,56.9821930646673,,,,,,,,,,
2015-05-14,1227.0,901.0,35.0,125.0,2.0,57.65977443609023,,,,,,,,,,
2015-05-15,793.0,1354.0,21.0,88.0,3.0,36.93525850023288,,,,,,,,,,
2015-05-18,1549.0,574.0,41.0,171.0,2.0,72.96278850682995,,,,,,,,,,
2015-05-19,1802.0,351.0,15.0,157.0,0.0,83.69716674407803,,,,,,,,,,
2015-05-20,1485.0,630.0,59.0,148.0,0.0,70.2127659574468,,,,,,,,,,
2015-05-21,1946.0,198.0,27.0,263.0,0.0,90.76492537313432,,,,,,,,,,
2015-05-22,1407.0,724.0,28.0,192.0,0.0,66.02534021586109,,,,,,,,,,
2015-05-25,1768.0,353.0,17.0,210.0,4.0,83.35690711928335,,,,,,,,,,
2015-05-26,2025.0,104.0,18.0,266.0,0.0,95.11507750117426,,,,,,,,,,
2015-05-27,1228.0,899.0,15.0,266.0,0.0,57.73389750822755,,,,,,,,,,
2015-05-28,254.0,1878.0,8.0,59.0,610.0,11.913696060037523,,,,,,,,,,
2015-05-29,1210.0,908.0,23.0,161.0,1.0,57.129367327667616,,,,,,,,,,
2015-06-01,2025.0,105.0,3.0,350.0,8.0,95.07042253521126,,,,,,,,,,
2015-06-02,1854.0,265.0,12.0,319.0,6.0,87.4941009910335,,,,,,,,,,
2015-06-03,1011.0,1103.0,19.0,187.0,6.0,47.8240302743614,,,,,,,,,,
2015-06-04,755.0,1361.0,16.0,167.0,21.0,35.68052930056711,,,,,,,,,,
2015-06-05,1437.0,651.0,36.0,168.0,4.0,68.82183908045977,,,,,,,,,,
2015-06-08,764.0,1336.0,16.0,113.0,30.0,36.38095238095238,,,,,,,,,,
2015-06-09,1058.0,1048.0,16.0,95.0,11.0,50.23741690408357,,,,,,,,,,
2015-06-10,1659.0,441.0,23.0,116.0,1.0,79.0,,,,,,,,,,
2015-06-11,1498.0,612.0,20.0,152.0,0.0,70.99526066350711,,,,,,,,,,
2015-06-12,1420.0,699.0,22.0,157.0,2.0,67.01274185936764,,,,,,,,,,
2015-06-15,698.0,1430.0,10.0,86.0,52.0,32.80075187969925,,,,,,,,,,
2015-06-16,379.0,1759.0,11.0,53.0,107.0,17.72684752104771,,,,,,,,,,
2015-06-17,1657.0,471.0,20.0,105.0,9.0,77.86654135338345,,,,,,,,,,
2015-06-18,340.0,1792.0,15.0,34.0,74.0,15.947467166979362,,,,,,,,,,
2015-06-19,115.0,2033.0,3.0,25.0,893.0,5.353817504655494,,,,,,,,,,
2015-06-23,1215.0,908.0,31.0,86.0,22.0,57.23033443240697,,,,,,,,,,
2015-06-24,1838.0,306.0,23.0,114.0,6.0,85.72761194029852,,,,,,,,,,
2015-06-25,329.0,1826.0,12.0,36.0,98.0,15.266821345707656,,,,,,,,,,
2015-06-26,51.0,2122.0,3.0,21.0,1560.0,2.346985734008284,,,,,,,,,,
2015-06-29,181.0,1976.0,6.0,35.0,1147.0,8.391284191006026,,,,,,,,,,
2015-06-30,1974.0,169.0,7.0,268.0,14.0,92.1138590760616,,,,,,,,,,
2015-07-01,206.0,1948.0,9.0,30.0,729.0,9.5636025998143,,,,,,,,,,
2015-07-02,128.0,2002.0,11.0,27.0,1177.0,6.009389671361502,,,,,,,,,,
2015-07-03,130.0,1968.0,3.0,21.0,1177.0,6.196377502383222,,,,,,,,,,
2015-07-06,464.0,1582.0,11.0,48.0,741.0,22.678396871945257,,,,,,,,,,
2015-07-07,75.0,1810.0,2.0,21.0,1387.0,3.978779840848806,,,,,,,,,,
2015-07-08,151.0,1234.0,3.0,6.0,793.0,10.902527075812271,,,,,,,,,,
2015-07-09,1267.0,1.0,2.0,1033.0,0.0,99.9211356466877,,,,,,,,,,
2015-07-10,1315.0,7.0,2.0,1057.0,0.0,99.47049924357034,,,,,,,,,,
2015-07-13,1587.0,52.0,1.0,1233.0,3.0,96.82733374008542,,,,,,,,,,
2015-07-14,1321.0,538.0,9.0,660.0,44.0,71.05970952124798,,,,,,,,,,
2015-07-15,335.0,1609.0,13.0,111.0,1026.0,17.232510288065843,,,,,,,,,,
2015-07-16,1420.0,534.0,19.0,100.0,35.0,72.67144319344933,,,,,,,,,,
2015-07-17,1979.0,21.0,3.0,421.0,6.0,98.95,,,,,,,,,,
2015-07-20,1503.0,526.0,32.0,238.0,5.0,74.07589945786101,,,,,,,,,,
2015-07-21,1563.0,469.0,50.0,217.0,11.0,76.91929133858267,,,,,,,,,,
2015-07-22,1280.0,770.0,46.0,153.0,6.0,62.4390243902439,,,,,,,,,,
2015-07-23,2042.0,51.0,3.0,221.0,3.0,97.56330625895843,,,,,,,,,,
2015-07-24,502.0,1573.0,28.0,80.0,5.0,24.192771084337352,,,,,,,,,,
2015-07-27,71.0,2016.0,3.0,17.0,1447.0,3.40201245807379,,,,,,,,,,
2015-07-28,436.0,1643.0,13.0,51.0,250.0,20.97162097162097,,,,,,,,,,
2015-07-29,2016.0,77.0,8.0,368.0,3.0,96.32107023411372,,,,,,,,,,
2015-07-30,332.0,1752.0,19.0,32.0,45.0,15.930902111324375,,,,,,,,,,
2015-07-31,668.0,1401.0,41.0,62.0,56.0,32.28612856452393,,,,,,,,,,
2015-08-03,494.0,1597.0,8.0,58.0,410.0,23.625059780009565,,,,,,,,,,
2015-08-04,2027.0,64.0,6.0,535.0,12.0,96.93926351028216,,,,,,,,,,
2015-08-05,757.0,1316.0,30.0,61.0,9.0,36.51712493970092,,,,,,,,,,
2015-08-06,811.0,1252.0,38.0,60.0,11.0,39.31168201648085,,,,,,,,,,
2015-08-07,2047.0,54.0,5.0,119.0,1.0,97.4297953355545,,,,,,,,,,
2015-08-10,2093.0,9.0,0.0,255.0,0.0,99.57183634633682,,,,,,,,,,
2015-08-11,1129.0,931.0,46.0,119.0,2.0,54.80582524271844,,,,,,,,,,
2015-08-12,553.0,1529.0,24.0,55.0,7.0,26.56099903938521,,,,,,,,,,
2015-08-13,1937.0,151.0,22.0,136.0,4.0,92.76819923371647,,,,,,,,,,
2015-08-14,1125.0,947.0,51.0,126.0,3.0,54.2953667953668,,,,,,,,,,
2015-08-17,1406.0,693.0,19.0,165.0,9.0,66.98427822772749,,,,,,,,,,
2015-08-18,72.0,2046.0,5.0,23.0,1289.0,3.39943342776204,,,,,,,,,,
2015-08-19,1861.0,236.0,28.0,152.0,5.0,88.74582737243682,,,,,,,,,,
2015-08-20,296.0,1822.0,15.0,38.0,139.0,13.975448536355051,,,,,,,,,,
2015-08-21,78.0,2053.0,7.0,8.0,322.0,3.660253402158611,,,,,,,,,,
2015-08-24,13.0,2126.0,0.0,6.0,1668.0,0.6077606358111267,,,,,,,,,,
2015-08-25,36.0,2102.0,2.0,5.0,1547.0,1.683816651075772,,,,,,,,,,
2015-08-26,555.0,1545.0,30.0,44.0,563.0,26.42857142857143,,,,,,,,,,
2015-08-27,1893.0,212.0,8.0,218.0,22.0,89.92874109263657,,,,,,,,,,
2015-08-28,2104.0,17.0,3.0,558.0,4.0,99.1984912776992,,,,,,,,,,
2015-08-31,303.0,1808.0,15.0,35.0,203.0,14.353387020369492,,,,,,,,,,
2015-09-01,169.0,1947.0,10.0,10.0,840.0,7.986767485822306,,,,,,,,,,
2015-09-02,472.0,1634.0,22.0,23.0,312.0,22.41215574548908,,,,,,,,,,
2015-09-07,1595.0,500.0,24.0,43.0,35.0,76.13365155131265,,,,,,,,,,
2015-09-08,2078.0,57.0,2.0,251.0,16.0,97.33021077283372,,,,,,,,,,
2015-09-09,2087.0,49.0,7.0,184.0,7.0,97.7059925093633,,,,,,,,,,
2015-09-10,390.0,1726.0,33.0,39.0,14.0,18.43100189035917,,,,,,,,,,
2015-09-11,1486.0,590.0,76.0,74.0,10.0,71.57996146435453,,,,,,,,,,
2015-09-14,94.0,2050.0,7.0,15.0,1150.0,4.384328358208956,,,,,,,,,,
2015-09-15,115.0,2034.0,8.0,13.0,628.0,5.351326198231736,,,,,,,,,,
2015-09-16,2136.0,25.0,1.0,1016.0,15.0,98.8431281813975,,,,,,,,,,
2015-09-17,383.0,1754.0,25.0,20.0,52.0,17.92232101076275,,,,,,,,,,
2015-09-18,1768.0,334.0,60.0,54.0,22.0,84.11037107516651,,,,,,,,,,
2015-09-21,2104.0,62.0,4.0,153.0,13.0,97.1375807940905,,,,,,,,,,
2015-09-22,1370.0,744.0,64.0,69.0,10.0,64.80605487228004,,,,,,,,,,
2015-09-23,605.0,1532.0,27.0,47.0,12.0,28.310715956949,,,,,,,,,,
2015-09-24,1834.0,296.0,37.0,75.0,12.0,86.10328638497653,,,,,,,,,,
2015-09-25,213.0,1949.0,13.0,22.0,71.0,9.851988899167438,,,,,,,,,,
2015-09-28,1920.0,226.0,25.0,51.0,13.0,89.46877912395153,,,,,,,,,,
2015-09-29,372.0,1783.0,20.0,30.0,19.0,17.262180974477957,,,,,,,,,,
2015-09-30,1311.0,743.0,128.0,35.0,9.0,63.82667964946446,,,,,,,,,,
2015-10-08,2140.0,35.0,5.0,123.0,4.0,98.39080459770116,,,,,,,,,,
2015-10-09,1811.0,333.0,41.0,74.0,8.0,84.46828358208955,,,,,,,,,,
2015-10-12,2118.0,41.0,20.0,148.0,6.0,98.1009726725336,,,,,,,,,,
2015-10-13,1523.0,590.0,66.0,72.0,8.0,72.07761476573592,,,,,,,,,,
2015-10-14,483.0,1668.0,28.0,42.0,4.0,22.454672245467226,,,,,,,,,,
2015-10-15,2138.0,25.0,2.0,105.0,0.0,98.84419787332408,,,,,,,,,,
2015-10-16,1592.0,498.0,76.0,97.0,0.0,76.17224880382774,,,,,,,,,,
2015-10-19,835.0,1281.0,35.0,80.0,3.0,39.46124763705104,,,,,,,,,,
2015-10-20,1776.0,325.0,51.0,78.0,3.0,84.53117563065207,,,,,,,,,,
2015-10-21,129.0,2021.0,5.0,26.0,752.0,6.0,,,,,,,,,,
2015-10-22,2111.0,49.0,8.0,161.0,7.0,97.73148148148148,,,,,,,,,,
2015-10-23,1995.0,160.0,24.0,175.0,1.0,92.5754060324826,,,,,,,,,,
2015-10-26,1379.0,751.0,57.0,88.0,13.0,64.74178403755869,,,,,,,,,,
2015-10-27,1037.0,1089.0,59.0,90.0,5.0,48.77704609595485,,,,,,,,,,
2015-10-28,400.0,1753.0,38.0,33.0,12.0,18.578727357176035,,,,,,,,,,
2015-10-29,1551.0,566.0,88.0,60.0,5.0,73.26405290505433,,,,,,,,,,
2015-10-30,865.0,1279.0,60.0,47.0,6.0,40.34514925373134,,,,,,,,,,
2015-11-02,528.0,1657.0,24.0,27.0,43.0,24.16475972540045,,,,,,,,,,
2015-11-03,1101.0,1067.0,47.0,42.0,10.0,50.784132841328415,,,,,,,,,,
2015-11-04,2212.0,9.0,3.0,163.0,0.0,99.59477712742007,,,,,,,,,,
2015-11-05,1075.0,1098.0,52.0,42.0,3.0,49.4707777266452,,,,,,,,,,
2015-11-06,2141.0,55.0,24.0,81.0,0.0,97.49544626593809,,,,,,,,,,
2015-11-09,1577.0,592.0,57.0,102.0,1.0,72.706316274781,,,,,,,,,,
2015-11-10,1144.0,1024.0,71.0,80.0,1.0,52.767527675276746,,,,,,,,,,
2015-11-11,1694.0,487.0,57.0,98.0,1.0,77.67079321412196,,,,,,,,,,
2015-11-12,1040.0,1178.0,31.0,90.0,1.0,46.88908926961226,,,,,,,,,,
2015-11-13,456.0,1764.0,32.0,39.0,48.0,20.54054054054054,,,,,,,,,,
2015-11-16,1881.0,338.0,35.0,90.0,3.0,84.76791347453808,,,,,,,,,,
2015-11-17,700.0,1511.0,48.0,42.0,3.0,31.659882406151063,,,,,,,,,,
2015-11-18,415.0,1811.0,39.0,27.0,12.0,18.64330637915544,,,,,,,,,,
2015-11-19,2161.0,84.0,20.0,93.0,1.0,96.25835189309578,,,,,,,,,,
2015-11-20,1515.0,682.0,65.0,96.0,0.0,68.95766954938553,,,,,,,,,,
2015-11-23,775.0,1460.0,38.0,59.0,8.0,34.675615212527966,,,,,,,,,,
2015-11-24,1497.0,717.0,59.0,70.0,1.0,67.61517615176152,,,,,,,,,,
2015-11-25,1863.0,337.0,83.0,90.0,0.0,84.68181818181819,,,,,,,,,,
2015-11-26,793.0,1441.0,46.0,53.0,3.0,35.49686660698299,,,,,,,,,,
2015-11-27,125.0,2153.0,5.0,20.0,384.0,5.487269534679543,,,,,,,,,,
2015-11-30,1184.0,1065.0,41.0,111.0,8.0,52.64562027567808,,,,,,,,,,
2015-12-01,1262.0,978.0,48.0,51.0,29.0,56.33928571428572,,,,,,,,,,
2015-12-02,865.0,1389.0,35.0,34.0,20.0,38.37622005323868,,,,,,,,,,
2015-12-03,2125.0,135.0,30.0,68.0,0.0,94.02654867256636,,,,,,,,,,
2015-12-04,841.0,1412.0,40.0,37.0,0.0,37.32800710164225,,,,,,,,,,
2015-12-07,1653.0,580.0,68.0,59.0,3.0,74.02597402597402,,,,,,,,,,
2015-12-08,485.0,1802.0,24.0,34.0,3.0,21.20682116309576,,,,,,,,,,
2015-12-09,816.0,1446.0,51.0,47.0,4.0,36.07427055702917,,,,,,,,,,
2015-12-10,882.0,1379.0,59.0,34.0,4.0,39.0092879256966,,,,,,,,,,
2015-12-11,805.0,1456.0,58.0,28.0,8.0,35.60371517027864,,,,,,,,,,
2015-12-14,2027.0,281.0,18.0,65.0,2.0,87.82495667244368,,,,,,,,,,
2015-12-15,1588.0,673.0,65.0,46.0,3.0,70.23440955329501,,,,,,,,,,
2015-12-16,1355.0,872.0,104.0,52.0,2.0,60.844185002245176,,,,,,,,,,
2015-12-17,2268.0,47.0,11.0,93.0,0.0,97.96976241900649,,,,,,,,,,
2015-12-18,817.0,1461.0,47.0,54.0,1.0,35.8647936786655,,,,,,,,,,
2015-12-21,1585.0,695.0,48.0,61.0,3.0,69.51754385964912,,,,,,,,,,
2015-12-22,1473.0,774.0,84.0,67.0,2.0,65.55407209612817,,,,,,,,,,
2015-12-23,610.0,1683.0,43.0,54.0,3.0,26.60270388137811,,,,,,,,,,
2015-12-24,1033.0,1259.0,37.0,39.0,4.0,45.069808027923216,,,,,,,,,,
2015-12-25,1521.0,742.0,87.0,43.0,0.0,67.21166593018117,,,,,,,,,,
2015-12-28,389.0,1932.0,27.0,39.0,16.0,16.760017233950883,,,,,,,,,,
2015-12-29,1776.0,523.0,47.0,47.0,3.0,77.25097868638538,,,,,,,,,,
2015-12-30,1575.0,693.0,71.0,40.0,0.0,69.44444444444444,,,,,,,,,,
2015-12-31,430.0,1880.0,39.0,24.0,7.0,18.61471861471861,,,,,,,,,,
2016-01-04,41.0,2320.0,2.0,18.0,1287.0,1.736552308343922,,,,,,,,,,
2016-01-05,711.0,1622.0,31.0,67.0,37.0,30.475782254607804,,,,,,,,,,
2016-01-06,2269.0,83.0,17.0,119.0,1.0,96.47108843537416,,,,,,,,,,
2016-01-07,33.0,2334.0,0.0,13.0,1409.0,1.394169835234474,,,,,,,,,,
2016-01-08,1468.0,859.0,39.0,97.0,10.0,63.085517834121184,,,,,,,,,,
2016-01-11,89.0,2268.0,9.0,18.0,983.0,3.775986423419601,,,,,,,,,,
2016-01-12,1396.0,921.0,54.0,28.0,90.0,60.25032369443245,,,,,,,,,,
2016-01-13,168.0,2179.0,24.0,15.0,145.0,7.158074137196421,,,,,,,,,,
2016-01-14,2277.0,88.0,12.0,76.0,5.0,96.27906976744184,,,,,,,,,,
2016-01-15,230.0,2143.0,8.0,10.0,89.0,9.692372524230931,,,,,,,,,,
2016-01-18,1989.0,325.0,51.0,60.0,8.0,85.95505617977528,,,,,,,,,,
2016-01-19,2345.0,26.0,3.0,112.0,8.0,98.90341628005062,,,,,,,,,,
2016-01-20,728.0,1605.0,49.0,30.0,14.0,31.20445777968281,,,,,,,,,,
2016-01-21,119.0,2250.0,9.0,11.0,85.0,5.023216547066273,,,,,,,,,,
2016-01-22,2057.0,272.0,50.0,47.0,8.0,88.32116788321169,,,,,,,,,,
2016-01-25,1940.0,380.0,66.0,57.0,8.0,83.62068965517241,,,,,,,,,,
2016-01-26,55.0,2330.0,1.0,7.0,937.0,2.3060796645702304,,,,,,,,,,
2016-01-27,737.0,1601.0,44.0,38.0,32.0,31.522668947818648,,,,,,,,,,
2016-01-28,157.0,2210.0,18.0,11.0,206.0,6.632868610054922,,,,,,,,,,
2016-01-29,2296.0,75.0,11.0,64.0,5.0,96.83677773091524,,,,,,,,,,
2016-02-01,667.0,1661.0,51.0,15.0,36.0,28.651202749140893,,,,,,,,,,
2016-02-02,2342.0,28.0,8.0,71.0,0.0,98.81856540084388,,,,,,,,,,
2016-02-03,1259.0,1002.0,113.0,37.0,3.0,55.68332596196374,,,,,,,,,,
2016-02-04,2264.0,80.0,28.0,94.0,2.0,96.58703071672356,,,,,,,,,,
2016-02-05,543.0,1776.0,58.0,28.0,2.0,23.415265200517467,,,,,,,,,,
2016-02-15,867.0,1450.0,52.0,51.0,6.0,37.41907639188606,,,,,,,,,,
2016-02-16,2358.0,15.0,5.0,131.0,0.0,99.36788874841972,,,,,,,,,,
2016-02-17,1878.0,435.0,71.0,71.0,0.0,81.19325551232166,,,,,,,,,,
2016-02-18,812.0,1496.0,76.0,49.0,2.0,35.181975736568454,,,,,,,,,,
2016-02-19,1368.0,893.0,122.0,29.0,1.0,60.50420168067227,,,,,,,,,,
2016-02-22,2258.0,87.0,27.0,69.0,2.0,96.28997867803838,,,,,,,,,,
2016-02-23,715.0,1607.0,48.0,45.0,2.0,30.79242032730405,,,,,,,,,,
2016-02-24,1280.0,1005.0,80.0,53.0,2.0,56.01750547045952,,,,,,,,,,
2016-02-25,46.0,2313.0,4.0,11.0,1179.0,1.9499788045782112,,,,,,,,,,
2016-02-26,1187.0,1110.0,65.0,54.0,11.0,51.67609925990422,,,,,,,,,,
2016-02-29,122.0,2229.0,6.0,11.0,421.0,5.189281156954487,,,,,,,,,,
2016-03-01,2126.0,208.0,29.0,48.0,5.0,91.08826049700086,,,,,,,,,,
2016-03-02,2356.0,9.0,4.0,183.0,2.0,99.61945031712472,,,,,,,,,,
2016-03-03,1055.0,1188.0,122.0,41.0,4.0,47.03522068658047,,,,,,,,,,
2016-03-04,345.0,1993.0,28.0,17.0,51.0,14.756201881950384,,,,,,,,,,
2016-03-07,2212.0,129.0,27.0,58.0,1.0,94.48953438701407,,,,,,,,,,
2016-03-08,1354.0,932.0,80.0,31.0,1.0,59.23009623797025,,,,,,,,,,
2016-03-09,294.0,2052.0,22.0,11.0,23.0,12.531969309462914,,,,,,,,,,
2016-03-10,266.0,2077.0,34.0,7.0,8.0,11.352966282543749,,,,,,,,,,
2016-03-11,1038.0,1212.0,128.0,12.0,9.0,46.13333333333333,,,,,,,,,,
2016-03-14,2340.0,31.0,8.0,62.0,3.0,98.69253479544496,,,,,,,,,,
2016-03-15,646.0,1658.0,74.0,15.0,8.0,28.038194444444443,,,,,,,,,,
2016-03-16,501.0,1814.0,68.0,14.0,3.0,21.6414686825054,,,,,,,,,,
2016-03-17,2332.0,39.0,8.0,51.0,1.0,98.35512442007592,,,,,,,,,,
2016-03-18,2306.0,54.0,13.0,97.0,0.0,97.71186440677964,,,,,,,,,,
2016-03-21,2289.0,59.0,19.0,89.0,0.0,97.48722316865415,,,,,,,,,,
2016-03-22,802.0,1504.0,61.0,26.0,0.0,34.77883781439722,,,,,,,,,,
2016-03-23,1660.0,582.0,127.0,44.0,0.0,74.04103479036574,,,,,,,,,,
2016-03-24,470.0,1842.0,42.0,31.0,1.0,20.32871972318339,,,,,,,,,,
2016-03-25,1633.0,652.0,74.0,31.0,2.0,71.46608315098469,,,,,,,,,,
2016-03-28,741.0,1533.0,75.0,21.0,0.0,32.58575197889182,,,,,,,,,,
2016-03-29,358.0,1973.0,15.0,10.0,5.0,15.358215358215356,,,,,,,,,,
2016-03-30,2325.0,18.0,1.0,59.0,0.0,99.23175416133164,,,,,,,,,,
2016-03-31,1146.0,1114.0,94.0,37.0,1.0,50.70796460176992,,,,,,,,,,
2016-04-01,812.0,1467.0,64.0,23.0,1.0,35.62966213251426,,,,,,,,,,
2016-04-05,2260.0,56.0,22.0,71.0,0.0,97.58203799654576,,,,,,,,,,
2016-04-06,1263.0,972.0,95.0,31.0,0.0,56.51006711409397,,,,,,,,,,
2016-04-07,379.0,1916.0,36.0,21.0,0.0,16.514161220043572,,,,,,,,,,
2016-04-08,660.0,1623.0,54.0,20.0,4.0,28.909329829172144,,,,,,,,,,
2016-04-11,2164.0,136.0,27.0,43.0,0.0,94.08695652173913,,,,,,,,,,
2016-04-12,662.0,1617.0,51.0,22.0,7.0,29.047827994734533,,,,,,,,,,
2016-04-13,1995.0,288.0,56.0,40.0,0.0,87.3850197109067,,,,,,,,,,
2016-04-14,1867.0,397.0,69.0,26.0,1.0,82.46466431095406,,,,,,,,,,
2016-04-15,938.0,1323.0,73.0,21.0,2.0,41.48606811145511,,,,,,,,,,
2016-04-18,470.0,1822.0,40.0,20.0,2.0,20.506108202443283,,,,,,,,,,
2016-04-19,1379.0,815.0,141.0,22.0,1.0,62.85323609845032,,,,,,,,,,
2016-04-20,158.0,2161.0,15.0,22.0,47.0,6.813281586890901,,,,,,,,,,
2016-04-21,479.0,1802.0,51.0,24.0,7.0,20.99956159579132,,,,,,,,,,
2016-04-22,1768.0,496.0,78.0,27.0,5.0,78.09187279151944,,,,,,,,,,
2016-04-25,793.0,1469.0,80.0,17.0,1.0,35.05747126436782,,,,,,,,,,
2016-04-26,1934.0,332.0,77.0,26.0,1.0,85.34863195057369,,,,,,,,,,
2016-04-27,778.0,1494.0,79.0,18.0,0.0,34.24295774647887,,,,,,,,,,
2016-04-28,823.0,1437.0,90.0,17.0,3.0,36.41592920353982,,,,,,,,,,
2016-04-29,922.0,1316.0,115.0,17.0,1.0,41.19749776586238,,,,,,,,,,
2016-05-03,2306.0,43.0,6.0,41.0,0.0,98.16943380161771,,,,,,,,,,
2016-05-04,976.0,1269.0,118.0,20.0,0.0,43.47438752783964,,,,,,,,,,
2016-05-05,1505.0,692.0,164.0,24.0,0.0,68.50250341374601,,,,,,,,,,
2016-05-06,122.0,2232.0,8.0,11.0,22.0,5.182667799490229,,,,,,,,,,
2016-05-09,175.0,2165.0,6.0,7.0,133.0,7.478632478632479,,,,,,,,,,
2016-05-10,1177.0,1061.0,119.0,14.0,19.0,52.59159964253798,,,,,,,,,,
2016-05-11,681.0,1586.0,92.0,16.0,22.0,30.03970004411116,,,,,,,,,,
2016-05-12,847.0,1442.0,72.0,16.0,10.0,37.00305810397553,,,,,,,,,,
2016-05-13,785.0,1460.0,117.0,19.0,7.0,34.96659242761693,,,,,,,,,,
2016-05-16,2162.0,139.0,58.0,35.0,2.0,93.95914819643632,,,,,,,,,,
2016-05-17,879.0,1362.0,124.0,19.0,2.0,39.223560910307896,,,,,,,,,,
2016-05-18,172.0,2175.0,19.0,9.0,16.0,7.328504473796335,,,,,,,,,,
2016-05-19,1469.0,704.0,186.0,20.0,2.0,67.60239300506213,,,,,,,,,,
2016-05-20,1974.0,311.0,75.0,26.0,4.0,86.38949671772428,,,,,,,,,,
2016-05-23,2120.0,168.0,72.0,33.0,1.0,92.65734265734264,,,,,,,,,,
2016-05-24,507.0,1802.0,51.0,17.0,1.0,21.95755738414898,,,,,,,,,,
2016-05-25,845.0,1332.0,188.0,13.0,1.0,38.81488286632981,,,,,,,,,,
2016-05-26,1290.0,911.0,165.0,23.0,1.0,58.60972285324853,,,,,,,,,,
2016-05-27,967.0,1229.0,170.0,20.0,1.0,44.03460837887068,,,,,,,,,,
2016-05-30,693.0,1571.0,108.0,14.0,2.0,30.609540636042404,,,,,,,,,,
2016-05-31,2357.0,12.0,2.0,55.0,0.0,99.49345715491768,,,,,,,,,,
2016-06-01,1350.0,860.0,159.0,27.0,0.0,61.085972850678736,,,,,,,,,,
2016-06-02,1751.0,484.0,132.0,39.0,0.0,78.34451901565996,,,,,,,,,,
2016-06-03,1254.0,997.0,124.0,33.0,2.0,55.70857396712572,,,,,,,,,,
2016-06-06,1069.0,1192.0,109.0,27.0,2.0,47.27996461742592,,,,,,,,,,
2016-06-07,1047.0,1213.0,123.0,35.0,2.0,46.32743362831858,,,,,,,,,,
2016-06-08,760.0,1509.0,110.0,24.0,4.0,33.49493168796827,,,,,,,,,,
2016-06-13,103.0,2265.0,10.0,11.0,154.0,4.349662162162162,,,,,,,,,,
2016-06-14,1288.0,934.0,155.0,27.0,2.0,57.96579657965797,,,,,,,,,,
2016-06-15,2358.0,14.0,9.0,80.0,1.0,99.4097807757167,,,,,,,,,,
2016-06-16,834.0,1492.0,57.0,42.0,1.0,35.85554600171969,,,,,,,,,,
2016-06-17,1645.0,660.0,79.0,30.0,0.0,71.36659436008676,,,,,,,,,,
2016-06-20,1174.0,1097.0,109.0,28.0,7.0,51.69528841919859,,,,,,,,,,
2016-06-21,532.0,1769.0,79.0,23.0,2.0,23.12038244241634,,,,,,,,,,
2016-06-22,2150.0,195.0,45.0,37.0,2.0,91.68443496801706,,,,,,,,,,
2016-06-23,758.0,1556.0,74.0,25.0,4.0,32.7571305099395,,,,,,,,,,
2016-06-24,500.0,1856.0,40.0,30.0,0.0,21.22241086587436,,,,,,,,,,
2016-06-27,2313.0,64.0,14.0,42.0,0.0,97.30753050063105,,,,,,,,,,
2016-06-28,1716.0,576.0,106.0,44.0,1.0,74.86910994764398,,,,,,,,,,
2016-06-29,1143.0,1154.0,99.0,28.0,0.0,49.76055724858512,,,,,,,,,,
2016-06-30,1080.0,1185.0,133.0,24.0,8.0,47.682119205298015,,,,,,,,,,
2016-07-01,892.0,1358.0,153.0,20.0,0.0,39.644444444444446,,,,,,,,,,
2016-07-04,2268.0,114.0,21.0,52.0,1.0,95.21410579345088,,,,,,,,,,
2016-07-05,1372.0,925.0,111.0,37.0,0.0,59.73008271658685,,,,,,,,,,
2016-07-06,1219.0,1075.0,115.0,52.0,1.0,53.138622493461206,,,,,,,,,,
2016-07-07,1042.0,1266.0,105.0,38.0,3.0,45.14731369150781,,,,,,,,,,
2016-07-08,857.0,1441.0,114.0,23.0,2.0,37.293298520452566,,,,,,,,,,
2016-07-11,797.0,1502.0,119.0,29.0,9.0,34.66724662896912,,,,,,,,,,
2016-07-12,1805.0,562.0,54.0,37.0,1.0,76.25686523024926,,,,,,,,,,
2016-07-13,1594.0,738.0,88.0,24.0,1.0,68.3533447684391,,,,,,,,,,
2016-07-14,1103.0,1202.0,118.0,22.0,0.0,47.85249457700651,,,,,,,,,,
2016-07-15,825.0,1486.0,100.0,23.0,2.0,35.69883167459974,,,,,,,,,,
2016-07-18,786.0,1576.0,63.0,24.0,5.0,33.27688399661304,,,,,,,,,,
2016-07-19,1478.0,847.0,103.0,23.0,3.0,63.56989247311829,,,,,,,,,,
2016-07-20,974.0,1306.0,144.0,22.0,2.0,42.719298245614034,,,,,,,,,,
2016-07-21,1104.0,1163.0,161.0,26.0,3.0,48.69872077635642,,,,,,,,,,
2016-07-22,507.0,1864.0,60.0,11.0,3.0,21.38338253901308,,,,,,,,,,
2016-07-25,1268.0,1029.0,131.0,23.0,2.0,55.202437962559856,,,,,,,,,,
2016-07-26,2145.0,238.0,52.0,13.0,1.0,90.01258917331096,,,,,,,,,,
2016-07-27,156.0,2268.0,13.0,15.0,53.0,6.435643564356436,,,,,,,,,,
2016-07-28,1115.0,1230.0,98.0,15.0,7.0,47.54797441364605,,,,,,,,,,
2016-07-29,680.0,1674.0,81.0,11.0,4.0,28.88700084961767,,,,,,,,,,
2016-08-01,527.0,1858.0,53.0,10.0,21.0,22.09643605870021,,,,,,,,,,
2016-08-02,2058.0,320.0,80.0,19.0,3.0,86.54331370899916,,,,,,,,,,
2016-08-03,1354.0,978.0,123.0,33.0,0.0,58.061749571183526,,,,,,,,,,
2016-08-04,1612.0,698.0,142.0,14.0,0.0,69.78354978354979,,,,,,,,,,
2016-08-05,643.0,1692.0,121.0,12.0,1.0,27.537473233404715,,,,,,,,,,
2016-08-08,2044.0,361.0,58.0,24.0,2.0,84.989604989605,,,,,,,,,,
2016-08-09,1969.0,392.0,111.0,24.0,0.0,83.39686573485811,,,,,,,,,,
2016-08-10,737.0,1618.0,120.0,17.0,0.0,31.29511677282378,,,,,,,,,,
2016-08-11,303.0,2132.0,40.0,12.0,0.0,12.4435318275154,,,,,,,,,,
2016-08-12,2159.0,275.0,44.0,22.0,0.0,88.70172555464256,,,,,,,,,,
2016-08-15,2426.0,34.0,14.0,30.0,0.0,98.6178861788618,,,,,,,,,,
2016-08-16,1616.0,712.0,151.0,35.0,1.0,69.41580756013745,,,,,,,,,,
2016-08-17,1304.0,1029.0,149.0,37.0,0.0,55.893699099871405,,,,,,,,,,
2016-08-18,978.0,1382.0,124.0,29.0,0.0,41.440677966101696,,,,,,,,,,
2016-08-19,1130.0,1216.0,137.0,33.0,0.0,48.16709292412617,,,,,,,,,,
2016-08-22,538.0,1898.0,54.0,34.0,8.0,22.08538587848933,,,,,,,,,,
2016-08-23,1392.0,968.0,129.0,23.0,1.0,58.98305084745763,,,,,,,,,,
2016-08-24,1299.0,1079.0,118.0,30.0,0.0,54.62573591253154,,,,,,,,,,
2016-08-25,704.0,1740.0,40.0,23.0,1.0,28.80523731587561,,,,,,,,,,
2016-08-26,1398.0,919.0,166.0,25.0,0.0,60.33664220975399,,,,,,,,,,
2016-08-29,1377.0,981.0,120.0,25.0,3.0,58.396946564885496,,,,,,,,,,
2016-08-30,1103.0,1222.0,162.0,16.0,1.0,47.44086021505377,,,,,,,,,,
2016-08-31,1216.0,1111.0,162.0,16.0,1.0,52.25612376450365,,,,,,,,,,
2016-09-01,551.0,1857.0,84.0,20.0,2.0,22.88205980066445,,,,,,,,,,
2016-09-02,902.0,1455.0,135.0,19.0,4.0,38.26898599915146,,,,,,,,,,
2016-09-05,1452.0,861.0,184.0,26.0,0.0,62.77561608300908,,,,,,,,,,
2016-09-06,2200.0,233.0,59.0,30.0,1.0,90.42334566378956,,,,,,,,,,
2016-09-07,965.0,1390.0,138.0,24.0,0.0,40.976645435244166,,,,,,,,,,
2016-09-08,1437.0,911.0,148.0,24.0,2.0,61.20102214650767,,,,,,,,,,
2016-09-09,584.0,1840.0,68.0,27.0,2.0,24.09240924092409,,,,,,,,,,
2016-09-12,204.0,2264.0,19.0,12.0,5.0,8.26580226904376,,,,,,,,,,
2016-09-13,1760.0,621.0,105.0,29.0,4.0,73.91852162956741,,,,,,,,,,
2016-09-14,776.0,1595.0,113.0,24.0,4.0,32.728806410797134,,,,,,,,,,
2016-09-19,2207.0,211.0,62.0,27.0,0.0,91.2737799834574,,,,,,,,,,
2016-09-20,973.0,1382.0,135.0,22.0,0.0,41.31634819532909,,,,,,,,,,
2016-09-21,1360.0,934.0,190.0,16.0,2.0,59.28509154315606,,,,,,,,,,
2016-09-22,1530.0,760.0,197.0,22.0,0.0,66.8122270742358,,,,,,,,,,
2016-09-23,832.0,1531.0,118.0,19.0,3.0,35.209479475243334,,,,,,,,,,
2016-09-26,220.0,2249.0,21.0,12.0,10.0,8.910490076954233,,,,,,,,,,
2016-09-27,1913.0,490.0,95.0,20.0,3.0,79.60882230545153,,,,,,,,,,
2016-09-28,806.0,1552.0,141.0,10.0,0.0,34.18150975402884,,,,,,,,,,
2016-09-29,1438.0,863.0,202.0,13.0,2.0,62.49456757931334,,,,,,,,,,
2016-09-30,1618.0,713.0,175.0,13.0,1.0,69.41226941226941,,,,,,,,,,
2016-10-10,2328.0,162.0,17.0,28.0,0.0,93.49397590361446,,,,,,,,,,
2016-10-11,1547.0,777.0,178.0,28.0,0.0,66.56626506024097,,,,,,,,,,
2016-10-12,1083.0,1301.0,133.0,25.0,0.0,45.42785234899328,,,,,,,,,,
2016-10-13,1105.0,1257.0,159.0,33.0,0.0,46.78238780694327,,,,,,,,,,
2016-10-14,1008.0,1400.0,116.0,20.0,0.0,41.86046511627907,,,,,,,,,,
2016-10-17,534.0,1933.0,63.0,26.0,0.0,21.645723550871505,,,,,,,,,,
2016-10-18,2388.0,105.0,34.0,28.0,0.0,95.78820697954272,,,,,,,,,,
2016-10-19,900.0,1500.0,126.0,26.0,0.0,37.5,,,,,,,,,,
2016-10-20,1243.0,1154.0,129.0,23.0,1.0,51.85648727576137,,,,,,,,,,
2016-10-21,794.0,1644.0,89.0,18.0,1.0,32.56767842493847,,,,,,,,,,
2016-10-24,1981.0,469.0,87.0,30.0,0.0,80.85714285714286,,,,,,,,,,
2016-10-25,1432.0,975.0,128.0,30.0,0.0,59.493144993768176,,,,,,,,,,
2016-10-26,839.0,1646.0,63.0,25.0,1.0,33.7625754527163,,,,,,,,,,
2016-10-27,1142.0,1271.0,138.0,25.0,0.0,47.32697886448404,,,,,,,,,,
2016-10-28,586.0,1909.0,60.0,22.0,5.0,23.48697394789579,,,,,,,,,,
2016-10-31,1182.0,1260.0,111.0,26.0,4.0,48.4029484029484,,,,,,,,,,
2016-11-01,2193.0,265.0,97.0,41.0,1.0,89.21887713588283,,,,,,,,,,
2016-11-02,669.0,1825.0,59.0,32.0,4.0,26.82437850842021,,,,,,,,,,
2016-11-03,1747.0,691.0,123.0,42.0,0.0,71.65709598031174,,,,,,,,,,
2016-11-04,1039.0,1422.0,104.0,33.0,5.0,42.21861032100772,,,,,,,,,,
2016-11-07,1211.0,1230.0,125.0,27.0,2.0,49.61081523965588,,,,,,,,,,
2016-11-08,1746.0,690.0,125.0,30.0,0.0,71.67487684729063,,,,,,,,,,
2016-11-09,618.0,1880.0,62.0,39.0,1.0,24.73979183346677,,,,,,,,,,
2016-11-10,2394.0,136.0,33.0,51.0,0.0,94.62450592885376,,,,,,,,,,
2016-11-11,1549.0,923.0,90.0,46.0,0.0,62.66181229773464,,,,,,,,,,
2016-11-14,1458.0,990.0,117.0,38.0,3.0,59.55882352941176,,,,,,,,,,
2016-11-15,1476.0,959.0,128.0,32.0,0.0,60.616016427104725,,,,,,,,,,
2016-11-16,1037.0,1387.0,135.0,33.0,4.0,42.78052805280528,,,,,,,,,,
2016-11-17,910.0,1541.0,99.0,23.0,2.0,37.12770297837617,,,,,,,,,,
2016-11-18,879.0,1596.0,76.0,24.0,0.0,35.51515151515152,,,,,,,,,,
2016-11-21,1470.0,947.0,136.0,39.0,1.0,60.81919735208937,,,,,,,,,,
2016-11-22,1951.0,499.0,110.0,42.0,3.0,79.63265306122449,,,,,,,,,,
2016-11-23,679.0,1829.0,61.0,28.0,1.0,27.073365231259967,,,,,,,,,,
2016-11-24,754.0,1711.0,101.0,27.0,2.0,30.58823529411765,,,,,,,,,,
2016-11-25,1349.0,1115.0,101.0,22.0,3.0,54.74837662337663,,,,,,,,,,
2016-11-28,1087.0,1372.0,109.0,29.0,3.0,44.20496136640911,,,,,,,,,,
2016-11-29,570.0,1942.0,58.0,21.0,4.0,22.69108280254777,,,,,,,,,,
2016-11-30,1076.0,1407.0,101.0,21.0,5.0,43.33467579540878,,,,,,,,,,
2016-12-01,1674.0,792.0,119.0,32.0,1.0,67.88321167883211,,,,,,,,,,
2016-12-02,364.0,2188.0,37.0,25.0,2.0,14.263322884012538,,,,,,,,,,
2016-12-05,986.0,1512.0,91.0,22.0,18.0,39.47157726180945,,,,,,,,,,
2016-12-06,1423.0,1003.0,168.0,24.0,2.0,58.65622423742786,,,,,,,,,,
2016-12-07,2202.0,322.0,67.0,35.0,0.0,87.24247226624405,,,,,,,,,,
2016-12-08,594.0,1929.0,71.0,29.0,0.0,23.543400713436384,,,,,,,,,,
2016-12-09,907.0,1552.0,136.0,27.0,3.0,36.88491256608377,,,,,,,,,,
2016-12-12,112.0,2467.0,14.0,21.0,132.0,4.342768514928267,,,,,,,,,,
2016-12-13,1522.0,938.0,140.0,38.0,1.0,61.86991869918699,,,,,,,,,,
2016-12-14,762.0,1760.0,86.0,43.0,4.0,30.21411578112609,,,,,,,,,,
2016-12-15,2059.0,458.0,86.0,44.0,3.0,81.80373460468812,,,,,,,,,,
2016-12-16,1971.0,536.0,96.0,54.0,2.0,78.61986437973674,,,,,,,,,,
2016-12-19,1069.0,1421.0,113.0,45.0,5.0,42.93172690763053,,,,,,,,,,
2016-12-20,1213.0,1279.0,116.0,33.0,5.0,48.675762439807386,,,,,,,,,,
2016-12-21,2120.0,419.0,73.0,36.0,3.0,83.49743993698307,,,,,,,,,,
2016-12-22,991.0,1510.0,109.0,44.0,2.0,39.62415033986406,,,,,,,,,,
2016-12-23,458.0,2091.0,62.0,18.0,15.0,17.967830521773244,,,,,,,,,,
2016-12-26,1627.0,890.0,104.0,28.0,5.0,64.64044497417561,,,,,,,,,,
2016-12-27,1209.0,1264.0,155.0,38.0,1.0,48.88799029518803,,,,,,,,,,
2016-12-28,833.0,1645.0,150.0,20.0,5.0,33.61581920903955,,,,,,,,,,
2016-12-29,939.0,1530.0,163.0,20.0,3.0,38.03159173754557,,,,,,,,,,
2016-12-30,1343.0,1126.0,172.0,21.0,6.0,54.394491697043335,,,,,,,,,,
2017-01-03,2173.0,394.0,67.0,28.0,0.0,84.65134398130112,,,,,,,,,,
2017-01-04,2205.0,346.0,92.0,47.0,0.0,86.43669149353195,,,,,,,,,,
2017-01-05,1046.0,1450.0,144.0,37.0,2.0,41.907051282051285,,,,,,,,,,
2017-01-06,732.0,1809.0,105.0,27.0,11.0,28.80755608028335,,,,,,,,,,
2017-01-09,1696.0,846.0,102.0,35.0,3.0,66.71911880409127,,,,,,,,,,
2017-01-10,892.0,1623.0,131.0,39.0,4.0,35.46719681908549,,,,,,,,,,
2017-01-11,483.0,2089.0,77.0,27.0,5.0,18.779160186625194,,,,,,,,,,
2017-01-12,586.0,1985.0,87.0,24.0,8.0,22.79268767016725,,,,,,,,,,
2017-01-13,474.0,2123.0,66.0,20.0,8.0,18.25182903350019,,,,,,,,,,
2017-01-16,351.0,2287.0,22.0,21.0,52.0,13.305534495830171,,,,,,,,,,
2017-01-17,2026.0,545.0,92.0,36.0,5.0,78.80202255931545,,,,,,,,,,
2017-01-18,851.0,1674.0,142.0,39.0,7.0,33.70297029702971,,,,,,,,,,
2017-01-19,914.0,1612.0,139.0,21.0,9.0,36.18368962787015,,,,,,,,,,
2017-01-20,2529.0,111.0,31.0,44.0,2.0,95.79545454545456,,,,,,,,,,
2017-01-23,2172.0,410.0,97.0,38.0,1.0,84.12083656080557,,,,,,,,,,
2017-01-24,855.0,1694.0,138.0,36.0,2.0,33.54256571204394,,,,,,,,,,
2017-01-25,1670.0,826.0,189.0,30.0,5.0,66.90705128205127,,,,,,,,,,
2017-01-26,1950.0,595.0,152.0,22.0,1.0,76.62082514734774,,,,,,,,,,
2017-02-03,878.0,1683.0,128.0,25.0,6.0,34.283483014447484,,,,,,,,,,
2017-02-06,2283.0,307.0,98.0,40.0,0.0,88.14671814671814,,,,,,,,,,
2017-02-07,1061.0,1501.0,130.0,34.0,0.0,41.41295862607338,,,,,,,,,,
2017-02-08,2027.0,527.0,146.0,40.0,0.0,79.36570086139389,,,,,,,,,,
2017-02-09,1962.0,595.0,143.0,41.0,2.0,76.73054360578804,,,,,,,,,,
2017-02-10,1002.0,1601.0,99.0,45.0,6.0,38.49404533230887,,,,,,,,,,
2017-02-13,1958.0,607.0,139.0,37.0,2.0,76.33528265107212,,,,,,,,,,
2017-02-14,1028.0,1546.0,129.0,36.0,0.0,39.93783993783994,,,,,,,,,,
2017-02-15,661.0,1987.0,63.0,35.0,2.0,24.962235649546827,,,,,,,,,,
2017-02-16,1858.0,737.0,118.0,47.0,0.0,71.59922928709057,,,,,,,,,,
2017-02-17,618.0,2034.0,62.0,27.0,5.0,23.30316742081448,,,,,,,,,,
2017-02-20,1951.0,688.0,53.0,30.0,6.0,73.92951875710496,,,,,,,,,,
2017-02-21,2054.0,523.0,127.0,37.0,1.0,79.70508343034535,,,,,,,,,,
2017-02-22,1470.0,1089.0,141.0,38.0,1.0,57.444314185228606,,,,,,,,,,
2017-02-23,1189.0,1432.0,87.0,40.0,2.0,45.364364746280046,,,,,,,,,,
2017-02-24,1638.0,934.0,136.0,26.0,2.0,63.68584758942457,,,,,,,,,,
2017-02-27,664.0,1981.0,62.0,21.0,4.0,25.103969754253303,,,,,,,,,,
2017-02-28,1733.0,809.0,164.0,29.0,4.0,68.17466561762392,,,,,,,,,,
2017-03-01,1382.0,1146.0,183.0,29.0,5.0,54.66772151898734,,,,,,,,,,
2017-03-02,695.0,1937.0,82.0,20.0,1.0,26.40577507598784,,,,,,,,,,
2017-03-03,1419.0,1151.0,145.0,15.0,4.0,55.21400778210117,,,,,,,,,,
2017-03-06,2375.0,277.0,65.0,22.0,1.0,89.5550527903469,,,,,,,,,,
2017-03-07,1474.0,1088.0,161.0,23.0,0.0,57.53317720530835,,,,,,,,,,
2017-03-08,789.0,1814.0,117.0,19.0,2.0,30.31117940837495,,,,,,,,,,
2017-03-09,657.0,1994.0,72.0,17.0,1.0,24.78310071671068,,,,,,,,,,
2017-03-10,1167.0,1377.0,181.0,21.0,1.0,45.87264150943396,,,,,,,,,,
2017-03-13,2020.0,609.0,98.0,23.0,2.0,76.83529859262077,,,,,,,,,,
2017-03-14,973.0,1632.0,126.0,26.0,1.0,37.35124760076776,,,,,,,,,,
2017-03-15,1043.0,1525.0,164.0,27.0,3.0,40.61526479750779,,,,,,,,,,
2017-03-16,2422.0,237.0,71.0,38.0,1.0,91.08687476494924,,,,,,,,,,
2017-03-17,550.0,2118.0,68.0,23.0,2.0,20.614692653673163,,,,,,,,,,
2017-03-20,1679.0,949.0,99.0,25.0,2.0,63.888888888888886,,,,,,,,,,
2017-03-21,1368.0,1226.0,144.0,32.0,1.0,52.73708558211256,,,,,,,,,,
2017-03-22,893.0,1772.0,69.0,31.0,1.0,33.50844277673546,,,,,,,,,,
2017-03-23,1210.0,1420.0,112.0,33.0,3.0,46.00760456273764,,,,,,,,,,
2017-03-24,1592.0,1028.0,123.0,37.0,2.0,60.76335877862596,,,,,,,,,,
2017-03-27,1033.0,1599.0,113.0,32.0,1.0,39.24772036474164,,,,,,,,,,
2017-03-28,958.0,1640.0,146.0,31.0,4.0,36.87451886066205,,,,,,,,,,
2017-03-29,727.0,1942.0,84.0,36.0,9.0,27.238666167103787,,,,,,,,,,
2017-03-30,388.0,2322.0,43.0,27.0,16.0,14.317343173431734,,,,,,,,,,
2017-03-31,1671.0,972.0,110.0,26.0,23.0,63.22360953461976,,,,,,,,,,
2017-04-05,2528.0,192.0,28.0,84.0,2.0,92.94117647058825,,,,,,,,,,
2017-04-06,1352.0,1245.0,149.0,53.0,3.0,52.06006931074316,,,,,,,,,,
2017-04-07,1083.0,1546.0,129.0,44.0,4.0,41.19437048307341,,,,,,,,,,
2017-04-10,731.0,1960.0,53.0,52.0,41.0,27.16462281679673,,,,,,,,,,
2017-04-11,1830.0,821.0,95.0,63.0,5.0,69.03055450773293,,,,,,,,,,
2017-04-12,709.0,1961.0,88.0,50.0,37.0,26.55430711610487,,,,,,,,,,
2017-04-13,1577.0,1027.0,147.0,35.0,7.0,60.56067588325653,,,,,,,,,,
2017-04-14,441.0,2257.0,56.0,18.0,10.0,16.345441067457376,,,,,,,,,,
2017-04-17,643.0,2071.0,57.0,16.0,94.0,23.691967575534267,,,,,,,,,,
2017-04-18,690.0,2007.0,76.0,16.0,30.0,25.583982202447164,,,,,,,,,,
2017-04-19,911.0,1818.0,53.0,23.0,23.0,33.38219127885672,,,,,,,,,,
2017-04-20,1044.0,1626.0,96.0,15.0,19.0,39.10112359550561,,,,,,,,,,
2017-04-21,1097.0,1531.0,145.0,17.0,25.0,41.7427701674277,,,,,,,,,,
2017-04-24,364.0,2376.0,29.0,14.0,72.0,13.284671532846716,,,,,,,,,,
2017-04-25,1738.0,885.0,153.0,29.0,8.0,66.26000762485702,,,,,,,,,,
2017-04-26,1651.0,986.0,142.0,35.0,9.0,62.60902540766023,,,,,,,,,,
2017-04-27,1821.0,868.0,91.0,37.0,7.0,67.72034213462254,,,,,,,,,,
2017-04-28,1752.0,871.0,157.0,32.0,7.0,66.79374761723219,,,,,,,,,,
2017-05-02,1204.0,1437.0,127.0,33.0,16.0,45.58879212419538,,,,,,,,,,
2017-05-03,1239.0,1412.0,136.0,35.0,12.0,46.73708034703885,,,,,,,,,,
2017-05-04,855.0,1796.0,135.0,31.0,4.0,32.25198038476047,,,,,,,,,,
2017-05-05,540.0,2179.0,62.0,16.0,14.0,19.86024273630011,,,,,,,,,,
2017-05-08,459.0,2259.0,69.0,15.0,50.0,16.887417218543046,,,,,,,,,,
2017-05-09,1999.0,689.0,97.0,18.0,13.0,74.36755952380952,,,,,,,,,,
2017-05-10,402.0,2331.0,52.0,20.0,19.0,14.709110867178923,,,,,,,,,,
2017-05-11,1093.0,1621.0,83.0,24.0,22.0,40.27266028002948,,,,,,,,,,
2017-05-12,1134.0,1512.0,146.0,28.0,12.0,42.85714285714285,,,,,,,,,,
2017-05-15,1419.0,1183.0,186.0,32.0,7.0,54.53497309761721,,,,,,,,,,
2017-05-16,2588.0,163.0,32.0,44.0,1.0,94.0748818611414,,,,,,,,,,
2017-05-17,1514.0,1102.0,170.0,37.0,2.0,57.87461773700306,,,,,,,,,,
2017-05-18,737.0,1956.0,97.0,25.0,19.0,27.367248421834383,,,,,,,,,,
2017-05-19,1147.0,1512.0,144.0,26.0,7.0,43.13651748777736,,,,,,,,,,
2017-05-22,414.0,2346.0,47.0,18.0,36.0,15.0,,,,,,,,,,
2017-05-23,336.0,2441.0,33.0,11.0,75.0,12.099387828592006,,,,,,,,,,
2017-05-24,1847.0,833.0,133.0,23.0,19.0,68.9179104477612,,,,,,,,,,
2017-05-25,2001.0,695.0,110.0,26.0,12.0,74.22106824925817,,,,,,,,,,
2017-05-26,1324.0,1281.0,208.0,31.0,7.0,50.8253358925144,,,,,,,,,,
2017-05-31,1148.0,1473.0,193.0,19.0,6.0,43.80007630675315,,,,,,,,,,
2017-06-01,324.0,2441.0,42.0,11.0,62.0,11.717902350813745,,,,,,,,,,
2017-06-02,2177.0,536.0,93.0,33.0,9.0,80.24327312937707,,,,,,,,,,
2017-06-05,2130.0,536.0,136.0,23.0,0.0,79.89497374343586,,,,,,,,,,
2017-06-06,1862.0,772.0,168.0,20.0,4.0,70.6909643128322,,,,,,,,,,
2017-06-07,2745.0,50.0,12.0,50.0,1.0,98.21109123434704,,,,,,,,,,
2017-06-08,924.0,1732.0,150.0,32.0,2.0,34.78915662650602,,,,,,,,,,
2017-06-09,1289.0,1351.0,171.0,28.0,2.0,48.82575757575758,,,,,,,,,,
2017-06-12,437.0,2332.0,42.0,14.0,9.0,15.781870711448176,,,,,,,,,,
2017-06-13,2505.0,238.0,67.0,31.0,1.0,91.3233685745534,,,,,,,,,,
2017-06-14,1275.0,1375.0,166.0,28.0,5.0,48.11320754716981,,,,,,,,,,
2017-06-15,2347.0,379.0,87.0,34.0,0.0,86.09684519442406,,,,,,,,,,
2017-06-16,899.0,1743.0,183.0,18.0,1.0,34.027252081756245,,,,,,,,,,
2017-06-19,2037.0,646.0,142.0,24.0,4.0,75.92247484159523,,,,,,,,,,
2017-06-20,1123.0,1529.0,179.0,18.0,7.0,42.34539969834088,,,,,,,,,,
2017-06-21,1261.0,1392.0,183.0,19.0,3.0,47.53109687146627,,,,,,,,,,
2017-06-22,366.0,2410.0,55.0,16.0,4.0,13.184438040345825,,,,,,,,,,
2017-06-23,1307.0,1371.0,161.0,13.0,2.0,48.8050784167289,,,,,,,,,,
2017-06-26,2450.0,313.0,74.0,23.0,0.0,88.67173362287369,,,,,,,,,,
2017-06-27,1377.0,1259.0,203.0,21.0,0.0,52.23823975720789,,,,,,,,,,
2017-06-28,619.0,2132.0,93.0,17.0,1.0,22.500908760450745,,,,,,,,,,
2017-06-29,1842.0,816.0,177.0,20.0,1.0,69.3002257336343,,,,,,,,,,
2017-06-30,1488.0,1184.0,162.0,18.0,0.0,55.68862275449101,,,,,,,,,,
2017-07-03,2126.0,587.0,127.0,17.0,0.0,78.36343531146332,,,,,,,,,,
2017-07-04,922.0,1790.0,131.0,14.0,1.0,33.99705014749262,,,,,,,,,,
2017-07-05,2251.0,455.0,141.0,19.0,2.0,83.18551367331855,,,,,,,,,,
2017-07-06,1196.0,1511.0,136.0,23.0,0.0,44.18175101588474,,,,,,,,,,
2017-07-07,1641.0,1024.0,176.0,25.0,2.0,61.57598499061913,,,,,,,,,,
2017-07-10,892.0,1832.0,113.0,10.0,8.0,32.74596182085169,,,,,,,,,,
2017-07-11,542.0,2234.0,69.0,11.0,6.0,19.524495677233432,,,,,,,,,,
2017-07-12,1152.0,1601.0,92.0,16.0,6.0,41.84525971667272,,,,,,,,,,
2017-07-13,1273.0,1424.0,147.0,22.0,3.0,47.20059325176121,,,,,,,,,,
2017-07-14,883.0,1839.0,126.0,12.0,7.0,32.43938280675974,,,,,,,,,,
2017-07-17,143.0,2691.0,11.0,10.0,352.0,5.045871559633028,,,,,,,,,,
2017-07-18,2000.0,739.0,99.0,30.0,7.0,73.01935012778387,,,,,,,,,,
2017-07-19,2279.0,463.0,95.0,44.0,2.0,83.11451495258935,,,,,,,,,,
2017-07-20,1434.0,1232.0,175.0,27.0,3.0,53.78844711177795,,,,,,,,,,
2017-07-21,1099.0,1597.0,151.0,20.0,4.0,40.76409495548962,,,,,,,,,,
2017-07-24,1864.0,863.0,128.0,23.0,1.0,68.35350201686835,,,,,,,,,,
2017-07-25,1009.0,1735.0,109.0,19.0,1.0,36.77113702623907,,,,,,,,,,
2017-07-26,1055.0,1676.0,124.0,24.0,0.0,38.63053826437203,,,,,,,,,,
2017-07-27,2263.0,538.0,65.0,20.0,1.0,80.79257408068547,,,,,,,,,,
2017-07-28,943.0,1798.0,122.0,19.0,0.0,34.4035023713973,,,,,,,,,,
2017-07-31,1707.0,990.0,170.0,42.0,0.0,63.29254727474972,,,,,,,,,,
2017-08-01,1362.0,1362.0,144.0,25.0,1.0,50.0,,,,,,,,,,
2017-08-02,591.0,2232.0,53.0,25.0,4.0,20.935175345377257,,,,,,,,,,
2017-08-03,1781.0,972.0,127.0,31.0,1.0,64.69306211405738,,,,,,,,,,
2017-08-04,868.0,1903.0,107.0,24.0,2.0,31.32443161313605,,,,,,,,,,
2017-08-07,2058.0,703.0,119.0,27.0,2.0,74.53821079319087,,,,,,,,,,
2017-08-08,1431.0,1293.0,160.0,25.0,4.0,52.5330396475771,,,,,,,,,,
2017-08-09,1337.0,1420.0,133.0,26.0,1.0,48.49474066013783,,,,,,,,,,
2017-08-10,683.0,2159.0,54.0,15.0,4.0,24.03237156931738,,,,,,,,,,
2017-08-11,500.0,2336.0,59.0,9.0,34.0,17.63046544428773,,,,,,,,,,
2017-08-14,2707.0,173.0,26.0,25.0,1.0,93.99305555555556,,,,,,,,,,
2017-08-15,1633.0,1100.0,173.0,22.0,3.0,59.7511891694109,,,,,,,,,,
2017-08-16,1916.0,874.0,118.0,13.0,3.0,68.67383512544802,,,,,,,,,,
2017-08-17,2043.0,734.0,128.0,23.0,0.0,73.56859920777818,,,,,,,,,,
2017-08-18,915.0,1881.0,111.0,20.0,2.0,32.72532188841202,,,,,,,,,,
2017-08-21,2167.0,612.0,135.0,26.0,0.0,77.97768981648075,,,,,,,,,,
2017-08-22,759.0,2074.0,78.0,23.0,0.0,26.79138722202612,,,,,,,,,,
2017-08-23,1026.0,1771.0,122.0,18.0,0.0,36.6821594565606,,,,,,,,,,
2017-08-24,782.0,2050.0,83.0,28.0,1.0,27.612994350282488,,,,,,,,,,
2017-08-25,2577.0,280.0,65.0,38.0,0.0,90.19950997549876,,,,,,,,,,
2017-08-28,2534.0,319.0,73.0,46.0,0.0,88.81878724150017,,,,,,,,,,
2017-08-29,1100.0,1674.0,152.0,29.0,2.0,39.65392934390771,,,,,,,,,,
2017-08-30,1334.0,1422.0,166.0,35.0,0.0,48.40348330914369,,,,,,,,,,
2017-08-31,1721.0,1031.0,170.0,34.0,0.0,62.53633720930233,,,,,,,,,,
2017-09-01,1688.0,1124.0,125.0,32.0,0.0,60.02844950213371,,,,,,,,,,
2017-09-04,1556.0,1243.0,135.0,26.0,5.0,55.591282600928906,,,,,,,,,,
2017-09-05,1283.0,1512.0,148.0,20.0,4.0,45.903398926654745,,,,,,,,,,
2017-09-06,1474.0,1326.0,142.0,24.0,1.0,52.642857142857146,,,,,,,,,,
2017-09-07,952.0,1857.0,129.0,22.0,0.0,33.89106443574226,,,,,,,,,,
2017-09-08,1425.0,1346.0,160.0,23.0,0.0,51.42547816672681,,,,,,,,,,
2017-09-11,2061.0,743.0,131.0,37.0,0.0,73.5021398002853,,,,,,,,,,
2017-09-12,875.0,1964.0,94.0,23.0,4.0,30.8207115181402,,,,,,,,,,
2017-09-13,1718.0,1055.0,166.0,29.0,0.0,61.95456184637577,,,,,,,,,,
2017-09-14,1084.0,1754.0,104.0,27.0,0.0,38.19591261451726,,,,,,,,,,
2017-09-15,1055.0,1759.0,124.0,24.0,9.0,37.4911158493248,,,,,,,,,,
2017-09-18,1951.0,803.0,192.0,23.0,8.0,70.84241103848947,,,,,,,,,,
2017-09-19,989.0,1873.0,97.0,22.0,0.0,34.55625436757512,,,,,,,,,,
2017-09-20,2073.0,726.0,158.0,32.0,0.0,74.06216505894963,,,,,,,,,,
2017-09-21,648.0,2240.0,76.0,22.0,2.0,22.437673130193904,,,,,,,,,,
2017-09-22,1085.0,1798.0,90.0,26.0,0.0,37.634408602150536,,,,,,,,,,
2017-09-25,648.0,2264.0,63.0,22.0,8.0,22.25274725274725,,,,,,,,,,
2017-09-26,1402.0,1444.0,135.0,21.0,7.0,49.26212227687984,,,,,,,,,,
2017-09-27,2048.0,742.0,190.0,25.0,2.0,73.40501792114695,,,,,,,,,,
2017-09-28,850.0,2042.0,91.0,21.0,1.0,29.39142461964039,,,,,,,,,,
2017-09-29,2200.0,649.0,140.0,27.0,1.0,77.22007722007721,,,,,,,,,,
2017-10-09,2418.0,480.0,88.0,36.0,3.0,83.4368530020704,,,,,,,,,,
2017-10-10,2191.0,699.0,94.0,35.0,1.0,75.81314878892734,,,,,,,,,,
2017-10-11,1078.0,1780.0,133.0,26.0,5.0,37.7186843946816,,,,,,,,,,
2017-10-12,1093.0,1778.0,120.0,25.0,0.0,38.07035876001393,,,,,,,,,,
2017-10-13,1877.0,969.0,151.0,36.0,0.0,65.95221363316936,,,,,,,,,,
2017-10-16,449.0,2504.0,47.0,21.0,9.0,15.204876396884522,,,,,,,,,,
2017-10-17,1451.0,1336.0,210.0,23.0,0.0,52.06315034086831,,,,,,,,,,
2017-10-18,709.0,2203.0,88.0,16.0,2.0,24.34752747252747,,,,,,,,,,
2017-10-19,760.0,2180.0,59.0,21.0,3.0,25.850340136054424,,,,,,,,,,
2017-10-20,2474.0,471.0,53.0,36.0,2.0,84.00679117147708,,,,,,,,,,
2017-10-23,1992.0,853.0,164.0,31.0,1.0,70.01757469244289,,,,,,,,,,
2017-10-24,859.0,2024.0,120.0,24.0,4.0,29.795352063822406,,,,,,,,,,
2017-10-25,2208.0,628.0,169.0,24.0,0.0,77.85613540197461,,,,,,,,,,
2017-10-26,1760.0,1066.0,182.0,25.0,6.0,62.27883934890305,,,,,,,,,,
2017-10-27,807.0,2109.0,97.0,19.0,2.0,27.67489711934156,,,,,,,,,,
2017-10-30,438.0,2546.0,29.0,22.0,21.0,14.678284182305628,,,,,,,,,,
2017-10-31,2251.0,667.0,100.0,26.0,1.0,77.1418779986292,,,,,,,,,,
2017-11-01,1341.0,1517.0,166.0,19.0,1.0,46.92092372288313,,,,,,,,,,
2017-11-02,730.0,2232.0,75.0,18.0,5.0,24.64550979068197,,,,,,,,,,
2017-11-03,900.0,2043.0,92.0,19.0,2.0,30.58103975535168,,,,,,,,,,
2017-11-06,2264.0,646.0,122.0,26.0,6.0,77.80068728522338,,,,,,,,,,
2017-11-07,1756.0,1099.0,186.0,33.0,0.0,61.5061295971979,,,,,,,,,,
2017-11-08,1711.0,1158.0,178.0,37.0,2.0,59.63750435691879,,,,,,,,,,
2017-11-09,1862.0,1016.0,167.0,29.0,0.0,64.69770674079221,,,,,,,,,,
2017-11-10,1327.0,1602.0,113.0,33.0,0.0,45.30556503926255,,,,,,,,,,
2017-11-13,1299.0,1640.0,102.0,36.0,4.0,44.198707043211975,,,,,,,,,,
2017-11-14,833.0,2124.0,88.0,22.0,3.0,28.17044301657085,,,,,,,,,,
2017-11-15,856.0,2041.0,149.0,20.0,16.0,29.54780807732137,,,,,,,,,,
2017-11-16,1048.0,1843.0,149.0,18.0,12.0,36.25043237634037,,,,,,,,,,
2017-11-17,300.0,2722.0,23.0,11.0,82.0,9.927200529450694,,,,,,,,,,
2017-11-20,1554.0,1400.0,87.0,26.0,13.0,52.60663507109005,,,,,,,,,,
2017-11-21,1165.0,1747.0,129.0,22.0,5.0,40.00686813186813,,,,,,,,,,
2017-11-22,1316.0,1602.0,127.0,21.0,5.0,45.09938313913639,,,,,,,,,,
2017-11-23,270.0,2723.0,49.0,17.0,17.0,9.021049114600736,,,,,,,,,,
2017-11-24,1626.0,1231.0,185.0,25.0,10.0,56.91284564228212,,,,,,,,,,
2017-11-27,764.0,2131.0,152.0,12.0,28.0,26.390328151986186,,,,,,,,,,
2017-11-28,2706.0,282.0,51.0,25.0,2.0,90.56224899598394,,,,,,,,,,
2017-11-29,1277.0,1653.0,112.0,30.0,1.0,43.58361774744027,,,,,,,,,,
2017-11-30,995.0,1862.0,184.0,13.0,1.0,34.82674133706685,,,,,,,,,,
2017-12-01,2250.0,633.0,158.0,15.0,0.0,78.04370447450573,,,,,,,,,,
2017-12-04,589.0,2356.0,94.0,8.0,50.0,20.0,,,,,,,,,,
2017-12-05,378.0,2615.0,52.0,8.0,26.0,12.629468760441029,,,,,,,,,,
2017-12-06,2261.0,669.0,114.0,21.0,5.0,77.16723549488054,,,,,,,,,,
2017-12-07,1128.0,1729.0,178.0,14.0,2.0,39.48197409870494,,,,,,,,,,
2017-12-08,2509.0,414.0,111.0,25.0,3.0,85.83646938077318,,,,,,,,,,
2017-12-11,2368.0,512.0,151.0,21.0,1.0,82.22222222222221,,,,,,,,,,
2017-12-12,482.0,2478.0,72.0,7.0,3.0,16.283783783783782,,,,,,,,,,
2017-12-13,2220.0,649.0,163.0,11.0,0.0,77.37887765772045,,,,,,,,,,
2017-12-14,1326.0,1540.0,174.0,23.0,0.0,46.26657362177251,,,,,,,,,,
2017-12-15,1128.0,1779.0,138.0,18.0,5.0,38.80288957688339,,,,,,,,,,
2017-12-18,992.0,1906.0,148.0,13.0,16.0,34.230503795721184,,,,,,,,,,
2017-12-19,2172.0,686.0,189.0,13.0,6.0,75.99720083974807,,,,,,,,,,
2017-12-20,610.0,2353.0,87.0,7.0,0.0,20.58724265946676,,,,,,,,,,
2017-12-21,1419.0,1473.0,158.0,13.0,1.0,49.066390041493776,,,,,,,,,,
2017-12-22,1098.0,1760.0,197.0,14.0,3.0,38.4184744576627,,,,,,,,,,
2017-12-25,672.0,2294.0,90.0,16.0,9.0,22.65677680377613,,,,,,,,,,
2017-12-26,2306.0,650.0,99.0,43.0,2.0,78.01082543978349,,,,,,,,,,
2017-12-27,970.0,1922.0,161.0,34.0,3.0,33.54080221300138,,,,,,,,,,
2017-12-28,1717.0,1130.0,203.0,31.0,2.0,60.30909729539866,,,,,,,,,,
2017-12-29,2153.0,734.0,166.0,19.0,8.0,74.57568410114305,,,,,,,,,,
2018-01-02,2353.0,585.0,117.0,29.0,3.0,80.08849557522124,,,,,,,,,,
2018-01-03,2117.0,798.0,146.0,37.0,4.0,72.62435677530017,,,,,,,,,,
2018-01-04,1235.0,1656.0,175.0,32.0,3.0,42.71878242822552,,,,,,,,,,
2018-01-05,1416.0,1480.0,168.0,17.0,2.0,48.89502762430939,,,,,,,,,,
2018-01-08,1368.0,1594.0,109.0,30.0,1.0,46.185010128291694,,,,,,,,,,
2018-01-09,1217.0,1727.0,126.0,26.0,0.0,41.338315217391305,,,,,,,,,,
2018-01-10,705.0,2288.0,86.0,28.0,1.0,23.55496157701303,,,,,,,,,,
2018-01-11,1989.0,939.0,147.0,34.0,0.0,67.93032786885246,,,,,,,,,,
2018-01-12,939.0,1987.0,149.0,21.0,3.0,32.09159261790841,,,,,,,,,,
2018-01-15,415.0,2622.0,39.0,17.0,22.0,13.66480079025354,,,,,,,,,,
2018-01-16,2082.0,851.0,144.0,38.0,2.0,70.98533924309581,,,,,,,,,,
2018-01-17,1618.0,1322.0,135.0,21.0,12.0,55.034013605442176,,,,,,,,,,
2018-01-18,1397.0,1483.0,189.0,27.0,2.0,48.50694444444444,,,,,,,,,,
2018-01-19,1161.0,1741.0,178.0,22.0,5.0,40.00689179875948,,,,,,,,,,
2018-01-22,1999.0,939.0,133.0,17.0,18.0,68.03948264125256,,,,,,,,,,
2018-01-23,1467.0,1418.0,189.0,28.0,4.0,50.84922010398613,,,,,,,,,,
2018-01-24,1998.0,949.0,135.0,18.0,4.0,67.79776043434,,,,,,,,,,
2018-01-25,1183.0,1732.0,160.0,16.0,4.0,40.58319039451115,,,,,,,,,,
2018-01-26,1044.0,1868.0,161.0,13.0,4.0,35.85164835164835,,,,,,,,,,
2018-01-29,659.0,2356.0,56.0,14.0,9.0,21.857379767827528,,,,,,,,,,
2018-01-30,1372.0,1521.0,175.0,23.0,9.0,47.42481852748012,,,,,,,,,,
2018-01-31,491.0,2521.0,54.0,16.0,83.0,16.301460823373173,,,,,,,,,,
2018-02-01,277.0,2772.0,14.0,9.0,192.0,9.08494588389636,,,,,,,,,,
2018-02-02,1120.0,1803.0,111.0,19.0,45.0,38.31679781046869,,,,,,,,,,
2018-02-05,981.0,1895.0,125.0,21.0,48.0,34.10987482614743,,,,,,,,,,
2018-02-06,101.0,2859.0,39.0,11.0,383.0,3.412162162162162,,,,,,,,,,
2018-02-07,1992.0,856.0,139.0,24.0,27.0,69.9438202247191,,,,,,,,,,
2018-02-08,2422.0,482.0,75.0,32.0,17.0,83.40220385674931,,,,,,,,,,
2018-02-09,226.0,2729.0,29.0,13.0,91.0,7.648054145516074,,,,,,,,,,
2018-02-12,2810.0,147.0,42.0,59.0,6.0,95.0287453500169,,,,,,,,,,
2018-02-13,1444.0,1393.0,171.0,23.0,15.0,50.89883679943602,,,,,,,,,,
2018-02-14,1622.0,1157.0,235.0,21.0,14.0,58.36631881971932,,,,,,,,,,
2018-02-22,2830.0,142.0,56.0,35.0,6.0,95.22207267833107,,,,,,,,,,
2018-02-23,1700.0,1138.0,190.0,18.0,6.0,59.90133897110641,,,,,,,,,,
2018-02-26,2911.0,100.0,30.0,41.0,5.0,96.67884423779476,,,,,,,,,,
2018-02-27,1442.0,1442.0,163.0,34.0,4.0,50.0,,,,,,,,,,
2018-02-28,1321.0,1542.0,185.0,25.0,11.0,46.14041215508208,,,,,,,,,,
2018-03-01,2479.0,429.0,134.0,50.0,0.0,85.24759284731775,,,,,,,,,,
2018-03-02,901.0,2042.0,109.0,23.0,2.0,30.61501868841318,,,,,,,,,,
2018-03-05,1849.0,1050.0,146.0,33.0,3.0,63.78061400482925,,,,,,,,,,
2018-03-06,2346.0,603.0,98.0,40.0,1.0,79.55239064089523,,,,,,,,,,
2018-03-07,824.0,2141.0,90.0,28.0,3.0,27.790893760539632,,,,,,,,,,
2018-03-08,2160.0,729.0,159.0,41.0,2.0,74.76635514018692,,,,,,,,,,
2018-03-09,2549.0,390.0,113.0,36.0,1.0,86.73018033344675,,,,,,,,,,
2018-03-12,2591.0,355.0,105.0,37.0,1.0,87.94976238968091,,,,,,,,,,
2018-03-13,855.0,2103.0,92.0,24.0,3.0,28.904665314401623,,,,,,,,,,
2018-03-14,653.0,2311.0,83.0,8.0,2.0,22.031039136302294,,,,,,,,,,
2018-03-15,870.0,2086.0,101.0,19.0,6.0,29.43166441136671,,,,,,,,,,
2018-03-16,1217.0,1665.0,176.0,33.0,1.0,42.22761970853574,,,,,,,,,,
2018-03-19,1754.0,1159.0,148.0,26.0,3.0,60.212838997596975,,,,,,,,,,
2018-03-20,1540.0,1371.0,148.0,39.0,1.0,52.90278254895225,,,,,,,,,,
2018-03-21,932.0,1971.0,156.0,35.0,4.0,32.10471925594213,,,,,,,,,,
2018-03-22,1449.0,1464.0,151.0,45.0,3.0,49.742533470648816,,,,,,,,,,
2018-03-23,182.0,2851.0,32.0,26.0,372.0,6.000659413122321,,,,,,,,,,
2018-03-26,2304.0,664.0,96.0,33.0,4.0,77.62803234501348,,,,,,,,,,
2018-03-27,2890.0,138.0,31.0,44.0,0.0,95.442536327609,,,,,,,,,,
2018-03-28,1006.0,1926.0,125.0,22.0,12.0,34.31105047748977,,,,,,,,,,
2018-03-29,2314.0,645.0,99.0,40.0,2.0,78.20209530246704,,,,,,,,,,
2018-03-30,2372.0,560.0,129.0,36.0,1.0,80.90040927694406,,,,,,,,,,
2018-04-02,1506.0,1425.0,136.0,41.0,2.0,51.38178096212896,,,,,,,,,,
2018-04-03,817.0,2185.0,64.0,30.0,4.0,27.21518987341772,,,,,,,,,,
2018-04-04,1000.0,1926.0,145.0,39.0,5.0,34.17634996582365,,,,,,,,,,
2018-04-09,1493.0,1439.0,138.0,50.0,4.0,50.92087312414733,,,,,,,,,,
2018-04-10,1719.0,1263.0,93.0,29.0,14.0,57.64587525150905,,,,,,,,,,
2018-04-11,1955.0,932.0,186.0,40.0,0.0,67.71735365431243,,,,,,,,,,
2018-04-12,899.0,2066.0,115.0,23.0,5.0,30.3204047217538,,,,,,,,,,
2018-04-13,1153.0,1749.0,174.0,17.0,13.0,39.73121984838043,,,,,,,,,,
2018-04-16,932.0,2075.0,64.0,35.0,13.0,30.994346524775523,,,,,,,,,,
2018-04-17,375.0,2637.0,57.0,14.0,18.0,12.450199203187251,,,,,,,,,,
2018-04-18,2200.0,759.0,108.0,26.0,9.0,74.34944237918215,,,,,,,,,,
2018-04-19,1567.0,1308.0,190.0,17.0,1.0,54.50434782608695,,,,,,,,,,
2018-04-20,337.0,2683.0,46.0,15.0,29.0,11.158940397350992,,,,,,,,,,
2018-04-23,1179.0,1755.0,142.0,19.0,28.0,40.1840490797546,,,,,,,,,,
2018-04-24,2898.0,148.0,29.0,46.0,1.0,95.14116874589624,,,,,,,,,,
2018-04-25,1611.0,1324.0,142.0,32.0,3.0,54.88926746166951,,,,,,,,,,
2018-04-26,362.0,2651.0,63.0,19.0,32.0,12.014603385330236,,,,,,,,,,
2018-04-27,1804.0,1126.0,151.0,13.0,21.0,61.569965870307165,,,,,,,,,,
2018-05-02,1214.0,1748.0,116.0,23.0,36.0,40.98582039162728,,,,,,,,,,
2018-05-03,2195.0,745.0,144.0,32.0,4.0,74.65986394557824,,,,,,,,,,
2018-05-04,1187.0,1737.0,161.0,21.0,7.0,40.595075239398085,,,,,,,,,,
2018-05-07,2877.0,165.0,46.0,39.0,4.0,94.57593688362918,,,,,,,,,,
2018-05-08,1992.0,887.0,208.0,47.0,4.0,69.19069121222647,,,,,,,,,,
2018-05-09,1350.0,1578.0,157.0,26.0,3.0,46.10655737704918,,,,,,,,,,
2018-05-10,1844.0,1059.0,188.0,35.0,2.0,63.52049603858077,,,,,,,,,,
2018-05-11,632.0,2365.0,96.0,21.0,8.0,21.087754421087755,,,,,,,,,,
2018-05-14,965.0,2003.0,129.0,12.0,15.0,32.51347708894879,,,,,,,,,,
2018-05-15,2370.0,593.0,135.0,37.0,1.0,79.98650016874788,,,,,,,,,,
2018-05-16,936.0,2061.0,108.0,17.0,3.0,31.23123123123123,,,,,,,,,,
2018-05-17,1207.0,1725.0,175.0,20.0,10.0,41.16643929058663,,,,,,,,,,
2018-05-18,1976.0,1006.0,128.0,29.0,9.0,66.26425217974514,,,,,,,,,,
2018-05-21,2606.0,402.0,97.0,37.0,3.0,86.63563829787235,,,,,,,,,,
2018-05-22,1723.0,1169.0,216.0,28.0,3.0,59.57814661134163,,,,,,,,,,
2018-05-23,618.0,2424.0,62.0,17.0,8.0,20.3155818540434,,,,,,,,,,
2018-05-24,1182.0,1778.0,146.0,23.0,4.0,39.93243243243243,,,,,,,,,,
2018-05-25,897.0,2127.0,83.0,28.0,4.0,29.66269841269841,,,,,,,,,,
2018-05-28,929.0,2092.0,96.0,28.0,25.0,30.75140681893413,,,,,,,,,,
2018-05-29,937.0,2035.0,142.0,27.0,24.0,31.52759084791386,,,,,,,,,,
2018-05-30,270.0,2807.0,31.0,14.0,128.0,8.774780630484239,,,,,,,,,,
2018-05-31,2762.0,285.0,62.0,46.0,7.0,90.64653757794552,,,,,,,,,,
2018-06-01,849.0,2115.0,143.0,15.0,13.0,28.64372469635628,,,,,,,,,,
2018-06-04,1402.0,1527.0,184.0,18.0,31.0,47.86616592693752,,,,,,,,,,
2018-06-05,2730.0,289.0,102.0,27.0,9.0,90.427293805896,,,,,,,,,,
2018-06-06,1483.0,1438.0,193.0,27.0,2.0,50.77028414926396,,,,,,,,,,
2018-06-07,723.0,2256.0,132.0,19.0,2.0,24.269889224572,,,,,,,,,,
2018-06-08,714.0,2313.0,80.0,11.0,3.0,23.58771060455897,,,,,,,,,,
2018-06-11,941.0,2035.0,135.0,22.0,7.0,31.61962365591398,,,,,,,,,,
2018-06-12,2149.0,808.0,159.0,22.0,8.0,72.67500845451471,,,,,,,,,,
2018-06-13,405.0,2638.0,71.0,22.0,15.0,13.309234308248438,,,,,,,,,,
2018-06-14,1209.0,1709.0,195.0,24.0,18.0,41.43248800548321,,,,,,,,,,
2018-06-15,453.0,2588.0,72.0,12.0,53.0,14.896415652745809,,,,,,,,,,
2018-06-19,99.0,2979.0,20.0,10.0,906.0,3.216374269005848,,,,,,,,,,
2018-06-20,2306.0,700.0,98.0,35.0,30.0,76.71324018629407,,,,,,,,,,
2018-06-21,427.0,2604.0,73.0,13.0,67.0,14.087759815242496,,,,,,,,,,
2018-06-22,2640.0,378.0,84.0,27.0,22.0,87.47514910536779,,,,,,,,,,
2018-06-25,1128.0,1800.0,178.0,34.0,21.0,38.52459016393443,,,,,,,,,,
2018-06-26,2285.0,687.0,140.0,32.0,12.0,76.8842530282638,,,,,,,,,,
2018-06-27,934.0,1987.0,197.0,27.0,13.0,31.97535090722356,,,,,,,,,,
2018-06-28,653.0,2327.0,144.0,20.0,23.0,21.91275167785235,,,,,,,,,,
2018-06-29,3034.0,82.0,17.0,59.0,7.0,97.36842105263158,,,,,,,,,,
2018-07-02,558.0,2525.0,56.0,29.0,19.0,18.09925397340253,,,,,,,,,,
2018-07-03,2574.0,500.0,76.0,37.0,17.0,83.73454782042941,,,,,,,,,,
2018-07-04,425.0,2644.0,82.0,28.0,30.0,13.848159009449333,,,,,,,,,,
2018-07-05,271.0,2826.0,56.0,15.0,41.0,8.75040361640297,,,,,,,,,,
2018-07-06,1956.0,1033.0,165.0,28.0,15.0,65.43994647039143,,,,,,,,,,
2018-07-09,2955.0,172.0,32.0,44.0,14.0,94.49952030700352,,,,,,,,,,
2018-07-10,2174.0,756.0,234.0,40.0,5.0,74.19795221843003,,,,,,,,,,
2018-07-11,344.0,2793.0,23.0,20.0,20.0,10.965890978642015,,,,,,,,,,
2018-07-12,3054.0,87.0,24.0,51.0,4.0,97.23018147086916,,,,,,,,,,
2018-07-13,1579.0,1345.0,240.0,31.0,7.0,54.00136798905609,,,,,,,,,,
2018-07-16,1385.0,1611.0,182.0,33.0,10.0,46.228304405874496,,,,,,,,,,
2018-07-17,1519.0,1432.0,225.0,40.0,6.0,51.47407658420874,,,,,,,,,,
2018-07-18,989.0,2019.0,172.0,32.0,3.0,32.878989361702125,,,,,,,,,,
2018-07-19,673.0,2418.0,86.0,21.0,10.0,21.77288903267551,,,,,,,,,,
2018-07-20,2579.0,513.0,95.0,32.0,4.0,83.40879689521346,,,,,,,,,,
2018-07-23,2257.0,815.0,113.0,36.0,17.0,73.47005208333334,,,,,,,,,,
2018-07-24,2774.0,343.0,68.0,57.0,0.0,88.99582932306706,,,,,,,,,,
2018-07-25,1342.0,1650.0,194.0,38.0,0.0,44.85294117647059,,,,,,,,,,
2018-07-26,1361.0,1691.0,135.0,50.0,2.0,44.59370904325033,,,,,,,,,,
2018-07-27,971.0,2091.0,127.0,39.0,7.0,31.71129980404964,,,,,,,,,,
2018-07-30,677.0,2435.0,79.0,22.0,14.0,21.75449871465296,,,,,,,,,,
2018-07-31,1767.0,1229.0,195.0,26.0,12.0,58.97863818424566,,,,,,,,,,
2018-08-01,431.0,2703.0,63.0,24.0,3.0,13.752393107849397,,,,,,,,,,
2018-08-02,397.0,2780.0,22.0,27.0,12.0,12.49606547056972,,,,,,,,,,
2018-08-03,722.0,2318.0,164.0,25.0,22.0,23.75,,,,,,,,,,
2018-08-06,521.0,2588.0,98.0,20.0,50.0,16.757799935670633,,,,,,,,,,
2018-08-07,3078.0,109.0,21.0,41.0,6.0,96.57985566363352,,,,,,,,,,
2018-08-08,555.0,2566.0,88.0,24.0,20.0,17.782761935277154,,,,,,,,,,
2018-08-09,3005.0,158.0,51.0,39.0,3.0,95.00474233322794,,,,,,,,,,
2018-08-10,2055.0,918.0,235.0,24.0,3.0,69.12209889001008,,,,,,,,,,
2018-08-13,1497.0,1531.0,180.0,26.0,7.0,49.43857331571995,,,,,,,,,,
2018-08-14,1317.0,1661.0,232.0,20.0,4.0,44.22431161853593,,,,,,,,,,
2018-08-15,263.0,2912.0,38.0,18.0,6.0,8.283464566929135,,,,,,,,,,
2018-08-16,687.0,2396.0,134.0,15.0,6.0,22.2834901070386,,,,,,,,,,
2018-08-17,359.0,2773.0,85.0,7.0,20.0,11.462324393358877,,,,,,,,,,
2018-08-20,2015.0,1024.0,178.0,22.0,13.0,66.30470549522869,,,,,,,,,,
2018-08-21,2554.0,506.0,160.0,24.0,4.0,83.46405228758171,,,,,,,,,,
2018-08-22,553.0,2549.0,118.0,17.0,9.0,17.827208252740167,,,,,,,,,,
2018-08-23,2154.0,795.0,269.0,21.0,4.0,73.04170905391658,,,,,,,,,,
2018-08-24,1120.0,1834.0,267.0,17.0,6.0,37.91469194312796,,,,,,,,,,
2018-08-27,3074.0,111.0,34.0,27.0,5.0,96.5149136577708,,,,,,,,,,
2018-08-28,1474.0,1467.0,281.0,19.0,3.0,50.11900714042843,,,,,,,,,,
2018-08-29,841.0,2213.0,170.0,16.0,4.0,27.537655533726262,,,,,,,,,,
2018-08-30,388.0,2729.0,112.0,10.0,6.0,12.447866538338143,,,,,,,,,,
2018-08-31,651.0,2392.0,186.0,13.0,11.0,21.39336181399934,,,,,,,,,,
2018-09-03,1318.0,1730.0,187.0,19.0,5.0,43.24146981627297,,,,,,,,,,
2018-09-04,2700.0,420.0,112.0,28.0,5.0,86.53846153846155,,,,,,,,,,
2018-09-05,414.0,2720.0,100.0,21.0,3.0,13.20995532865348,,,,,,,,,,
2018-09-06,1039.0,1950.0,248.0,19.0,2.0,34.76078956172633,,,,,,,,,,
2018-09-07,1742.0,1216.0,272.0,33.0,2.0,58.891142663962135,,,,,,,,,,
2018-09-10,369.0,2784.0,74.0,20.0,18.0,11.70313986679353,,,,,,,,,,
2018-09-11,1870.0,1138.0,225.0,15.0,11.0,62.16755319148937,,,,,,,,,,
2018-09-12,1637.0,1287.0,310.0,14.0,6.0,55.98495212038304,,,,,,,,,,
2018-09-13,2523.0,551.0,163.0,23.0,9.0,82.0754716981132,,,,,,,,,,
2018-09-14,718.0,2321.0,198.0,14.0,14.0,23.62619282658769,,,,,,,,,,
2018-09-17,509.0,2618.0,106.0,14.0,20.0,16.277582347297727,,,,,,,,,,
2018-09-18,2918.0,257.0,68.0,33.0,8.0,91.90551181102362,,,,,,,,,,
2018-09-19,2594.0,474.0,174.0,24.0,4.0,84.55019556714471,,,,,,,,,,
2018-09-20,1037.0,1964.0,240.0,26.0,5.0,34.55514828390536,,,,,,,,,,
2018-09-21,2787.0,370.0,89.0,19.0,4.0,88.28001267025657,,,,,,,,,,
2018-09-25,1003.0,2058.0,191.0,14.0,6.0,32.76706958510291,,,,,,,,,,
2018-09-26,1673.0,1207.0,376.0,23.0,5.0,58.09027777777778,,,,,,,,,,
2018-09-27,446.0,2731.0,80.0,11.0,19.0,14.038401007239534,,,,,,,,,,
2018-09-28,2602.0,503.0,155.0,15.0,4.0,83.80032206119162,,,,,,,,,,
2018-10-08,177.0,3053.0,26.0,13.0,29.0,5.479876160990712,,,,,,,,,,
2018-10-09,1892.0,1099.0,273.0,18.0,7.0,63.25643597459044,,,,,,,,,,
2018-10-10,1824.0,1165.0,278.0,25.0,10.0,61.023753763800606,,,,,,,,,,
2018-10-11,68.0,3188.0,8.0,10.0,957.0,2.0884520884520885,,,,,,,,,,
2018-10-12,1133.0,2011.0,129.0,20.0,25.0,36.036895674300254,,,,,,,,,,
2018-10-15,708.0,2425.0,138.0,17.0,14.0,22.59814873922758,,,,,,,,,,
2018-10-16,503.0,2673.0,97.0,15.0,43.0,15.837531486146094,,,,,,,,,,
2018-10-17,2399.0,760.0,122.0,25.0,24.0,75.9417537195315,,,,,,,,,,
2018-10-18,249.0,2981.0,42.0,12.0,87.0,7.708978328173374,,,,,,,,,,
2018-10-19,2933.0,290.0,49.0,30.0,13.0,91.0021718895439,,,,,,,,,,
2018-10-22,3253.0,14.0,4.0,149.0,1.0,99.57147229874502,,,,,,,,,,
2018-10-23,570.0,2619.0,80.0,43.0,11.0,17.873941674506113,,,,,,,,,,
2018-10-24,1655.0,1343.0,269.0,30.0,3.0,55.203468979319545,,,,,,,,,,
2018-10-25,938.0,2191.0,140.0,33.0,10.0,29.97762863534676,,,,,,,,,,
2018-10-26,2028.0,1054.0,185.0,42.0,5.0,65.80142764438676,,,,,,,,,,
2018-10-29,585.0,2556.0,131.0,21.0,35.0,18.624641833810887,,,,,,,,,,
2018-10-30,2572.0,580.0,123.0,51.0,5.0,81.5989847715736,,,,,,,,,,
2018-10-31,2820.0,347.0,106.0,50.0,5.0,89.04325860435743,,,,,,,,,,
2018-11-01,1794.0,1198.0,276.0,30.0,3.0,59.95989304812834,,,,,,,,,,
2018-11-02,3187.0,69.0,15.0,55.0,4.0,97.88083538083538,,,,,,,,,,
2018-11-05,1941.0,1178.0,160.0,60.0,2.0,62.23148445014428,,,,,,,,,,
2018-11-06,1112.0,1982.0,186.0,52.0,8.0,35.94053005817712,,,,,,,,,,
2018-11-07,1073.0,2010.0,198.0,35.0,1.0,34.80376256892637,,,,,,,,,,
2018-11-08,1163.0,1930.0,192.0,46.0,3.0,37.60103459424507,,,,,,,,,,
2018-11-09,1232.0,1858.0,199.0,41.0,3.0,39.8705501618123,,,,,,,,,,
2018-11-12,3176.0,98.0,18.0,75.0,1.0,97.00671960904091,,,,,,,,,,
2018-11-13,2814.0,385.0,95.0,64.0,1.0,87.96498905908096,,,,,,,,,,
2018-11-14,1271.0,1832.0,192.0,42.0,4.0,40.96036094102482,,,,,,,,,,
2018-11-15,2889.0,315.0,94.0,62.0,1.0,90.1685393258427,,,,,,,,,,
2018-11-16,2049.0,1037.0,214.0,75.0,3.0,66.39662994167207,,,,,,,,,,
2018-11-19,1683.0,1451.0,169.0,84.0,3.0,53.70134014039566,,,,,,,,,,
2018-11-20,303.0,2970.0,32.0,24.0,28.0,9.25756186984418,,,,,,,,,,
2018-11-21,2172.0,981.0,149.0,34.0,3.0,68.88677450047574,,,,,,,,,,
2018-11-22,1512.0,1567.0,229.0,38.0,4.0,49.10685287430984,,,,,,,,,,
2018-11-23,145.0,3148.0,15.0,12.0,49.0,4.40327968417856,,,,,,,,,,
2018-11-26,1405.0,1704.0,200.0,20.0,18.0,45.191379864908335,,,,,,,,,,
2018-11-27,2205.0,916.0,187.0,24.0,0.0,70.6504325536687,,,,,,,,,,
2018-11-28,2582.0,616.0,119.0,28.0,5.0,80.73796122576611,,,,,,,,,,
2018-11-29,292.0,2968.0,56.0,14.0,7.0,8.957055214723926,,,,,,,,,,
2018-11-30,2179.0,966.0,169.0,17.0,7.0,69.2845786963434,,,,,,,,,,
2018-12-03,3267.0,38.0,14.0,47.0,1.0,98.8502269288956,,,,,,,,,,
2018-12-04,2280.0,825.0,213.0,26.0,1.0,73.42995169082126,,,,,,,,,,
2018-12-05,810.0,2403.0,107.0,18.0,23.0,25.210084033613445,,,,,,,,,,
2018-12-06,417.0,2840.0,63.0,17.0,15.0,12.803193122505371,,,,,,,,,,
2018-12-07,1716.0,1365.0,240.0,15.0,9.0,55.69620253164557,,,,,,,,,,
2018-12-10,708.0,2523.0,92.0,13.0,7.0,21.91272051996286,,,,,,,,,,
2018-12-11,2376.0,729.0,217.0,29.0,2.0,76.52173913043478,,,,,,,,,,
2018-12-12,1524.0,1491.0,308.0,18.0,1.0,50.54726368159204,,,,,,,,,,
2018-12-13,2470.0,655.0,199.0,16.0,1.0,79.03999999999999,,,,,,,,,,
2018-12-14,234.0,3053.0,40.0,7.0,7.0,7.118953452996654,,,,,,,,,,
2018-12-17,1544.0,1561.0,222.0,16.0,5.0,49.72624798711755,,,,,,,,,,
2018-12-18,874.0,2272.0,183.0,11.0,3.0,27.78130959949141,,,,,,,,,,
2018-12-19,466.0,2735.0,122.0,13.0,5.0,14.557950640424869,,,,,,,,,,
2018-12-20,2049.0,996.0,288.0,13.0,8.0,67.29064039408867,,,,,,,,,,
2018-12-21,871.0,2258.0,204.0,10.0,5.0,27.8363694471077,,,,,,,,,,
2018-12-24,2438.0,679.0,213.0,20.0,5.0,78.21623355790824,,,,,,,,,,
2018-12-25,740.0,2514.0,71.0,24.0,5.0,22.74124154886293,,,,,,,,,,
2018-12-26,1244.0,1824.0,255.0,23.0,3.0,40.547588005215125,,,,,,,,,,
2018-12-27,491.0,2701.0,129.0,14.0,8.0,15.38220551378446,,,,,,,,,,
2018-12-28,1639.0,1411.0,279.0,12.0,6.0,53.73770491803279,,,,,,,,,,
2019-01-02,1404.0,1693.0,233.0,21.0,9.0,45.33419438165967,,,,,,,,,,
2019-01-03,1245.0,1829.0,259.0,26.0,14.0,40.50097592713077,,,,,,,,,,
2019-01-04,3157.0,145.0,34.0,55.0,0.0,95.60872198667474,,,,,,,,,,
2019-01-07,3002.0,262.0,67.0,60.0,0.0,91.97303921568628,,,,,,,,,,
2019-01-08,1247.0,1878.0,209.0,31.0,1.0,39.904,,,,,,,,,,
2019-01-09,1612.0,1450.0,276.0,49.0,0.0,52.64532984977139,,,,,,,,,,
2019-01-10,1177.0,1946.0,216.0,31.0,3.0,37.688120397054114,,,,,,,,,,
2019-01-11,2439.0,736.0,164.0,39.0,1.0,76.81889763779527,,,,,,,,,,
2019-01-14,942.0,2219.0,178.0,31.0,7.0,29.800695982284086,,,,,,,,,,
2019-01-15,2662.0,492.0,183.0,32.0,2.0,84.4007609384908,,,,,,,,,,
2019-01-16,1209.0,1898.0,228.0,23.0,1.0,38.912133891213394,,,,,,,,,,
2019-01-17,632.0,2582.0,122.0,23.0,2.0,19.663970130678283,,,,,,,,,,
2019-01-18,2313.0,861.0,164.0,24.0,6.0,72.87334593572778,,,,,,,,,,
2019-01-21,2023.0,1041.0,273.0,30.0,3.0,66.02480417754569,,,,,,,,,,
2019-01-22,608.0,2620.0,109.0,23.0,0.0,18.83519206939281,,,,,,,,,,
2019-01-23,1602.0,1493.0,246.0,33.0,3.0,51.76090468497577,,,,,,,,,,
2019-01-24,1946.0,1127.0,270.0,32.0,2.0,63.32574031890661,,,,,,,,,,
2019-01-25,926.0,2255.0,164.0,30.0,8.0,29.11034265954103,,,,,,,,,,
2019-01-28,1008.0,2174.0,163.0,16.0,16.0,31.6781898177247,,,,,,,,,,
2019-01-29,587.0,2674.0,84.0,15.0,30.0,18.00061330880098,,,,,,,,,,
2019-01-30,624.0,2591.0,133.0,14.0,55.0,19.409020217729395,,,,,,,,,,
2019-01-31,805.0,2436.0,110.0,9.0,82.0,24.838012958963283,,,,,,,,,,
2019-02-01,3187.0,136.0,28.0,31.0,8.0,95.90731266927476,,,,,,,,,,
2019-02-11,3254.0,71.0,25.0,53.0,3.0,97.86466165413536,,,,,,,,,,
2019-02-12,2852.0,388.0,112.0,54.0,0.0,88.02469135802468,,,,,,,,,,
2019-02-13,3041.0,232.0,80.0,48.0,0.0,92.91170180262756,,,,,,,,,,
2019-02-14,1700.0,1338.0,319.0,34.0,1.0,55.95786701777485,,,,,,,,,,
2019-02-15,1160.0,1964.0,228.0,38.0,0.0,37.13188220230474,,,,,,,,,,
2019-02-18,3331.0,18.0,6.0,79.0,0.0,99.46252612720214,,,,,,,,,,
2019-02-19,1395.0,1764.0,193.0,57.0,0.0,44.15954415954416,,,,,,,,,,
2019-02-20,1552.0,1601.0,196.0,34.0,0.0,49.22296225816682,,,,,,,,,,
2019-02-21,900.0,2310.0,143.0,49.0,0.0,28.03738317757009,,,,,,,,,,
2019-02-22,3034.0,266.0,51.0,109.0,0.0,91.93939393939394,,,,,,,,,,
2019-02-25,3336.0,13.0,1.0,229.0,0.0,99.61182442520156,,,,,,,,,,
2019-02-26,1393.0,1831.0,128.0,71.0,7.0,43.20719602977668,,,,,,,,,,
2019-02-27,1264.0,1955.0,129.0,65.0,16.0,39.26685305995651,,,,,,,,,,
2019-02-28,2107.0,1129.0,120.0,33.0,23.0,65.11124845488257,,,,,,,,,,
2019-03-01,1854.0,1331.0,173.0,40.0,0.0,58.210361067503925,,,,,,,,,,
2019-03-04,2879.0,350.0,123.0,95.0,0.0,89.16073087643234,,,,,,,,,,
2019-03-05,2969.0,329.0,57.0,138.0,0.0,90.02425712553062,,,,,,,,,,
2019-03-06,2662.0,611.0,79.0,141.0,0.0,81.33211121295447,,,,,,,,,,
2019-03-07,2308.0,963.0,83.0,160.0,0.0,70.55946193824518,,,,,,,,,,
2019-03-08,353.0,2991.0,15.0,49.0,205.0,10.55622009569378,,,,,,,,,,
2019-03-11,3216.0,129.0,13.0,194.0,5.0,96.14349775784753,,,,,,,,,,
2019-03-12,2595.0,650.0,114.0,130.0,0.0,79.96918335901387,,,,,,,,,,
2019-03-13,730.0,2584.0,43.0,54.0,31.0,22.027761013880507,,,,,,,,,,
2019-03-14,505.0,2824.0,28.0,22.0,73.0,15.169720636827876,,,,,,,,,,
2019-03-15,2696.0,583.0,76.0,68.0,6.0,82.22018908203721,,,,,,,,,,
2019-03-18,2996.0,321.0,35.0,80.0,1.0,90.32258064516128,,,,,,,,,,
2019-03-19,1586.0,1654.0,114.0,55.0,0.0,48.95061728395061,,,,,,,,,,
2019-03-20,1361.0,1862.0,134.0,58.0,0.0,42.22773813217499,,,,,,,,,,
2019-03-21,2240.0,941.0,177.0,82.0,0.0,70.41810751336058,,,,,,,,,,
2019-03-22,1661.0,1567.0,121.0,76.0,1.0,51.45600991325898,,,,,,,,,,
2019-03-25,988.0,2297.0,61.0,68.0,13.0,30.07610350076104,,,,,,,,,,
2019-03-26,465.0,2855.0,27.0,28.0,23.0,14.00602409638554,,,,,,,,,,
2019-03-27,1924.0,1318.0,105.0,72.0,3.0,59.34608266502159,,,,,,,,,,
2019-03-28,768.0,2511.0,69.0,31.0,37.0,23.42177493138152,,,,,,,,,,
2019-03-29,3087.0,249.0,18.0,61.0,3.0,92.5359712230216,,,,,,,,,,
2019-04-01,3293.0,56.0,8.0,120.0,0.0,98.32785906240667,,,,,,,,,,
2019-04-02,1668.0,1554.0,137.0,69.0,2.0,51.76908752327747,,,,,,,,,,
2019-04-03,2330.0,924.0,98.0,76.0,3.0,71.6041794714198,,,,,,,,,,
2019-04-04,1557.0,1672.0,131.0,70.0,1.0,48.2192629296996,,,,,,,,,,
2019-04-08,1204.0,2102.0,57.0,101.0,5.0,36.41863278886872,,,,,,,,,,
2019-04-09,1912.0,1355.0,93.0,56.0,3.0,58.52464034282217,,,,,,,,,,
2019-04-10,1358.0,1903.0,105.0,60.0,2.0,41.64366758662987,,,,,,,,,,
2019-04-11,599.0,2696.0,68.0,54.0,12.0,18.17905918057664,,,,,,,,,,
2019-04-12,1610.0,1634.0,123.0,45.0,20.0,49.63008631319359,,,,,,,,,,
2019-04-15,865.0,2377.0,124.0,27.0,7.0,26.68106107341147,,,,,,,,,,
2019-04-16,2918.0,390.0,60.0,62.0,4.0,88.21039903264813,,,,,,,,,,
2019-04-17,1960.0,1279.0,133.0,70.0,0.0,60.512503859215805,,,,,,,,,,
2019-04-18,964.0,2317.0,92.0,43.0,4.0,29.38128619323377,,,,,,,,,,
2019-04-19,2103.0,1142.0,128.0,43.0,2.0,64.80739599383666,,,,,,,,,,
2019-04-22,809.0,2500.0,64.0,40.0,9.0,24.448473859171955,,,,,,,,,,
2019-04-23,682.0,2631.0,60.0,30.0,35.0,20.585571989133715,,,,,,,,,,
2019-04-24,2379.0,889.0,105.0,51.0,6.0,72.796817625459,,,,,,,,,,
2019-04-25,221.0,3126.0,22.0,18.0,66.0,6.6029279952196,,,,,,,,,,
2019-04-26,935.0,2331.0,103.0,29.0,52.0,28.62829148805879,,,,,,,,,,
2019-04-29,537.0,2783.0,47.0,17.0,209.0,16.174698795180724,,,,,,,,,,
2019-04-30,2561.0,717.0,79.0,46.0,34.0,78.12690665039659,,,,,,,,,,
2019-05-06,103.0,3266.0,2.0,20.0,834.0,3.0572870287919263,,,,,,,,,,
2019-05-07,2660.0,646.0,65.0,72.0,13.0,80.45977011494253,,,,,,,,,,
2019-05-08,1401.0,1811.0,165.0,42.0,26.0,43.61768368617684,,,,,,,,,,
2019-05-09,967.0,2242.0,165.0,27.0,26.0,30.13399813025865,,,,,,,,,,
2019-05-10,3319.0,50.0,10.0,86.0,1.0,98.51588008311072,,,,,,,,,,
2019-05-13,1100.0,2190.0,82.0,40.0,6.0,33.43465045592705,,,,,,,,,,
2019-05-14,808.0,2460.0,104.0,34.0,3.0,24.72460220318237,,,,,,,,,,
2019-05-15,3203.0,140.0,34.0,76.0,0.0,95.8121447801376,,,,,,,,,,
2019-05-16,2192.0,1012.0,171.0,54.0,0.0,68.41448189762797,,,,,,,,,,
2019-05-17,241.0,3124.0,19.0,25.0,22.0,7.161961367013372,,,,,,,,,,
2019-05-20,1491.0,1806.0,85.0,29.0,48.0,45.22292993630573,,,,,,,,,,
2019-05-21,2954.0,368.0,58.0,50.0,2.0,88.92233594220349,,,,,,,,,,
2019-05-22,949.0,2330.0,103.0,22.0,2.0,28.941750533699302,,,,,,,,,,
2019-05-23,370.0,2955.0,59.0,20.0,25.0,11.12781954887218,,,,,,,,,,
2019-05-24,1196.0,1987.0,204.0,22.0,21.0,37.5746151429469,,,,,,,,,,
2019-05-27,3225.0,135.0,26.0,52.0,2.0,95.98214285714286,,,,,,,,,,
2019-05-28,1339.0,1836.0,211.0,44.0,0.0,42.173228346456696,,,,,,,,,,
2019-05-29,1762.0,1368.0,258.0,46.0,0.0,56.29392971246007,,,,,,,,,,
2019-05-30,1013.0,2268.0,106.0,39.0,12.0,30.874733313014325,,,,,,,,,,
2019-05-31,1442.0,1730.0,213.0,42.0,3.0,45.46027742749054,,,,,,,,,,
2019-06-03,764.0,2529.0,92.0,24.0,29.0,23.20072881870635,,,,,,,,,,
2019-06-04,626.0,2665.0,94.0,21.0,25.0,19.021573989668795,,,,,,,,,,
2019-06-05,1648.0,1477.0,259.0,40.0,12.0,52.736,,,,,,,,,,
2019-06-06,392.0,2921.0,73.0,12.0,34.0,11.832176275279204,,,,,,,,,,
2019-06-10,2566.0,691.0,126.0,44.0,14.0,78.78415719987719,,,,,,,,,,
2019-06-11,3336.0,40.0,6.0,77.0,2.0,98.81516587677726,,,,,,,,,,
2019-06-12,925.0,2310.0,147.0,39.0,2.0,28.5935085007728,,,,,,,,,,
2019-06-13,2125.0,1046.0,212.0,45.0,2.0,67.01356039104384,,,,,,,,,,
2019-06-14,339.0,2991.0,54.0,11.0,16.0,10.18018018018018,,,,,,,,,,
2019-06-17,1698.0,1467.0,218.0,31.0,7.0,53.64928909952607,,,,,,,,,,
2019-06-18,1386.0,1747.0,251.0,26.0,3.0,44.23874880306416,,,,,,,,,,
2019-06-19,2873.0,386.0,129.0,54.0,0.0,88.15587603559374,,,,,,,,,,
2019-06-20,2902.0,423.0,61.0,49.0,1.0,87.27819548872179,,,,,,,,,,
2019-06-21,2909.0,369.0,109.0,33.0,0.0,88.7431360585723,,,,,,,,,,
2019-06-24,1291.0,1921.0,182.0,40.0,4.0,40.19302615193026,,,,,,,,,,
2019-06-25,726.0,2590.0,80.0,24.0,9.0,21.89384800965018,,,,,,,,,,
2019-06-26,1504.0,1642.0,248.0,18.0,15.0,47.80673871582962,,,,,,,,,,
2019-06-27,2012.0,1091.0,294.0,33.0,4.0,64.84047695778278,,,,,,,,,,
2019-06-28,589.0,2727.0,89.0,17.0,3.0,17.762364294330517,,,,,,,,,,
2019-07-01,3285.0,99.0,20.0,67.0,0.0,97.07446808510636,,,,,,,,,,
2019-07-02,1444.0,1745.0,214.0,17.0,4.0,45.28065224208216,,,,,,,,,,
2019-07-03,728.0,2571.0,105.0,18.0,2.0,22.067293119127008,,,,,,,,,,
2019-07-04,1252.0,1909.0,237.0,22.0,5.0,39.60771907624169,,,,,,,,,,
2019-07-05,1899.0,1235.0,267.0,28.0,3.0,60.59349074664965,,,,,,,,,,
2019-07-08,207.0,3175.0,17.0,14.0,9.0,6.120638675340036,,,,,,,,,,
2019-07-09,1921.0,1249.0,232.0,25.0,5.0,60.59936908517351,,,,,,,,,,
2019-07-10,854.0,2417.0,131.0,18.0,4.0,26.10822378477529,,,,,,,,,,
2019-07-11,1514.0,1597.0,288.0,20.0,0.0,48.666023786563805,,,,,,,,,,
2019-07-12,1940.0,1220.0,246.0,22.0,4.0,61.39240506329114,,,,,,,,,,
2019-07-15,2423.0,816.0,169.0,21.0,5.0,74.80703920963259,,,,,,,,,,
2019-07-16,1753.0,1385.0,267.0,18.0,0.0,55.86360739324411,,,,,,,,,,
2019-07-17,1305.0,1833.0,267.0,26.0,1.0,41.58699808795412,,,,,,,,,,
2019-07-18,382.0,2969.0,53.0,12.0,2.0,11.3995822142644,,,,,,,,,,
2019-07-19,2184.0,997.0,231.0,11.0,2.0,68.65765482552656,,,,,,,,,,
2019-07-22,313.0,3059.0,37.0,7.0,36.0,9.282325029655992,,,,,,,,,,
2019-07-23,2776.0,486.0,175.0,25.0,3.0,85.10116492949112,,,,,,,,,,
2019-07-24,2858.0,431.0,147.0,22.0,0.0,86.89571298266951,,,,,,,,,,
2019-07-25,1702.0,1426.0,306.0,19.0,0.0,54.41176470588235,,,,,,,,,,
2019-07-26,1513.0,1645.0,277.0,22.0,1.0,47.910069664344526,,,,,,,,,,
2019-07-29,1322.0,1891.0,224.0,19.0,1.0,41.14534702769997,,,,,,,,,,
2019-07-30,2113.0,1051.0,271.0,22.0,1.0,66.78255372945638,,,,,,,,,,
2019-07-31,884.0,2411.0,145.0,17.0,3.0,26.82852807283763,,,,,,,,,,
2019-08-01,1077.0,2164.0,197.0,22.0,2.0,33.23048441838938,,,,,,,,,,
2019-08-02,519.0,2867.0,55.0,17.0,2.0,15.327820437093918,,,,,,,,,,
2019-08-05,633.0,2708.0,99.0,24.0,4.0,18.94642322657887,,,,,,,,,,
2019-08-06,405.0,3011.0,28.0,14.0,8.0,11.855971896955504,,,,,,,,,,
2019-08-07,1183.0,2047.0,215.0,26.0,13.0,36.62538699690403,,,,,,,,,,
2019-08-08,2223.0,974.0,244.0,19.0,8.0,69.53393806693775,,,,,,,,,,
2019-08-09,584.0,2736.0,123.0,13.0,4.0,17.59036144578313,,,,,,,,,,
2019-08-12,3015.0,355.0,74.0,26.0,1.0,89.46587537091987,,,,,,,,,,
2019-08-13,889.0,2443.0,113.0,17.0,1.0,26.680672268907564,,,,,,,,,,
2019-08-14,2236.0,913.0,297.0,24.0,2.0,71.00666878374086,,,,,,,,,,
2019-08-15,1572.0,1598.0,277.0,24.0,2.0,49.58990536277603,,,,,,,,,,
2019-08-16,1919.0,1253.0,278.0,28.0,2.0,60.49810844892812,,,,,,,,,,
2019-08-19,3300.0,127.0,22.0,71.0,2.0,96.29413481178874,,,,,,,,,,
2019-08-20,1510.0,1683.0,255.0,41.0,2.0,47.29094895082994,,,,,,,,,,
2019-08-21,1469.0,1762.0,215.0,27.0,2.0,45.46580006190034,,,,,,,,,,
2019-08-22,1849.0,1339.0,259.0,30.0,1.0,57.99874529485572,,,,,,,,,,
2019-08-23,1130.0,2118.0,200.0,28.0,1.0,34.79064039408867,,,,,,,,,,
2019-08-26,868.0,2478.0,99.0,29.0,2.0,25.94142259414226,,,,,,,,,,
2019-08-27,3075.0,314.0,58.0,40.0,0.0,90.73473000885215,,,,,,,,,,
2019-08-28,1506.0,1740.0,201.0,43.0,3.0,46.39556377079482,,,,,,,,,,
2019-08-29,1253.0,2004.0,197.0,29.0,0.0,38.47098556954253,,,,,,,,,,
2019-08-30,623.0,2750.0,81.0,23.0,11.0,18.470204565668546,,,,,,,,,,
2019-09-02,3225.0,201.0,32.0,54.0,0.0,94.13309982486864,,,,,,,,,,
2019-09-03,1982.0,1205.0,270.0,37.0,0.0,62.19014747411359,,,,,,,,,,
2019-09-04,2314.0,954.0,187.0,40.0,0.0,70.8078335373317,,,,,,,,,,
2019-09-05,2467.0,805.0,183.0,37.0,0.0,75.39731051344744,,,,,,,,,,
2019-09-06,1889.0,1310.0,256.0,27.0,2.0,59.04970303219756,,,,,,,,,,
2019-09-09,3146.0,237.0,75.0,45.0,0.0,92.99438368312148,,,,,,,,,,
2019-09-10,1635.0,1585.0,235.0,34.0,0.0,50.77639751552795,,,,,,,,,,
2019-09-11,956.0,2318.0,182.0,20.0,1.0,29.19975565058033,,,,,,,,,,
2019-09-12,2316.0,938.0,204.0,28.0,2.0,71.17393976644131,,,,,,,,,,
2019-09-16,1742.0,1489.0,229.0,23.0,1.0,53.91519653358093,,,,,,,,,,
2019-09-17,349.0,3079.0,31.0,19.0,1.0,10.180863477246207,,,,,,,,,,
2019-09-18,1601.0,1581.0,276.0,24.0,2.0,50.31426775612822,,,,,,,,,,
2019-09-19,2586.0,682.0,191.0,33.0,1.0,79.13096695226439,,,,,,,,,,
2019-09-20,1478.0,1758.0,225.0,30.0,1.0,45.673671199011125,,,,,,,,,,
2019-09-23,830.0,2541.0,86.0,24.0,3.0,24.621773954316225,,,,,,,,,,
2019-09-24,1570.0,1625.0,264.0,29.0,2.0,49.13928012519562,,,,,,,,,,
2019-09-25,506.0,2887.0,68.0,25.0,11.0,14.913056292366637,,,,,,,,,,
2019-09-26,376.0,3026.0,56.0,18.0,48.0,11.052322163433274,,,,,,,,,,
2019-09-27,2414.0,832.0,213.0,25.0,9.0,74.36845348120764,,,,,,,,,,
2019-09-30,722.0,2591.0,146.0,9.0,18.0,21.79293691518261,,,,,,,,,,
2019-10-08,1679.0,1551.0,229.0,19.0,11.0,51.98142414860681,,,,,,,,,,
2019-10-09,2623.0,685.0,149.0,26.0,6.0,79.29262394195888,,,,,,,,,,
2019-10-10,2801.0,506.0,151.0,34.0,1.0,84.69912307227094,,,,,,,,,,
2019-10-11,1673.0,1549.0,238.0,25.0,1.0,51.92427063935444,,,,,,,,,,
2019-10-14,2955.0,426.0,83.0,47.0,0.0,87.40017746228926,,,,,,,,,,
2019-10-15,827.0,2510.0,130.0,25.0,18.0,24.78273898711417,,,,,,,,,,
2019-10-16,918.0,2401.0,148.0,15.0,8.0,27.65893341367882,,,,,,,,,,
2019-10-17,1249.0,1987.0,232.0,15.0,4.0,38.59703337453647,,,,,,,,,,
2019-10-18,628.0,2754.0,83.0,16.0,5.0,18.56889414547605,,,,,,,,,,
2019-10-21,1338.0,1943.0,182.0,11.0,15.0,40.78024992380372,,,,,,,,,,
2019-10-22,2666.0,635.0,161.0,24.0,4.0,80.76340502877916,,,,,,,,,,
2019-10-23,896.0,2424.0,148.0,20.0,2.0,26.98795180722892,,,,,,,,,,
2019-10-24,1530.0,1704.0,238.0,18.0,9.0,47.30983302411874,,,,,,,,,,
2019-10-25,2275.0,972.0,224.0,19.0,7.0,70.06467508469356,,,,,,,,,,
2019-10-28,2849.0,511.0,116.0,78.0,6.0,84.79166666666667,,,,,,,,,,
2019-10-29,578.0,2816.0,84.0,25.0,15.0,17.03005303476724,,,,,,,,,,
2019-10-30,806.0,2577.0,93.0,16.0,25.0,23.82500738989063,,,,,,,,,,
2019-10-31,834.0,2520.0,124.0,12.0,26.0,24.86583184257603,,,,,,,,,,
2019-11-01,2641.0,690.0,147.0,19.0,4.0,79.28549984989492,,,,,,,,,,
2019-11-04,1657.0,1597.0,227.0,22.0,3.0,50.921942224953895,,,,,,,,,,
2019-11-05,1655.0,1569.0,259.0,8.0,6.0,51.33374689826302,,,,,,,,,,
2019-11-06,812.0,2554.0,118.0,14.0,5.0,24.12358882947118,,,,,,,,,,
2019-11-07,2177.0,1038.0,281.0,15.0,1.0,67.71384136858475,,,,,,,,,,
2019-11-08,1190.0,2065.0,241.0,18.0,3.0,36.55913978494624,,,,,,,,,,
2019-11-11,312.0,3165.0,24.0,11.0,10.0,8.973252804141502,,,,,,,,,,
2019-11-12,1920.0,1350.0,232.0,21.0,2.0,58.71559633027523,,,,,,,,,,
2019-11-13,1070.0,2259.0,169.0,21.0,7.0,32.1417843196155,,,,,,,,,,
2019-11-14,2060.0,1131.0,307.0,24.0,1.0,64.5565653400188,,,,,,,,,,
2019-11-15,612.0,2798.0,92.0,12.0,14.0,17.947214076246336,,,,,,,,,,
2019-11-18,2374.0,913.0,216.0,18.0,4.0,72.22391238211134,,,,,,,,,,
2019-11-19,3188.0,240.0,78.0,30.0,0.0,92.99883313885648,,,,,,,,,,
2019-11-20,811.0,2545.0,152.0,20.0,1.0,24.165673420738976,,,,,,,,,,
2019-11-21,1469.0,1781.0,255.0,13.0,1.0,45.2,,,,,,,,,,
2019-11-22,895.0,2391.0,225.0,12.0,7.0,27.236762020693856,,,,,,,,,,
2019-11-25,1673.0,1711.0,126.0,26.0,19.0,49.43853427895981,,,,,,,,,,
2019-11-26,1342.0,1927.0,242.0,12.0,6.0,41.05230957479352,,,,,,,,,,
2019-11-27,1341.0,1932.0,238.0,15.0,5.0,40.971585701191565,,,,,,,,,,
2019-11-28,1114.0,2159.0,235.0,17.0,5.0,34.03605255117629,,,,,,,,,,
2019-11-29,1781.0,1431.0,294.0,13.0,4.0,55.44831880448319,,,,,,,,,,
2019-12-02,1642.0,1607.0,256.0,14.0,2.0,50.5386272699292,,,,,,,,,,
2019-12-03,2269.0,1006.0,235.0,17.0,2.0,69.2824427480916,,,,,,,,,,
2019-12-04,1614.0,1597.0,297.0,19.0,2.0,50.26471504204297,,,,,,,,,,
2019-12-05,2797.0,518.0,198.0,26.0,2.0,84.37405731523378,,,,,,,,,,
2019-12-06,2185.0,1004.0,326.0,26.0,2.0,68.51677641894011,,,,,,,,,,
2019-12-09,1720.0,1514.0,283.0,16.0,4.0,53.18491032776747,,,,,,,,,,
2019-12-10,1809.0,1375.0,332.0,30.0,1.0,56.81532663316583,,,,,,,,,,
2019-12-11,1167.0,2115.0,236.0,22.0,4.0,35.55758683729433,,,,,,,,,,
2019-12-12,1134.0,2196.0,194.0,24.0,2.0,34.054054054054056,,,,,,,,,,
2019-12-13,2902.0,497.0,126.0,22.0,3.0,85.37805236834363,,,,,,,,,,
2019-12-16,3070.0,358.0,100.0,33.0,0.0,89.5565927654609,,,,,,,,,,
2019-12-17,2903.0,539.0,90.0,33.0,0.0,84.34049970947125,,,,,,,,,,
2019-12-18,1478.0,1791.0,264.0,32.0,0.0,45.21260324258183,,,,,,,,,,
2019-12-19,2387.0,964.0,176.0,30.0,3.0,71.23246792002388,,,,,,,,,,
2019-12-20,812.0,2587.0,130.0,30.0,3.0,23.889379229185053,,,,,,,,,,
2019-12-23,422.0,3062.0,50.0,13.0,17.0,12.11251435132032,,,,,,,,,,
2019-12-24,3117.0,341.0,81.0,28.0,3.0,90.1388085598612,,,,,,,,,,
2019-12-25,1590.0,1712.0,236.0,22.0,0.0,48.15263476680799,,,,,,,,,,
2019-12-26,2479.0,880.0,178.0,34.0,0.0,73.8017267043763,,,,,,,,,,
2019-12-27,951.0,2382.0,204.0,30.0,1.0,28.53285328532853,,,,,,,,,,
2019-12-30,2193.0,1182.0,166.0,39.0,5.0,64.97777777777777,,,,,,,,,,
2019-12-31,2144.0,1188.0,211.0,35.0,2.0,64.34573829531813,,,,,,,,,,
2020-01-02,3205.0,260.0,76.0,57.0,0.0,92.4963924963925,,,,,,,,,,
2020-01-03,1908.0,1391.0,244.0,43.0,3.0,57.83570779023947,,,,,,,,,,
2020-01-06,1945.0,1378.0,221.0,60.0,2.0,58.53144748721035,,,,,,,,,,
2020-01-07,2816.0,630.0,102.0,53.0,1.0,81.71793383633198,,,,,,,,,,
2020-01-08,685.0,2815.0,45.0,33.0,5.0,19.57142857142857,,,,,,,,,,
2020-01-09,3037.0,418.0,93.0,37.0,1.0,87.9015918958032,,,,,,,,,,
2020-01-10,1235.0,2154.0,152.0,27.0,6.0,36.44142814989672,,,,,,,,,,
2020-01-13,2542.0,786.0,216.0,54.0,3.0,76.38221153846155,,,,,,,,,,
2020-01-14,1421.0,1907.0,218.0,33.0,3.0,42.69831730769231,,,,,,,,,,
2020-01-15,1067.0,2378.0,100.0,27.0,5.0,30.97242380261248,,,,,,,,,,
2020-01-16,1035.0,2387.0,127.0,24.0,2.0,30.24547048509644,,,,,,,,,,
2020-01-17,1168.0,2173.0,217.0,26.0,7.0,34.95959293624663,,,,,,,,,,
2020-01-20,2386.0,1004.0,167.0,56.0,6.0,70.3834808259587,,,,,,,,,,
2020-01-21,759.0,2747.0,56.0,42.0,15.0,21.648602395892755,,,,,,,,,,
2020-01-22,1625.0,1736.0,205.0,29.0,15.0,48.34870574233859,,,,,,,,,,
2020-01-23,284.0,3256.0,24.0,20.0,43.0,8.022598870056497,,,,,,,,,,
2020-02-03,159.0,3405.0,2.0,59.0,2329.0,4.461279461279461,,,,,,,,,,
2020-02-04,1453.0,2072.0,43.0,123.0,23.0,41.219858156028366,,,,,,,,,,
2020-02-05,3184.0,317.0,68.0,116.0,0.0,90.94544415881175,,,,,,,,,,
2020-02-06,3233.0,254.0,85.0,172.0,0.0,92.71580154860912,,,,,,,,,,
2020-02-07,2135.0,1267.0,166.0,107.0,6.0,62.757201646090536,,,,,,,,,,
2020-02-10,2697.0,809.0,66.0,122.0,24.0,76.92527096406161,,,,,,,,,,
2020-02-11,1269.0,2134.0,166.0,43.0,29.0,37.29062591830738,,,,,,,,,,
2020-02-12,2968.0,455.0,154.0,69.0,0.0,86.70756646216769,,,,,,,,,,
2020-02-13,798.0,2709.0,69.0,39.0,1.0,22.75449101796407,,,,,,,,,,
2020-02-14,1592.0,1752.0,237.0,38.0,1.0,47.60765550239234,,,,,,,,,,
2020-02-17,3475.0,88.0,20.0,96.0,1.0,97.53017120404154,,,,,,,,,,
2020-02-18,2630.0,807.0,145.0,79.0,0.0,76.52022112307245,,,,,,,,,,
2020-02-19,1161.0,2285.0,139.0,68.0,9.0,33.6912362159025,,,,,,,,,,
2020-02-20,3015.0,509.0,61.0,75.0,0.0,85.55618615209988,,,,,,,,,,
2020-02-21,2158.0,1213.0,213.0,69.0,0.0,64.01661228122218,,,,,,,,,,
2020-02-24,2030.0,1446.0,113.0,121.0,2.0,58.40046029919448,,,,,,,,,,
2020-02-25,1095.0,2455.0,42.0,108.0,0.0,30.84507042253521,,,,,,,,,,
2020-02-26,1266.0,2228.0,96.0,66.0,60.0,36.23354321694333,,,,,,,,,,
2020-02-27,1754.0,1644.0,191.0,62.0,23.0,51.61859917598587,,,,,,,,,,
2020-02-28,218.0,3364.0,10.0,37.0,213.0,6.085985482970408,,,,,,,,,,
2020-03-02,3459.0,123.0,10.0,168.0,0.0,96.56616415410384,,,,,,,,,,
2020-03-03,2509.0,923.0,164.0,81.0,0.0,73.10606060606061,,,,,,,,,,
2020-03-04,2364.0,1115.0,113.0,64.0,2.0,67.9505605058925,,,,,,,,,,
2020-03-05,2847.0,652.0,94.0,118.0,1.0,81.36610460131466,,,,,,,,,,
2020-03-06,1399.0,2067.0,127.0,80.0,2.0,40.36353144835545,,,,,,,,,,
2020-03-09,501.0,3065.0,27.0,60.0,68.0,14.049355019629836,,,,,,,,,,
2020-03-10,2976.0,558.0,56.0,85.0,20.0,84.21052631578947,,,,,,,,,,
2020-03-11,961.0,2526.0,104.0,54.0,8.0,27.559506739317463,,,,,,,,,,
2020-03-12,534.0,3020.0,36.0,35.0,14.0,15.02532357906584,,,,,,,,,,
2020-03-13,807.0,2733.0,51.0,50.0,21.0,22.79661016949152,,,,,,,,,,
2020-03-16,312.0,3252.0,30.0,31.0,131.0,8.754208754208754,,,,,,,,,,
2020-03-17,1427.0,2024.0,138.0,45.0,17.0,41.350333236742976,,,,,,,,,,
2020-03-18,632.0,2891.0,72.0,34.0,7.0,17.93925631564008,,,,,,,,,,
2020-03-19,2160.0,1303.0,131.0,52.0,15.0,62.373664452786606,,,,,,,,,,
2020-03-20,2816.0,688.0,96.0,67.0,7.0,80.36529680365297,,,,,,,,,,
2020-03-23,312.0,3266.0,17.0,29.0,112.0,8.719955282280603,,,,,,,,,,
2020-03-24,3094.0,462.0,45.0,54.0,11.0,87.00787401574803,,,,,,,,,,
2020-03-25,3291.0,259.0,51.0,75.0,2.0,92.70422535211269,,,,,,,,,,
2020-03-26,941.0,2570.0,89.0,29.0,10.0,26.8014810595272,,,,,,,,,,
2020-03-27,1376.0,2032.0,191.0,30.0,11.0,40.375586854460096,,,,,,,,,,
2020-03-30,673.0,2883.0,55.0,30.0,24.0,18.925759280089988,,,,,,,,,,
2020-03-31,1437.0,1976.0,194.0,54.0,6.0,42.1037210665104,,,,,,,,,,
2020-04-01,1213.0,2217.0,179.0,21.0,15.0,35.36443148688046,,,,,,,,,,
2020-04-02,3156.0,396.0,56.0,55.0,4.0,88.85135135135135,,,,,,,,,,
2020-04-03,1090.0,2413.0,104.0,48.0,3.0,31.116186126177563,,,,,,,,,,
2020-04-07,3505.0,75.0,26.0,93.0,0.0,97.90502793296088,,,,,,,,,,
2020-04-08,2032.0,1397.0,181.0,51.0,3.0,59.25925925925925,,,,,,,,,,
2020-04-09,2147.0,1166.0,294.0,54.0,5.0,64.80531240567461,,,,,,,,,,
2020-04-10,495.0,3070.0,49.0,23.0,12.0,13.88499298737728,,,,,,,,,,
2020-04-13,1131.0,2369.0,110.0,37.0,17.0,32.31428571428571,,,,,,,,,,
2020-04-14,3160.0,377.0,80.0,54.0,0.0,89.34124964659316,,,,,,,,,,
2020-04-15,978.0,2528.0,105.0,32.0,2.0,27.89503707929264,,,,,,,,,,
2020-04-16,1868.0,1519.0,233.0,46.0,1.0,55.15205196338943,,,,,,,,,,
2020-04-17,1506.0,1904.0,209.0,31.0,2.0,44.16422287390029,,,,,,,,,,
2020-04-20,2494.0,910.0,217.0,60.0,1.0,73.26674500587545,,,,,,,,,,
2020-04-21,1085.0,2439.0,93.0,41.0,0.0,30.788876276958003,,,,,,,,,,
2020-04-22,2366.0,1035.0,222.0,72.0,4.0,69.56777418406351,,,,,,,,,,
2020-04-23,1262.0,2214.0,151.0,52.0,5.0,36.30609896432681,,,,,,,,,,
2020-04-24,675.0,2866.0,83.0,24.0,42.0,19.06241174809376,,,,,,,,,,
2020-04-27,1296.0,2200.0,130.0,36.0,41.0,37.07093821510298,,,,,,,,,,
2020-04-28,814.0,2760.0,45.0,24.0,35.0,22.775601566871853,,,,,,,,,,
2020-04-29,1655.0,1781.0,178.0,38.0,19.0,48.16647264260768,,,,,,,,,,
2020-04-30,3021.0,523.0,63.0,63.0,9.0,85.24266365688487,,,,,,,,,,
2020-05-06,2927.0,577.0,120.0,69.0,7.0,83.53310502283105,,,,,,,,,,
2020-05-07,1196.0,2279.0,145.0,43.0,7.0,34.41726618705036,,,,,,,,,,
2020-05-08,2723.0,724.0,178.0,47.0,2.0,78.99622860458369,,,,,,,,,,
2020-05-11,1458.0,1997.0,171.0,36.0,2.0,42.19971056439943,,,,,,,,,,
2020-05-12,1303.0,2180.0,140.0,37.0,3.0,37.41027849554982,,,,,,,,,,
2020-05-13,1888.0,1447.0,290.0,49.0,1.0,56.61169415292354,,,,,,,,,,
2020-05-14,836.0,2686.0,99.0,31.0,0.0,23.736513344690515,,,,,,,,,,
2020-05-15,1697.0,1656.0,271.0,41.0,5.0,50.61139278258276,,,,,,,,,,
2020-05-18,1439.0,2020.0,162.0,44.0,16.0,41.6016189650188,,,,,,,,,,
2020-05-19,2502.0,889.0,229.0,53.0,2.0,73.78354467708641,,,,,,,,,,
2020-05-20,983.0,2529.0,109.0,45.0,8.0,27.98974943052392,,,,,,,,,,
2020-05-21,1014.0,2463.0,144.0,34.0,7.0,29.16307161345988,,,,,,,,,,
2020-05-22,659.0,2872.0,93.0,30.0,13.0,18.66326819597848,,,,,,,,,,
2020-05-25,1612.0,1848.0,167.0,29.0,18.0,46.58959537572255,,,,,,,,,,
2020-05-26,3196.0,310.0,121.0,64.0,2.0,91.15801483171704,,,,,,,,,,
2020-05-27,1334.0,2124.0,166.0,50.0,2.0,38.57721226142279,,,,,,,,,,
2020-05-28,1304.0,2159.0,159.0,32.0,9.0,37.65521224371932,,,,,,,,,,
2020-05-29,2056.0,1335.0,232.0,48.0,4.0,60.63108227661457,,,,,,,,,,
2020-06-01,3435.0,147.0,37.0,94.0,2.0,95.89614740368508,,,,,,,,,,
2020-06-02,2176.0,1236.0,210.0,60.0,11.0,63.77491207502931,,,,,,,,,,
2020-06-03,1331.0,2136.0,160.0,57.0,4.0,38.3905393712143,,,,,,,,,,
2020-06-04,1839.0,1578.0,212.0,54.0,3.0,53.81913959613696,,,,,,,,,,
2020-06-05,1545.0,1873.0,208.0,40.0,21.0,45.20187244002341,,,,,,,,,,
2020-06-08,1478.0,1945.0,205.0,34.0,19.0,43.17849839322232,,,,,,,,,,
2020-06-09,2002.0,1378.0,253.0,38.0,7.0,59.23076923076923,,,,,,,,,,
2020-06-10,1301.0,2220.0,111.0,28.0,2.0,36.94973019028685,,,,,,,,,,
2020-06-11,1128.0,2354.0,154.0,38.0,3.0,32.39517518667432,,,,,,,,,,
2020-06-12,1405.0,2036.0,192.0,41.0,4.0,40.83115373437954,,,,,,,,,,
2020-06-15,1326.0,2171.0,144.0,51.0,5.0,37.9182156133829,,,,,,,,,,
2020-06-16,3106.0,447.0,89.0,43.0,1.0,87.4190824655221,,,,,,,,,,
2020-06-17,1761.0,1650.0,233.0,41.0,2.0,51.627088830255055,,,,,,,,,,
2020-06-18,1595.0,1849.0,200.0,33.0,10.0,46.31242740998839,,,,,,,,,,
2020-06-19,1944.0,1432.0,268.0,47.0,2.0,57.58293838862559,,,,,,,,,,
2020-06-22,1663.0,1800.0,184.0,32.0,5.0,48.0219462893445,,,,,,,,,,
2020-06-23,1257.0,2268.0,127.0,32.0,3.0,35.65957446808511,,,,,,,,,,
2020-06-24,1321.0,2165.0,166.0,18.0,6.0,37.89443488238669,,,,,,,,,,
2020-06-29,1208.0,2347.0,94.0,28.0,10.0,33.9803094233474,,,,,,,,,,
2020-06-30,2976.0,504.0,166.0,56.0,3.0,85.51724137931035,,,,,,,,,,
2020-07-01,1983.0,1469.0,200.0,51.0,6.0,57.44495944380069,,,,,,,,,,
2020-07-02,2824.0,760.0,71.0,64.0,4.0,78.79464285714286,,,,,,,,,,
2020-07-03,2638.0,929.0,90.0,71.0,1.0,73.95570507429213,,,,,,,,,,
2020-07-06,3452.0,190.0,17.0,181.0,0.0,94.78308621636464,,,,,,,,,,
2020-07-07,2103.0,1420.0,135.0,92.0,2.0,59.69344308827703,,,,,,,,,,
2020-07-08,3069.0,519.0,70.0,125.0,0.0,85.5351170568562,,,,,,,,,,
2020-07-09,3250.0,360.0,53.0,140.0,0.0,90.02770083102493,,,,,,,,,,
2020-07-10,1124.0,2487.0,53.0,89.0,2.0,31.12711160343396,,,,,,,,,,
2020-07-13,3416.0,225.0,26.0,172.0,2.0,93.82037901675363,,,,,,,,,,
2020-07-14,1296.0,2301.0,74.0,82.0,17.0,36.03002502085071,,,,,,,,,,
2020-07-15,682.0,2950.0,36.0,61.0,62.0,18.777533039647576,,,,,,,,,,
2020-07-16,215.0,3435.0,20.0,18.0,189.0,5.89041095890411,,,,,,,,,,
2020-07-17,1784.0,1753.0,134.0,45.0,27.0,50.43822448402601,,,,,,,,,,
2020-07-20,3364.0,298.0,8.0,137.0,3.0,91.86237028945932,,,,,,,,,,
2020-07-21,1813.0,1748.0,116.0,62.0,7.0,50.9126649817467,,,,,,,,,,
2020-07-22,1670.0,1828.0,179.0,52.0,1.0,47.74156660949114,,,,,,,,,,
2020-07-23,1218.0,2390.0,76.0,45.0,1.0,33.75831485587583,,,,,,,,,,
2020-07-24,263.0,3412.0,12.0,23.0,72.0,7.156462585034014,,,,,,,,,,
2020-07-27,1675.0,1911.0,133.0,51.0,16.0,46.70942554378137,,,,,,,,,,
2020-07-28,2670.0,904.0,143.0,46.0,5.0,74.70621152770005,,,,,,,,,,
2020-07-29,3443.0,223.0,53.0,78.0,0.0,93.91707583196946,,,,,,,,,,
2020-07-30,1371.0,2228.0,118.0,74.0,1.0,38.09391497638232,,,,,,,,,,
2020-07-31,2568.0,944.0,206.0,84.0,0.0,73.12072892938497,,,,,,,,,,
2020-08-03,3430.0,271.0,29.0,172.0,0.0,92.6776546879222,,,,,,,,,,
2020-08-04,1215.0,2421.0,93.0,70.0,18.0,33.415841584158414,,,,,,,,,,
2020-08-05,2292.0,1306.0,130.0,97.0,0.0,63.70205669816564,,,,,,,,,,
2020-08-06,1330.0,2280.0,119.0,77.0,5.0,36.84210526315789,,,,,,,,,,
2020-08-07,846.0,2830.0,54.0,58.0,7.0,23.014145810663763,,,,,,,,,,
2020-08-10,2487.0,1166.0,84.0,87.0,14.0,68.0810292909937,,,,,,,,,,
2020-08-11,637.0,3058.0,41.0,35.0,18.0,17.239512855209743,,,,,,,,,,
2020-08-12,1303.0,2300.0,134.0,39.0,23.0,36.164307521509855,,,,,,,,,,
2020-08-13,2167.0,1410.0,165.0,56.0,9.0,60.58149287112106,,,,,,,,,,
2020-08-14,2536.0,1036.0,171.0,38.0,19.0,70.996640537514,,,,,,,,,,
2020-08-17,3235.0,413.0,94.0,76.0,3.0,88.67872807017544,,,,,,,,,,
2020-08-18,2051.0,1513.0,184.0,68.0,1.0,57.54769921436588,,,,,,,,,,
2020-08-19,808.0,2876.0,64.0,52.0,14.0,21.932681867535287,,,,,,,,,,
2020-08-20,984.0,2665.0,102.0,27.0,18.0,26.96629213483146,,,,,,,,,,
2020-08-21,2273.0,1279.0,203.0,37.0,6.0,63.99211711711712,,,,,,,,,,
2020-08-24,2124.0,1497.0,135.0,48.0,13.0,58.657829328914666,,,,,,,,,,
2020-08-25,1522.0,2149.0,105.0,37.0,10.0,41.460092617815306,,,,,,,,,,
2020-08-26,679.0,3064.0,34.0,27.0,21.0,18.140528987443226,,,,,,,,,,
2020-08-27,2679.0,965.0,136.0,40.0,8.0,73.51811196487377,,,,,,,,,,
2020-08-28,2626.0,1038.0,114.0,44.0,7.0,71.67030567685589,,,,,,,,,,
2020-08-31,1602.0,2029.0,151.0,50.0,6.0,44.12007711374277,,,,,,,,,,
2020-09-01,2034.0,1577.0,171.0,35.0,6.0,56.32788701190806,,,,,,,,,,
2020-09-02,1819.0,1827.0,144.0,38.0,4.0,49.89029072956665,,,,,,,,,,
2020-09-03,1028.0,2630.0,133.0,29.0,6.0,28.10278840896665,,,,,,,,,,
2020-09-04,1746.0,1907.0,139.0,29.0,11.0,47.79633178209691,,,,,,,,,,
2020-09-07,934.0,2757.0,99.0,32.0,16.0,25.30479544838797,,,,,,,,,,
2020-09-08,2480.0,1247.0,65.0,47.0,15.0,66.5414542527502,,,,,,,,,,
2020-09-09,647.0,3059.0,83.0,34.0,24.0,17.458175930922827,,,,,,,,,,
2020-09-10,470.0,3290.0,32.0,18.0,77.0,12.5,,,,,,,,,,
2020-09-11,2846.0,798.0,153.0,38.0,8.0,78.10098792535675,,,,,,,,,,
2020-09-14,2537.0,1072.0,186.0,54.0,7.0,70.29648101967304,,,,,,,,,,
2020-09-15,1777.0,1824.0,197.0,33.0,4.0,49.34740349902805,,,,,,,,,,
2020-09-16,1051.0,2585.0,168.0,26.0,4.0,28.905390539053904,,,,,,,,,,
2020-09-17,1926.0,1700.0,181.0,32.0,4.0,53.116381687810254,,,,,,,,,,
2020-09-18,3001.0,732.0,84.0,45.0,1.0,80.39110634878114,,,,,,,,,,
2020-09-21,1338.0,2307.0,170.0,26.0,6.0,36.70781893004115,,,,,,,,,,
2020-09-22,571.0,3197.0,57.0,23.0,7.0,15.15392781316348,,,,,,,,,,
2020-09-23,2253.0,1325.0,245.0,44.0,2.0,62.96813862493013,,,,,,,,,,
2020-09-24,300.0,3503.0,23.0,21.0,9.0,7.888509071785432,,,,,,,,,,
2020-09-25,1291.0,2354.0,183.0,26.0,24.0,35.41838134430727,,,,,,,,,,
2020-09-28,794.0,2907.0,130.0,16.0,34.0,21.45366117265604,,,,,,,,,,
2020-09-29,2533.0,1093.0,216.0,32.0,13.0,69.85659128516272,,,,,,,,,,
2020-09-30,1377.0,2278.0,188.0,20.0,5.0,37.67441860465116,,,,,,,,,,
2020-10-09,3622.0,190.0,36.0,88.0,2.0,95.01573976915006,,,,,,,,,,
2020-10-12,3671.0,146.0,28.0,78.0,2.0,96.17500654964633,,,,,,,,,,
2020-10-13,1664.0,2025.0,162.0,39.0,0.0,45.10707508809976,,,,,,,,,,
2020-10-14,1090.0,2652.0,109.0,37.0,6.0,29.128808123997864,,,,,,,,,,
2020-10-15,1088.0,2605.0,157.0,26.0,14.0,29.461142702409965,,,,,,,,,,
2020-10-16,1801.0,1850.0,197.0,24.0,7.0,49.32895097233634,,,,,,,,,,
2020-10-19,1186.0,2482.0,183.0,21.0,6.0,32.33369683751363,,,,,,,,,,
2020-10-20,2667.0,971.0,217.0,34.0,0.0,73.30951072017592,,,,,,,,,,
2020-10-21,823.0,2939.0,93.0,19.0,8.0,21.87666135034556,,,,,,,,,,
2020-10-22,1352.0,2303.0,205.0,19.0,6.0,36.99042407660739,,,,,,,,,,
2020-10-23,743.0,2984.0,134.0,19.0,8.0,19.935605044271533,,,,,,,,,,
2020-10-26,1756.0,1928.0,174.0,23.0,8.0,47.66558089033659,,,,,,,,,,
2020-10-27,1716.0,1971.0,175.0,21.0,5.0,46.54190398698129,,,,,,,,,,
2020-10-28,1764.0,1918.0,180.0,28.0,10.0,47.90874524714829,,,,,,,,,,
2020-10-29,1432.0,2272.0,158.0,26.0,8.0,38.66090712742981,,,,,,,,,,
2020-10-30,520.0,3293.0,55.0,8.0,21.0,13.637555730396016,,,,,,,,,,
2020-11-02,1809.0,1946.0,111.0,36.0,19.0,48.17576564580559,,,,,,,,,,
2020-11-03,3229.0,562.0,79.0,45.0,0.0,85.17541545766288,,,,,,,,,,
2020-11-04,1335.0,2347.0,187.0,28.0,3.0,36.25746876697447,,,,,,,,,,
2020-11-05,3296.0,487.0,86.0,49.0,1.0,87.12661908538198,,,,,,,,,,
2020-11-06,1035.0,2688.0,148.0,19.0,2.0,27.800161160354552,,,,,,,,,,
2020-11-09,3401.0,400.0,76.0,63.0,2.0,89.47645356485135,,,,,,,,,,
2020-11-10,1039.0,2743.0,99.0,26.0,11.0,27.47223691168693,,,,,,,,,,
2020-11-11,1090.0,2686.0,105.0,30.0,8.0,28.866525423728813,,,,,,,,,,
2020-11-12,1770.0,1937.0,178.0,41.0,3.0,47.74750472079849,,,,,,,,,,
2020-11-13,1756.0,1952.0,174.0,26.0,16.0,47.357065803667744,,,,,,,,,,
2020-11-16,2610.0,1185.0,89.0,52.0,1.0,68.77470355731225,,,,,,,,,,
2020-11-17,1231.0,2517.0,138.0,26.0,9.0,32.84418356456777,,,,,,,,,,
2020-11-18,2239.0,1454.0,197.0,32.0,5.0,60.62821554291904,,,,,,,,,,
2020-11-19,1982.0,1693.0,214.0,35.0,6.0,53.93197278911565,,,,,,,,,,
2020-11-20,2097.0,1569.0,224.0,44.0,5.0,57.20130932896891,,,,,,,,,,
2020-11-23,1951.0,1764.0,174.0,43.0,3.0,52.51682368775236,,,,,,,,,,
2020-11-24,1496.0,2215.0,182.0,35.0,4.0,40.31258420910805,,,,,,,,,,
2020-11-25,735.0,3066.0,89.0,32.0,17.0,19.33701657458564,,,,,,,,,,
2020-11-26,1404.0,2315.0,177.0,25.0,14.0,37.75208389351976,,,,,,,,,,
2020-11-27,1784.0,1924.0,189.0,29.0,8.0,48.11218985976268,,,,,,,,,,
2020-11-30,1483.0,2219.0,193.0,27.0,12.0,40.05942733657483,,,,,,,,,,
2020-12-01,3137.0,588.0,171.0,42.0,5.0,84.21476510067114,,,,,,,,,,
2020-12-02,1872.0,1825.0,196.0,47.0,6.0,50.635650527454686,,,,,,,,,,
2020-12-03,1555.0,2187.0,155.0,40.0,11.0,41.555318011758416,,,,,,,,,,
2020-12-04,1848.0,1873.0,178.0,36.0,14.0,49.664068798710026,,,,,,,,,,
2020-12-07,1205.0,2595.0,100.0,32.0,9.0,31.71052631578948,,,,,,,,,,
2020-12-08,1371.0,2353.0,182.0,32.0,14.0,36.81525241675618,,,,,,,,,,
2020-12-09,534.0,3313.0,62.0,34.0,15.0,13.880946191837795,,,,,,,,,,
2020-12-10,1725.0,1981.0,201.0,30.0,20.0,46.54614139233676,,,,,,,,,,
2020-12-11,713.0,3133.0,61.0,20.0,23.0,18.538741549661985,,,,,,,,,,
2020-12-14,2432.0,1316.0,164.0,47.0,23.0,64.88794023479188,,,,,,,,,,
2020-12-15,1684.0,2061.0,167.0,34.0,13.0,44.96662216288384,,,,,,,,,,
2020-12-16,968.0,2827.0,122.0,30.0,21.0,25.5072463768116,,,,,,,,,,
2020-12-17,2706.0,1078.0,135.0,50.0,10.0,71.51162790697676,,,,,,,,,,
2020-12-18,1314.0,2470.0,137.0,40.0,7.0,34.72515856236787,,,,,,,,,,
2020-12-21,2553.0,1158.0,212.0,57.0,9.0,68.79547291835085,,,,,,,,,,
2020-12-22,583.0,3287.0,51.0,36.0,13.0,15.064599483204134,,,,,,,,,,
2020-12-23,1978.0,1737.0,213.0,52.0,10.0,53.2436069986541,,,,,,,,,,
2020-12-24,762.0,3103.0,63.0,36.0,39.0,19.715394566623544,,,,,,,,,,
2020-12-25,2533.0,1217.0,181.0,71.0,16.0,67.54666666666667,,,,,,,,,,
2020-12-28,1028.0,2823.0,86.0,65.0,16.0,26.694365099974032,,,,,,,,,,
2020-12-29,1966.0,1814.0,165.0,64.0,57.0,52.010582010582006,,,,,,,,,,
2020-12-30,1940.0,1759.0,246.0,71.0,5.0,52.44660719113274,,,,,,,,,,
2020-12-31,3013.0,749.0,185.0,61.0,6.0,80.09037745879851,,,,,,,,,,
2021-01-04,2727.0,1072.0,153.0,116.0,9.0,71.78204790734404,,,,,,,,,,
2021-01-05,1580.0,2256.0,118.0,83.0,17.0,41.18873826903024,,,,,,,,,,
2021-01-06,1021.0,2846.0,86.0,50.0,15.0,26.40289630204293,,,,,,,,,,
2021-01-07,746.0,3161.0,49.0,42.0,27.0,19.09393396467878,,,,,,,,,,
2021-01-08,1912.0,1906.0,143.0,54.0,20.0,50.0785751702462,,,,,,,,,,
2021-01-11,739.0,3175.0,45.0,42.0,54.0,18.880940214614206,,,,,,,,,,
2021-01-12,2407.0,1311.0,242.0,68.0,10.0,64.73910704679935,,,,,,,,,,
2021-01-13,1038.0,2861.0,63.0,44.0,19.0,26.62221082328802,,,,,,,,,,
2021-01-14,2384.0,1437.0,141.0,67.0,42.0,62.39204396754776,,,,,,,,,,
2021-01-15,2812.0,1024.0,124.0,74.0,12.0,73.30552659019813,,,,,,,,,,
2021-01-18,2842.0,900.0,219.0,94.0,6.0,75.94869053981827,,,,,,,,,,
2021-01-19,2206.0,1618.0,141.0,71.0,4.0,57.688284518828446,,,,,,,,,,
2021-01-20,1736.0,2082.0,146.0,77.0,2.0,45.46883184913567,,,,,,,,,,
2021-01-21,2129.0,1625.0,212.0,80.0,2.0,56.71283963771977,,,,,,,,,,
2021-01-22,1104.0,2800.0,66.0,56.0,18.0,28.27868852459016,,,,,,,,,,
2021-01-25,951.0,2970.0,52.0,55.0,24.0,24.2540168324407,,,,,,,,,,
2021-01-26,1387.0,2396.0,191.0,54.0,35.0,36.66402326196141,,,,,,,,,,
2021-01-27,1894.0,1907.0,175.0,66.0,13.0,49.82899237042883,,,,,,,,,,
2021-01-28,970.0,2876.0,135.0,41.0,36.0,25.22100884035361,,,,,,,,,,
2021-01-29,1030.0,2867.0,88.0,34.0,50.0,26.430587631511425,,,,,,,,,,
2021-02-01,2274.0,1592.0,122.0,86.0,49.0,58.82048629073978,,,,,,,,,,
2021-02-02,1926.0,1889.0,175.0,71.0,21.0,50.48492791612058,,,,,,,,,,
2021-02-03,880.0,3013.0,97.0,47.0,25.0,22.604675057796044,,,,,,,,,,
2021-02-04,829.0,3103.0,59.0,45.0,34.0,21.08341810783316,,,,,,,,,,
2021-02-05,1179.0,2677.0,135.0,49.0,64.0,30.57572614107884,,,,,,,,,,
2021-02-08,1941.0,1879.0,171.0,58.0,25.0,50.81151832460733,,,,,,,,,,
2021-02-09,3236.0,638.0,124.0,75.0,4.0,83.53123386680433,,,,,,,,,,
2021-02-10,2420.0,1395.0,190.0,43.0,14.0,63.433813892529486,,,,,,,,,,
2021-02-18,3455.0,503.0,47.0,103.0,5.0,87.29156139464376,,,,,,,,,,
2021-02-19,3474.0,499.0,37.0,97.0,6.0,87.44022149509188,,,,,,,,,,
2021-02-22,2478.0,1423.0,110.0,90.0,11.0,63.52217380158933,,,,,,,,,,
2021-02-23,1208.0,2688.0,117.0,54.0,2.0,31.006160164271044,,,,,,,,,,
2021-02-24,1927.0,1896.0,191.0,40.0,22.0,50.40544075333507,,,,,,,,,,
2021-02-25,1201.0,2673.0,144.0,41.0,6.0,31.001548786783683,,,,,,,,,,
2021-02-26,1700.0,2156.0,162.0,41.0,7.0,44.08713692946058,,,,,,,,,,
2021-03-01,3476.0,435.0,108.0,86.0,4.0,88.8775249296855,,,,,,,,,,
2021-03-02,1203.0,2707.0,112.0,36.0,16.0,30.76726342710997,,,,,,,,,,
2021-03-03,3074.0,797.0,151.0,83.0,0.0,79.41100490829243,,,,,,,,,,
2021-03-04,1158.0,2720.0,146.0,40.0,14.0,29.860752965446107,,,,,,,,,,
2021-03-05,2752.0,1142.0,131.0,59.0,12.0,70.67282999486389,,,,,,,,,,
2021-03-08,967.0,2937.0,121.0,50.0,28.0,24.769467213114755,,,,,,,,,,
2021-03-09,585.0,3371.0,70.0,36.0,41.0,14.787664307381194,,,,,,,,,,
2021-03-10,987.0,2940.0,101.0,34.0,14.0,25.13368983957219,,,,,,,,,,
2021-03-11,3543.0,403.0,82.0,71.0,0.0,89.78712620375063,,,,,,,,,,
2021-03-12,1842.0,2042.0,145.0,47.0,4.0,47.42533470648816,,,,,,,,,,
2021-03-15,1710.0,2188.0,132.0,43.0,13.0,43.86865059004618,,,,,,,,,,
2021-03-16,2932.0,952.0,147.0,62.0,6.0,75.48918640576726,,,,,,,,,,
2021-03-17,2239.0,1620.0,174.0,51.0,3.0,58.02021249028245,,,,,,,,,,
2021-03-18,1698.0,2151.0,184.0,56.0,2.0,44.1153546375682,,,,,,,,,,
2021-03-19,1672.0,2183.0,179.0,53.0,5.0,43.37224383916991,,,,,,,,,,
2021-03-22,3310.0,620.0,109.0,84.0,2.0,84.22391857506362,,,,,,,,,,
2021-03-23,1105.0,2843.0,95.0,51.0,34.0,27.98885511651469,,,,,,,,,,
2021-03-24,1247.0,2636.0,160.0,54.0,29.0,32.11434457893381,,,,,,,,,,
2021-03-25,1561.0,2323.0,162.0,41.0,27.0,40.190525231719874,,,,,,,,,,
2021-03-26,3063.0,777.0,208.0,72.0,1.0,79.765625,,,,,,,,,,
2021-03-29,1814.0,2102.0,135.0,68.0,6.0,46.322778345250256,,,,,,,,,,
2021-03-30,1268.0,2693.0,95.0,61.0,12.0,32.012118151981824,,,,,,,,,,
2021-03-31,2180.0,1701.0,174.0,76.0,5.0,56.171089925277,,,,,,,,,,
2021-04-01,1973.0,1942.0,145.0,73.0,15.0,50.39591315453384,,,,,,,,,,
2021-04-02,2137.0,1712.0,213.0,67.0,6.0,55.5209145232528,,,,,,,,,,
2021-04-06,2717.0,1140.0,209.0,72.0,4.0,70.44334975369459,,,,,,,,,,
2021-04-07,2517.0,1389.0,161.0,94.0,2.0,64.43932411674346,,,,,,,,,,
2021-04-08,1210.0,2765.0,92.0,45.0,21.0,30.440251572327043,,,,,,,,,,
2021-04-09,1857.0,1974.0,238.0,59.0,8.0,48.47298355520751,,,,,,,,,,
2021-04-12,1024.0,2927.0,122.0,66.0,27.0,25.917489243229564,,,,,,,,,,
2021-04-13,1255.0,2705.0,118.0,55.0,37.0,31.6919191919192,,,,,,,,,,
2021-04-14,3040.0,904.0,138.0,69.0,10.0,77.079107505071,,,,,,,,,,
2021-04-15,1679.0,2232.0,167.0,43.0,26.0,42.93019688059319,,,,,,,,,,
2021-04-16,3248.0,748.0,88.0,69.0,11.0,81.28128128128128,,,,,,,,,,
2021-04-19,2956.0,943.0,187.0,87.0,4.0,75.81431136188766,,,,,,,,,,
2021-04-20,1312.0,2637.0,140.0,44.0,10.0,33.223600911623194,,,,,,,,,,
2021-04-21,1439.0,2503.0,153.0,36.0,12.0,36.50431253170979,,,,,,,,,,
2021-04-22,2047.0,1839.0,214.0,49.0,5.0,52.67627380339681,,,,,,,,,,
2021-04-23,1143.0,2858.0,94.0,39.0,15.0,28.567858035491128,,,,,,,,,,
2021-04-26,1530.0,2438.0,129.0,51.0,17.0,38.55846774193548,,,,,,,,,,
2021-04-27,1398.0,2565.0,125.0,37.0,28.0,35.27630582891749,,,,,,,,,,
2021-04-28,2122.0,1807.0,172.0,60.0,25.0,54.008653601425294,,,,,,,,,,
2021-04-29,1748.0,2188.0,156.0,50.0,25.0,44.41056910569105,,,,,,,,,,
2021-04-30,1393.0,2578.0,123.0,43.0,36.0,35.07932510702594,,,,,,,,,,
2021-05-06,2357.0,1600.0,152.0,70.0,24.0,59.56532726813243,,,,,,,,,,
2021-05-07,1678.0,2291.0,140.0,51.0,11.0,42.277651801461325,,,,,,,,,,
2021-05-10,2107.0,1854.0,150.0,94.0,8.0,53.19363797020954,,,,,,,,,,
2021-05-11,2428.0,1544.0,141.0,59.0,9.0,61.12789526686808,,,,,,,,,,
2021-05-12,2737.0,1203.0,178.0,77.0,2.0,69.46700507614213,,,,,,,,,,
2021-05-13,1365.0,2622.0,140.0,46.0,5.0,34.23626787057938,,,,,,,,,,
2021-05-14,3091.0,894.0,142.0,82.0,1.0,77.56587202007528,,,,,,,,,,
2021-05-17,1308.0,2722.0,97.0,39.0,31.0,32.45657568238213,,,,,,,,,,
2021-05-18,2337.0,1584.0,204.0,74.0,6.0,59.602142310635045,,,,,,,,,,
2021-05-19,1491.0,2485.0,153.0,59.0,4.0,37.5,,,,,,,,,,
2021-05-20,1481.0,2506.0,151.0,53.0,13.0,37.14572360170554,,,,,,,,,,
2021-05-21,1949.0,1994.0,196.0,65.0,4.0,49.42936850114126,,,,,,,,,,
2021-05-24,2487.0,1456.0,197.0,60.0,8.0,63.0738016738524,,,,,,,,,,
2021-05-25,2699.0,1232.0,210.0,50.0,4.0,68.65937420503688,,,,,,,,,,
2021-05-26,2483.0,1442.0,222.0,58.0,1.0,63.26114649681529,,,,,,,,,,
2021-05-27,2476.0,1425.0,250.0,67.0,3.0,63.47090489618047,,,,,,,,,,
2021-05-28,1272.0,2722.0,157.0,51.0,2.0,31.84777165748623,,,,,,,,,,
2021-05-31,2722.0,1274.0,161.0,89.0,4.0,68.11811811811812,,,,,,,,,,
2021-06-01,2624.0,1346.0,188.0,68.0,4.0,66.09571788413098,,,,,,,,,,
2021-06-02,1304.0,2723.0,131.0,58.0,18.0,32.38142537869382,,,,,,,,,,
2021-06-03,1754.0,2221.0,187.0,68.0,9.0,44.125786163522015,,,,,,,,,,
2021-06-04,1737.0,2275.0,153.0,51.0,11.0,43.2951146560319,,,,,,,,,,
2021-06-07,2457.0,1529.0,175.0,59.0,10.0,61.64074259909684,,,,,,,,,,
2021-06-08,1836.0,2162.0,169.0,53.0,31.0,45.92296148074037,,,,,,,,,,
2021-06-09,2029.0,1955.0,184.0,53.0,5.0,50.92871485943776,,,,,,,,,,
2021-06-10,2104.0,1898.0,168.0,65.0,5.0,52.57371314342829,,,,,,,,,,
2021-06-11,1413.0,2627.0,133.0,60.0,14.0,34.97524752475248,,,,,,,,,,
2021-06-15,1314.0,2782.0,74.0,39.0,21.0,32.080078125,,,,,,,,,,
2021-06-16,1160.0,2834.0,179.0,38.0,26.0,29.04356534802203,,,,,,,,,,
2021-06-17,2223.0,1769.0,185.0,53.0,4.0,55.686372745490985,,,,,,,,,,
2021-06-18,2568.0,1415.0,194.0,60.0,3.0,64.47401456188803,,,,,,,,,,
2021-06-21,2633.0,1354.0,191.0,76.0,1.0,66.03962879357913,,,,,,,,,,
2021-06-22,2373.0,1622.0,188.0,65.0,1.0,59.39924906132666,,,,,,,,,,
2021-06-23,1957.0,2016.0,210.0,56.0,3.0,49.257488044299016,,,,,,,,,,
2021-06-24,1433.0,2606.0,149.0,56.0,10.0,35.479078979945534,,,,,,,,,,
2021-06-25,2110.0,1897.0,184.0,59.0,3.0,52.65784876466184,,,,,,,,,,
2021-06-28,2196.0,1859.0,138.0,69.0,10.0,54.1553637484587,,,,,,,,,,
2021-06-29,1076.0,3024.0,98.0,47.0,5.0,26.243902439024392,,,,,,,,,,
2021-06-30,2402.0,1578.0,221.0,55.0,5.0,60.35175879396984,,,,,,,,,,
2021-07-01,1058.0,3041.0,101.0,53.0,11.0,25.81117345694072,,,,,,,,,,
2021-07-02,1499.0,2530.0,174.0,38.0,2.0,37.20526185157607,,,,,,,,,,
2021-07-05,2902.0,1171.0,134.0,76.0,9.0,71.24969310090842,,,,,,,,,,
2021-07-06,2128.0,1893.0,186.0,42.0,9.0,52.92215866699826,,,,,,,,,,
2021-07-07,2223.0,1755.0,234.0,72.0,2.0,55.88235294117647,,,,,,,,,,
2021-07-08,1333.0,2790.0,97.0,51.0,5.0,32.33082706766917,,,,,,,,,,
2021-07-09,2528.0,1517.0,178.0,66.0,4.0,62.49690976514215,,,,,,,,,,
2021-07-12,2775.0,1243.0,205.0,87.0,4.0,69.06421105027377,,,,,,,,,,
2021-07-13,2379.0,1657.0,189.0,66.0,7.0,58.944499504459856,,,,,,,,,,
2021-07-14,1214.0,2905.0,108.0,57.0,16.0,29.47317310026705,,,,,,,,,,
2021-07-15,1398.0,2714.0,110.0,52.0,23.0,33.99805447470817,,,,,,,,,,
2021-07-16,1683.0,2308.0,241.0,40.0,7.0,42.169882235028815,,,,,,,,,,
2021-07-19,1729.0,2380.0,121.0,53.0,12.0,42.07836456558773,,,,,,,,,,
2021-07-20,2032.0,2015.0,180.0,47.0,8.0,50.21003212255992,,,,,,,,,,
2021-07-21,2734.0,1306.0,192.0,90.0,2.0,67.67326732673268,,,,,,,,,,
2021-07-22,2189.0,1875.0,170.0,62.0,9.0,53.86318897637795,,,,,,,,,,
2021-07-23,1154.0,2988.0,92.0,48.0,10.0,27.86093674553356,,,,,,,,,,
2021-07-26,1038.0,3134.0,62.0,40.0,36.0,24.880153403643337,,,,,,,,,,
2021-07-27,922.0,3233.0,89.0,29.0,70.0,22.190132370637787,,,,,,,,,,
2021-07-28,874.0,3315.0,58.0,38.0,49.0,20.864168059202672,,,,,,,,,,
2021-07-29,3526.0,594.0,126.0,123.0,0.0,85.58252427184466,,,,,,,,,,
2021-07-30,2548.0,1562.0,140.0,95.0,15.0,61.99513381995134,,,,,,,,,,
2021-08-02,3369.0,800.0,82.0,107.0,10.0,80.81074598224994,,,,,,,,,,
2021-08-03,1934.0,2169.0,150.0,59.0,39.0,47.13624177431148,,,,,,,,,,
2021-08-04,2513.0,1545.0,198.0,92.0,3.0,61.92705766387383,,,,,,,,,,
2021-08-05,1296.0,2848.0,115.0,51.0,9.0,31.27413127413127,,,,,,,,,,
2021-08-06,1755.0,2342.0,171.0,58.0,0.0,42.83622162557969,,,,,,,,,,
2021-08-09,2996.0,1176.0,94.0,85.0,4.0,71.81208053691275,,,,,,,,,,
2021-08-10,2857.0,1212.0,203.0,74.0,5.0,70.21381174735806,,,,,,,,,,
2021-08-11,2195.0,1862.0,207.0,96.0,3.0,54.104017747103775,,,,,,,,,,
2021-08-12,2004.0,2088.0,183.0,67.0,6.0,48.97360703812317,,,,,,,,,,
2021-08-13,1785.0,2308.0,186.0,67.0,3.0,43.61104324456389,,,,,,,,,,
2021-08-16,2166.0,1964.0,154.0,71.0,19.0,52.44552058111381,,,,,,,,,,
2021-08-17,561.0,3681.0,45.0,29.0,29.0,13.224893917963223,,,,,,,,,,
2021-08-18,2838.0,1330.0,118.0,72.0,6.0,68.09021113243762,,,,,,,,,,
2021-08-19,1617.0,2516.0,156.0,46.0,19.0,39.12412291313815,,,,,,,,,,
2021-08-20,1479.0,2680.0,136.0,52.0,21.0,35.56143303678769,,,,,,,,,,
2021-08-23,3514.0,676.0,102.0,135.0,6.0,83.86634844868736,,,,,,,,,,
2021-08-24,2321.0,1767.0,209.0,75.0,4.0,56.77592954990215,,,,,,,,,,
2021-08-25,2559.0,1588.0,154.0,85.0,4.0,61.7072582589824,,,,,,,,,,
2021-08-26,1459.0,2724.0,118.0,52.0,11.0,34.87927324886445,,,,,,,,,,
2021-08-27,1704.0,2444.0,151.0,74.0,14.0,41.080038572806174,,,,,,,,,,
2021-08-30,1861.0,2329.0,110.0,77.0,19.0,44.41527446300716,,,,,,,,,,
2021-08-31,2030.0,2164.0,110.0,81.0,22.0,48.40247973295184,,,,,,,,,,
2021-09-01,2142.0,2060.0,102.0,67.0,66.0,50.97572584483579,,,,,,,,,,
2021-09-02,2570.0,1576.0,158.0,112.0,0.0,61.98745779064159,,,,,,,,,,
2021-09-03,2378.0,1804.0,125.0,57.0,28.0,56.86274509803921,,,,,,,,,,
2021-09-06,3020.0,1128.0,158.0,84.0,16.0,72.80617164898746,,,,,,,,,,
2021-09-07,2794.0,1354.0,163.0,101.0,0.0,67.35776277724204,,,,,,,,,,
2021-09-08,2626.0,1597.0,90.0,91.0,0.0,62.18328202699502,,,,,,,,,,
2021-09-09,1913.0,2262.0,141.0,75.0,1.0,45.82035928143712,,,,,,,,,,
2021-09-10,1439.0,2798.0,83.0,56.0,3.0,33.96270946424357,,,,,,,,,,
2021-09-13,2363.0,1855.0,104.0,95.0,10.0,56.02181128496918,,,,,,,,,,
2021-09-14,1101.0,3167.0,60.0,63.0,8.0,25.79662605435801,,,,,,,,,,
2021-09-15,2423.0,1793.0,112.0,91.0,2.0,57.47153700189753,,,,,,,,,,
2021-09-16,1015.0,3236.0,77.0,48.0,39.0,23.8767348859092,,,,,,,,,,
2021-09-17,1757.0,2480.0,93.0,55.0,20.0,41.46801982534812,,,,,,,,,,
2021-09-22,2111.0,2099.0,117.0,108.0,3.0,50.14251781472684,,,,,,,,,,
2021-09-23,2798.0,1422.0,104.0,70.0,25.0,66.30331753554502,,,,,,,,,,
2021-09-24,972.0,3310.0,45.0,42.0,70.0,22.69967304997665,,,,,,,,,,
2021-09-27,832.0,3471.0,23.0,40.0,172.0,19.335347432024168,,,,,,,,,,
2021-09-28,2380.0,1812.0,135.0,78.0,16.0,56.77480916030534,,,,,,,,,,
2021-09-29,455.0,3839.0,38.0,14.0,81.0,10.596180717279925,,,,,,,,,,
2021-09-30,3660.0,587.0,89.0,79.0,0.0,86.17847892630091,,,,,,,,,,
2021-10-08,3265.0,1025.0,49.0,66.0,24.0,76.10722610722611,,,,,,,,,,
2021-10-11,1928.0,2220.0,192.0,45.0,42.0,46.48023143683703,,,,,,,,,,
2021-10-12,734.0,3537.0,72.0,35.0,19.0,17.18567080309061,,,,,,,,,,
2021-10-13,2522.0,1662.0,157.0,58.0,52.0,60.27724665391969,,,,,,,,,,
2021-10-14,2305.0,1818.0,218.0,78.0,6.0,55.90589376667475,,,,,,,,,,
2021-10-15,1260.0,2985.0,95.0,31.0,29.0,29.681978798586574,,,,,,,,,,
2021-10-18,2615.0,1618.0,111.0,76.0,15.0,61.77651783605008,,,,,,,,,,
2021-10-19,2223.0,1917.0,207.0,68.0,5.0,53.69565217391305,,,,,,,,,,
2021-10-20,1546.0,2668.0,140.0,49.0,14.0,36.68723303274798,,,,,,,,,,
2021-10-21,1297.0,2923.0,135.0,38.0,3.0,30.734597156398102,,,,,,,,,,
2021-10-22,1321.0,2881.0,159.0,41.0,9.0,31.437410756782487,,,,,,,,,,
2021-10-25,2428.0,1796.0,137.0,65.0,4.0,57.48106060606061,,,,,,,,,,
2021-10-26,1544.0,2679.0,140.0,33.0,11.0,36.561686005209566,,,,,,,,,,
2021-10-27,871.0,3420.0,74.0,42.0,18.0,20.298298764856675,,,,,,,,,,
2021-10-28,991.0,3307.0,80.0,40.0,56.0,23.05723592368544,,,,,,,,,,
2021-10-29,3395.0,907.0,74.0,70.0,7.0,78.9167828916783,,,,,,,,,,
2021-11-01,3036.0,1192.0,149.0,93.0,9.0,71.8070009460738,,,,,,,,,,
2021-11-02,1074.0,3250.0,56.0,45.0,19.0,24.838112858464385,,,,,,,,,,
2021-11-03,2875.0,1331.0,177.0,47.0,5.0,68.3547313361864,,,,,,,,,,
2021-11-04,3207.0,1002.0,178.0,96.0,1.0,76.19387027797576,,,,,,,,,,
2021-11-05,1736.0,2516.0,136.0,49.0,26.0,40.82784571966134,,,,,,,,,,
2021-11-08,2503.0,1738.0,148.0,59.0,6.0,59.01909926904032,,,,,,,,,,
2021-11-09,2977.0,1193.0,217.0,59.0,2.0,71.39088729016787,,,,,,,,,,
2021-11-10,2636.0,1540.0,211.0,46.0,3.0,63.12260536398468,,,,,,,,,,
2021-11-11,2918.0,1324.0,145.0,68.0,4.0,68.7883074021688,,,,,,,,,,
2021-11-12,2665.0,1523.0,202.0,85.0,1.0,63.6341929321872,,,,,,,,,,
2021-11-15,2905.0,1376.0,112.0,78.0,21.0,67.8579771081523,,,,,,,,,,
2021-11-16,1156.0,3140.0,108.0,61.0,6.0,26.908752327746743,,,,,,,,,,
2021-11-17,3186.0,1064.0,158.0,94.0,1.0,74.96470588235294,,,,,,,,,,
2021-11-18,1229.0,3064.0,118.0,54.0,4.0,28.62799906825064,,,,,,,,,,
2021-11-19,3164.0,1107.0,144.0,70.0,1.0,74.08101147272302,,,,,,,,,,
2021-11-22,2393.0,1836.0,187.0,86.0,0.0,56.585481201229605,,,,,,,,,,
2021-11-23,2338.0,1861.0,221.0,59.0,2.0,55.6799237913789,,,,,,,,,,
2021-11-24,2202.0,2028.0,188.0,80.0,3.0,52.05673758865248,,,,,,,,,,
2021-11-25,1909.0,2357.0,155.0,62.0,10.0,44.74917955930614,,,,,,,,,,
2021-11-26,1490.0,2823.0,106.0,54.0,2.0,34.546719220959886,,,,,,,,,,
2021-11-29,1558.0,2758.0,106.0,78.0,2.0,36.0982391102873,,,,,,,,,,
2021-11-30,2738.0,1519.0,166.0,73.0,2.0,64.31759455015269,,,,,,,,,,
2021-12-01,3079.0,1256.0,88.0,85.0,5.0,71.02652825836216,,,,,,,,,,
2021-12-02,1028.0,3275.0,124.0,53.0,9.0,23.890309086683708,,,,,,,,,,
2021-12-03,2537.0,1681.0,209.0,57.0,8.0,60.14698909435752,,,,,,,,,,
2021-12-06,879.0,3474.0,77.0,44.0,8.0,20.19297036526533,,,,,,,,,,
2021-12-07,1613.0,2678.0,141.0,49.0,14.0,37.59030529014216,,,,,,,,,,
2021-12-08,3200.0,1020.0,215.0,82.0,1.0,75.82938388625593,,,,,,,,,,
2021-12-09,2572.0,1701.0,163.0,69.0,3.0,60.191902644512055,,,,,,,,,,
2021-12-10,2138.0,2134.0,165.0,70.0,1.0,50.046816479400746,,,,,,,,,,
2021-12-13,2264.0,2001.0,175.0,79.0,2.0,53.08323563892146,,,,,,,,,,
2021-12-14,2457.0,1844.0,138.0,92.0,3.0,57.12624970936992,,,,,,,,,,
2021-12-15,1972.0,2273.0,193.0,80.0,1.0,46.45465253239105,,,,,,,,,,
2021-12-16,2860.0,1411.0,171.0,88.0,1.0,66.96324045890893,,,,,,,,,,
2021-12-17,1264.0,3040.0,140.0,83.0,3.0,29.36802973977695,,,,,,,,,,
2021-12-20,1339.0,3008.0,99.0,96.0,18.0,30.80285254198298,,,,,,,,,,
2021-12-21,3479.0,896.0,71.0,129.0,9.0,79.52,,,,,,,,,,
2021-12-22,2249.0,2056.0,141.0,78.0,11.0,52.24157955865273,,,,,,,,,,
2021-12-23,1464.0,2900.0,90.0,72.0,28.0,33.547204399633365,,,,,,,,,,
2021-12-24,1002.0,3381.0,72.0,49.0,29.0,22.86105407255305,,,,,,,,,,
2021-12-27,2662.0,1655.0,142.0,65.0,15.0,61.66319203150336,,,,,,,,,,
2021-12-28,2705.0,1626.0,128.0,59.0,14.0,62.45670745786192,,,,,,,,,,
2021-12-29,1875.0,2404.0,184.0,65.0,7.0,43.8186492171068,,,,,,,,,,
2021-12-30,2855.0,1403.0,204.0,91.0,5.0,67.05025833724754,,,,,,,,,,
2021-12-31,2662.0,1617.0,184.0,56.0,14.0,62.2107969151671,,,,,,,,,,
2022-01-04,3136.0,1274.0,55.0,95.0,21.0,71.11111111111111,,,,,,,,,,
2022-01-05,1056.0,3329.0,81.0,47.0,38.0,24.082098061573543,,,,,,,,,,
2022-01-06,2858.0,1450.0,160.0,87.0,4.0,66.34168987929434,,,,,,,,,,
2022-01-07,934.0,3466.0,71.0,40.0,23.0,21.227272727272727,,,,,,,,,,
2022-01-10,2975.0,1349.0,149.0,70.0,11.0,68.80203515263645,,,,,,,,,,
2022-01-11,1591.0,2705.0,177.0,55.0,6.0,37.034450651769085,,,,,,,,,,
2022-01-12,3290.0,1049.0,137.0,94.0,1.0,75.8239225628025,,,,,,,,,,
2022-01-13,1202.0,3116.0,160.0,55.0,10.0,27.83696155627605,,,,,,,,,,
2022-01-14,1496.0,2929.0,53.0,77.0,8.0,33.80790960451978,,,,,,,,,,
2022-01-17,3238.0,1098.0,141.0,110.0,5.0,74.67712177121771,,,,,,,,,,
2022-01-18,1310.0,3080.0,92.0,42.0,48.0,29.84054669703872,,,,,,,,,,
2022-01-19,2269.0,2082.0,133.0,59.0,13.0,52.14893128016548,,,,,,,,,,
2022-01-20,780.0,3664.0,40.0,45.0,13.0,17.551755175517552,,,,,,,,,,
2022-01-21,1316.0,3035.0,134.0,47.0,44.0,30.245920478051023,,,,,,,,,,
2022-01-24,1720.0,2639.0,127.0,51.0,35.0,39.45859142005047,,,,,,,,,,
2022-01-25,256.0,4220.0,10.0,28.0,65.0,5.719392314566577,,,,,,,,,,
2022-01-26,2999.0,1356.0,132.0,49.0,31.0,68.8633754305396,,,,,,,,,,
2022-01-27,248.0,4214.0,30.0,13.0,79.0,5.558045719408337,,,,,,,,,,
2022-01-28,3199.0,1220.0,78.0,53.0,27.0,72.39194387870559,,,,,,,,,,
2022-02-07,3394.0,1037.0,69.0,87.0,28.0,76.59670503272399,,,,,,,,,,
2022-02-08,3515.0,939.0,45.0,71.0,8.0,78.91782667265379,,,,,,,,,,
2022-02-09,3397.0,930.0,173.0,93.0,0.0,78.50704876357753,,,,,,,,,,
2022-02-10,1627.0,2701.0,175.0,56.0,3.0,37.59242144177449,,,,,,,,,,
2022-02-11,557.0,3879.0,69.0,48.0,15.0,12.556357078449054,,,,,,,,,,
2022-02-14,2102.0,2244.0,160.0,82.0,11.0,48.366313851817765,,,,,,,,,,
2022-02-15,2332.0,1981.0,194.0,52.0,15.0,54.06909343844192,,,,,,,,,,
2022-02-16,3407.0,987.0,113.0,64.0,0.0,77.53755120619026,,,,,,,,,,
2022-02-17,1520.0,2870.0,120.0,46.0,14.0,34.62414578587699,,,,,,,,,,
2022-02-18,2932.0,1434.0,145.0,50.0,1.0,67.15529088410445,,,,,,,,,,
2022-02-21,3271.0,1110.0,131.0,92.0,0.0,74.66331887696873,,,,,,,,,,
2022-02-22,835.0,3611.0,66.0,48.0,5.0,18.78092667566352,,,,,,,,,,
2022-02-23,3457.0,906.0,151.0,88.0,6.0,79.23447169378868,,,,,,,,,,
2022-02-24,620.0,3857.0,40.0,36.0,40.0,13.848559303104755,,,,,,,,,,
2022-02-25,3241.0,1122.0,154.0,56.0,6.0,74.28374971349989,,,,,,,,,,
2022-02-28,1907.0,2456.0,154.0,42.0,17.0,43.70845748338299,,,,,,,,,,
2022-03-01,3042.0,1334.0,145.0,49.0,6.0,69.51553930530164,,,,,,,,,,
2022-03-02,2482.0,1855.0,183.0,56.0,1.0,57.22849896241642,,,,,,,,,,
2022-03-03,1796.0,2595.0,130.0,71.0,4.0,40.90184468230472,,,,,,,,,,
2022-03-04,982.0,3462.0,78.0,41.0,17.0,22.097209720972096,,,,,,,,,,
2022-03-07,777.0,3672.0,73.0,45.0,14.0,17.4645987862441,,,,,,,,,,
2022-03-08,410.0,4086.0,26.0,21.0,65.0,9.119217081850534,,,,,,,,,,
2022-03-09,1042.0,3432.0,47.0,42.0,12.0,23.29012069736254,,,,,,,,,,
2022-03-10,3479.0,935.0,109.0,84.0,4.0,78.81739918441323,,,,,,,,,,
2022-03-11,2805.0,1563.0,157.0,70.0,6.0,64.21703296703298,,,,,,,,,,
2022-03-14,403.0,4104.0,23.0,37.0,23.0,8.941646327934324,,,,,,,,,,
2022-03-15,228.0,4297.0,7.0,26.0,124.0,5.038674033149172,,,,,,,,,,
2022-03-16,4137.0,365.0,33.0,124.0,4.0,91.89249222567749,,,,,,,,,,
2022-03-17,3617.0,785.0,134.0,96.0,0.0,82.16719672875965,,,,,,,,,,
2022-03-18,3346.0,1118.0,73.0,100.0,4.0,74.95519713261649,,,,,,,,,,
2022-03-21,3081.0,1291.0,169.0,116.0,1.0,70.4711802378774,,,,,,,,,,
2022-03-22,1855.0,2521.0,167.0,76.0,9.0,42.39031078610604,,,,,,,,,,
2022-03-23,2216.0,2134.0,199.0,68.0,8.0,50.94252873563219,,,,,,,,,,
2022-03-24,906.0,3571.0,73.0,61.0,7.0,20.236765691311145,,,,,,,,,,
2022-03-25,1660.0,2701.0,188.0,72.0,11.0,38.06466406787435,,,,,,,,,,
2022-03-28,1702.0,2684.0,166.0,58.0,19.0,38.80528955768354,,,,,,,,,,
2022-03-29,1103.0,3358.0,92.0,52.0,14.0,24.72539789284913,,,,,,,,,,
2022-03-30,3704.0,744.0,107.0,76.0,2.0,83.27338129496404,,,,,,,,,,
2022-03-31,2007.0,2400.0,147.0,51.0,11.0,45.54118447923758,,,,,,,,,,
2022-04-01,1926.0,2496.0,133.0,68.0,16.0,43.55495251017639,,,,,,,,,,
2022-04-06,3112.0,1360.0,82.0,78.0,14.0,69.58855098389982,,,,,,,,,,
2022-04-07,539.0,3973.0,43.0,30.0,33.0,11.945921985815602,,,,,,,,,,
2022-04-08,1497.0,2954.0,105.0,64.0,21.0,33.63289148505954,,,,,,,,,,
2022-04-11,533.0,3995.0,28.0,53.0,46.0,11.771201413427562,,,,,,,,,,
2022-04-12,3672.0,818.0,70.0,97.0,19.0,81.78173719376392,,,,,,,,,,
2022-04-13,805.0,3691.0,69.0,55.0,45.0,17.904804270462634,,,,,,,,,,
2022-04-14,3064.0,1314.0,190.0,77.0,12.0,69.98629511192325,,,,,,,,,,
2022-04-15,982.0,3515.0,67.0,37.0,42.0,21.83678007560596,,,,,,,,,,
2022-04-18,2771.0,1658.0,134.0,79.0,39.0,62.56491307292843,,,,,,,,,,
2022-04-19,2608.0,1810.0,148.0,56.0,17.0,59.0312358533273,,,,,,,,,,
2022-04-20,1259.0,3219.0,92.0,51.0,16.0,28.11523001339884,,,,,,,,,,
2022-04-21,309.0,4250.0,15.0,31.0,84.0,6.7778021495942085,,,,,,,,,,
2022-04-22,1562.0,2902.0,112.0,75.0,76.0,34.991039426523294,,,,,,,,,,
2022-04-25,147.0,4427.0,5.0,26.0,843.0,3.2138172278093577,,,,,,,,,,
2022-04-26,731.0,3802.0,46.0,45.0,237.0,16.12618574895213,,,,,,,,,,
2022-04-27,3894.0,634.0,49.0,158.0,32.0,85.9982332155477,,,,,,,,,,
2022-04-28,1183.0,3311.0,79.0,66.0,44.0,26.32398753894081,,,,,,,,,,
2022-04-29,4344.0,216.0,17.0,222.0,3.0,95.26315789473684,,,,,,,,,,
2022-05-05,3435.0,1011.0,121.0,147.0,10.0,77.26045883940621,,,,,,,,,,
2022-05-06,1207.0,3291.0,88.0,83.0,18.0,26.83414851044909,,,,,,,,,,
2022-05-09,3586.0,895.0,105.0,137.0,1.0,80.02677973666592,,,,,,,,,,
2022-05-10,3667.0,779.0,144.0,110.0,1.0,82.47863247863248,,,,,,,,,,
2022-05-11,2110.0,2299.0,180.0,94.0,4.0,47.856656838285325,,,,,,,,,,
2022-05-12,3053.0,1364.0,171.0,77.0,7.0,69.1193117500566,,,,,,,,,,
2022-05-13,2697.0,1707.0,188.0,100.0,18.0,61.23978201634878,,,,,,,,,,
2022-05-16,2088.0,2300.0,204.0,98.0,17.0,47.584320875113946,,,,,,,,,,
2022-05-17,1887.0,2542.0,162.0,65.0,26.0,42.605554301196655,,,,,,,,,,
2022-05-18,2728.0,1699.0,165.0,96.0,8.0,61.62186582335667,,,,,,,,,,
2022-05-19,2631.0,1758.0,203.0,72.0,5.0,59.94531784005468,,,,,,,,,,
2022-05-20,3422.0,1022.0,150.0,78.0,5.0,77.002700270027,,,,,,,,,,
2022-05-23,3382.0,1065.0,151.0,93.0,12.0,76.05127051945132,,,,,,,,,,
2022-05-24,269.0,4322.0,8.0,44.0,40.0,5.859289915051187,,,,,,,,,,
2022-05-25,3913.0,627.0,58.0,100.0,9.0,86.18942731277534,,,,,,,,,,
2022-05-26,2662.0,1780.0,158.0,67.0,9.0,59.92796037820801,,,,,,,,,,
2022-05-27,1841.0,2550.0,210.0,84.0,10.0,41.92666818492371,,,,,,,,,,
2022-05-30,2904.0,1525.0,177.0,94.0,10.0,65.5678482727478,,,,,,,,,,
2022-05-31,3282.0,1161.0,165.0,89.0,16.0,73.86900742741392,,,,,,,,,,
2022-06-01,2716.0,1713.0,178.0,79.0,13.0,61.323097764732445,,,,,,,,,,
2022-06-02,2905.0,1571.0,130.0,86.0,8.0,64.90169794459338,,,,,,,,,,
2022-06-06,3655.0,816.0,140.0,84.0,12.0,81.74904942965779,,,,,,,,,,
2022-06-07,1486.0,3009.0,121.0,60.0,17.0,33.058954393770854,,,,,,,,,,
2022-06-08,1630.0,2812.0,174.0,61.0,8.0,36.69518235029266,,,,,,,,,,
2022-06-09,693.0,3851.0,73.0,40.0,15.0,15.25088028169014,,,,,,,,,,
2022-06-10,3883.0,589.0,150.0,98.0,1.0,86.82915921288014,,,,,,,,,,
2022-06-13,2310.0,2196.0,116.0,68.0,4.0,51.26498002663116,,,,,,,,,,
2022-06-14,1924.0,2497.0,199.0,62.0,6.0,43.51956570911559,,,,,,,,,,
2022-06-15,2011.0,2422.0,190.0,54.0,15.0,45.36431310624859,,,,,,,,,,
2022-06-16,2899.0,1579.0,145.0,64.0,5.0,64.73872264403752,,,,,,,,,,
2022-06-17,2261.0,2174.0,186.0,63.0,1.0,50.98083427282977,,,,,,,,,,
2022-06-20,3138.0,1335.0,153.0,94.0,10.0,70.15425888665325,,,,,,,,,,
2022-06-21,1635.0,2823.0,170.0,51.0,10.0,36.67563930013459,,,,,,,,,,
2022-06-22,895.0,3669.0,59.0,70.0,1.0,19.609991235758105,,,,,,,,,,
2022-06-23,3883.0,649.0,98.0,104.0,2.0,85.67961165048543,,,,,,,,,,
2022-06-24,2942.0,1473.0,215.0,101.0,1.0,66.63646659116648,,,,,,,,,,
2022-06-27,2643.0,1749.0,244.0,100.0,4.0,60.1775956284153,,,,,,,,,,
2022-06-28,3493.0,1035.0,108.0,131.0,0.0,77.1422261484099,,,,,,,,,,
2022-06-29,728.0,3852.0,55.0,55.0,56.0,15.89519650655022,,,,,,,,,,
2022-06-30,2703.0,1683.0,250.0,77.0,19.0,61.627906976744185,,,,,,,,,,
2022-07-01,1858.0,2626.0,156.0,60.0,29.0,41.43621766280107,,,,,,,,,,
2022-07-04,2482.0,1999.0,157.0,78.0,10.0,55.38942200401696,,,,,,,,,,
2022-07-05,1198.0,3351.0,91.0,40.0,13.0,26.335458342492856,,,,,,,,,,
2022-07-06,1265.0,3278.0,102.0,51.0,10.0,27.8450363196126,,,,,,,,,,
2022-07-07,2498.0,1919.0,231.0,78.0,2.0,56.554222322843565,,,,,,,,,,
2022-07-08,2459.0,1984.0,207.0,64.0,14.0,55.34548728336709,,,,,,,,,,
2022-07-11,1378.0,3141.0,133.0,54.0,17.0,30.493472007081213,,,,,,,,,,
2022-07-12,957.0,3594.0,100.0,45.0,17.0,21.02834541858932,,,,,,,,,,
2022-07-13,3265.0,1234.0,153.0,87.0,7.0,72.57168259613248,,,,,,,,,,
2022-07-14,2540.0,1974.0,142.0,69.0,21.0,56.2693841382366,,,,,,,,,,
2022-07-15,974.0,3638.0,45.0,59.0,37.0,21.11882046834345,,,,,,,,,,
2022-07-18,3967.0,643.0,52.0,115.0,4.0,86.05206073752711,,,,,,,,,,
2022-07-19,3193.0,1318.0,153.0,85.0,8.0,70.78253158944801,,,,,,,,,,
2022-07-20,3012.0,1424.0,228.0,84.0,7.0,67.8990081154193,,,,,,,,,,
2022-07-21,1519.0,2979.0,166.0,64.0,3.0,33.770564695420184,,,,,,,,,,
2022-07-22,1798.0,2682.0,184.0,52.0,7.0,40.13392857142858,,,,,,,,,,
2022-07-25,1399.0,3134.0,129.0,37.0,20.0,30.86256342378116,,,,,,,,,,
2022-07-26,3417.0,1108.0,143.0,58.0,8.0,75.51381215469614,,,,,,,,,,
2022-07-27,2737.0,1738.0,194.0,84.0,4.0,61.16201117318436,,,,,,,,,,
2022-07-28,2812.0,1629.0,229.0,82.0,2.0,63.31907228101778,,,,,,,,,,
2022-07-29,1332.0,3216.0,122.0,59.0,7.0,29.287598944591032,,,,,,,,,,
2022-08-01,2469.0,2026.0,179.0,86.0,10.0,54.92769744160177,,,,,,,,,,
2022-08-02,384.0,4281.0,11.0,46.0,36.0,8.231511254019292,,,,,,,,,,
2022-08-03,1657.0,2903.0,119.0,36.0,30.0,36.33771929824562,,,,,,,,,,
2022-08-04,3646.0,945.0,88.0,63.0,10.0,79.41624918318449,,,,,,,,,,
2022-08-05,3359.0,1204.0,117.0,61.0,9.0,73.61385053692746,,,,,,,,,,
2022-08-08,3373.0,1121.0,191.0,98.0,5.0,75.05562972852692,,,,,,,,,,
2022-08-09,2087.0,2378.0,224.0,68.0,1.0,46.74132138857783,,,,,,,,,,
2022-08-10,2198.0,2297.0,193.0,78.0,3.0,48.89877641824249,,,,,,,,,,
2022-08-11,3568.0,1031.0,90.0,66.0,5.0,77.58208306153512,,,,,,,,,,
2022-08-12,1880.0,2622.0,190.0,55.0,8.0,41.759218125277656,,,,,,,,,,
2022-08-15,2205.0,2292.0,195.0,68.0,6.0,49.03268845897265,,,,,,,,,,
2022-08-16,2707.0,1793.0,195.0,75.0,1.0,60.15555555555555,,,,,,,,,,
2022-08-17,2374.0,2115.0,207.0,66.0,4.0,52.88482958342615,,,,,,,,,,
2022-08-18,1914.0,2677.0,108.0,80.0,2.0,41.69026355913744,,,,,,,,,,
2022-08-19,1125.0,3418.0,162.0,51.0,20.0,24.76337222099934,,,,,,,,,,
2022-08-22,2809.0,1740.0,158.0,68.0,7.0,61.74983512859969,,,,,,,,,,
2022-08-23,2299.0,2230.0,180.0,70.0,5.0,50.7617575623758,,,,,,,,,,
2022-08-24,390.0,4286.0,34.0,35.0,46.0,8.340461933276304,,,,,,,,,,
2022-08-25,1989.0,2607.0,115.0,57.0,24.0,43.27676240208878,,,,,,,,,,
2022-08-26,1687.0,2868.0,159.0,41.0,26.0,37.03622392974753,,,,,,,,,,
2022-08-29,2929.0,1630.0,159.0,59.0,5.0,64.24654529502084,,,,,,,,,,
2022-08-30,2106.0,2477.0,137.0,35.0,16.0,45.952432904211214,,,,,,,,,,
2022-08-31,651.0,4018.0,52.0,31.0,64.0,13.943028485757122,,,,,,,,,,
2022-09-01,1691.0,2873.0,161.0,43.0,19.0,37.050832602979845,,,,,,,,,,
2022-09-02,3479.0,1093.0,156.0,61.0,7.0,76.0936132983377,,,,,,,,,,
2022-09-05,2457.0,2154.0,122.0,56.0,9.0,53.28562134027326,,,,,,,,,,
2022-09-06,3508.0,1045.0,180.0,62.0,2.0,77.04810015374478,,,,,,,,,,
2022-09-07,2242.0,2308.0,183.0,59.0,8.0,49.27472527472527,,,,,,,,,,
2022-09-08,1084.0,3506.0,144.0,40.0,7.0,23.6165577342048,,,,,,,,,,
2022-09-09,2285.0,2258.0,194.0,34.0,8.0,50.29716046665199,,,,,,,,,,
2022-09-13,2474.0,2063.0,204.0,44.0,11.0,54.5294247299978,,,,,,,,,,
2022-09-14,1109.0,3507.0,127.0,32.0,8.0,24.02512998266898,,,,,,,,,,
2022-09-15,625.0,4061.0,54.0,26.0,46.0,13.33760136577038,,,,,,,,,,
2022-09-16,641.0,4065.0,36.0,27.0,26.0,13.62090947726307,,,,,,,,,,
2022-09-19,1098.0,3548.0,96.0,31.0,23.0,23.63323288850624,,,,,,,,,,
2022-09-20,3701.0,915.0,132.0,59.0,2.0,80.17764298093587,,,,,,,,,,
2022-09-21,2873.0,1725.0,153.0,41.0,4.0,62.48368856024359,,,,,,,,,,
2022-09-22,1531.0,3076.0,146.0,40.0,3.0,33.23203820273497,,,,,,,,,,
2022-09-23,540.0,4135.0,80.0,20.0,15.0,11.550802139037431,,,,,,,,,,
2022-09-26,901.0,3815.0,41.0,38.0,12.0,19.105173876166244,,,,,,,,,,
2022-09-27,4233.0,463.0,66.0,72.0,1.0,90.14054514480408,,,,,,,,,,
2022-09-28,412.0,4312.0,42.0,33.0,25.0,8.721422523285352,,,,,,,,,,
2022-09-29,1593.0,3036.0,138.0,22.0,23.0,34.41348023331173,,,,,,,,,,
2022-09-30,1191.0,3373.0,205.0,32.0,25.0,26.095530236634527,,,,,,,,,,
2022-10-10,797.0,3869.0,107.0,32.0,46.0,17.08101157308187,,,,,,,,,,
2022-10-11,2930.0,1692.0,152.0,49.0,7.0,63.392470791864994,,,,,,,,,,
2022-10-12,4391.0,339.0,46.0,82.0,0.0,92.83298097251586,,,,,,,,,,
2022-10-13,3116.0,1472.0,189.0,68.0,5.0,67.91630340017437,,,,,,,,,,
2022-10-14,4362.0,351.0,68.0,96.0,3.0,92.55251432208784,,,,,,,,,,
2022-10-17,3798.0,865.0,116.0,83.0,0.0,81.44971048681107,,,,,,,,,,
2022-10-18,2096.0,2457.0,226.0,70.0,2.0,46.03558093564683,,,,,,,,,,
2022-10-19,1000.0,3654.0,130.0,46.0,6.0,21.48689299527288,,,,,,,,,,
2022-10-20,1756.0,2810.0,222.0,50.0,15.0,38.45816907577749,,,,,,,,,,
2022-10-21,2136.0,2390.0,263.0,50.0,16.0,47.19399027839152,,,,,,,,,,
2022-10-24,982.0,3733.0,74.0,36.0,27.0,20.827147401908803,,,,,,,,,,
2022-10-25,1815.0,2816.0,157.0,56.0,26.0,39.19239904988123,,,,,,,,,,
2022-10-26,3926.0,754.0,109.0,76.0,8.0,83.88888888888889,,,,,,,,,,
2022-10-27,2149.0,2458.0,187.0,48.0,18.0,46.646407640547,,,,,,,,,,
2022-10-28,372.0,4398.0,27.0,25.0,77.0,7.79874213836478,,,,,,,,,,
2022-10-31,3186.0,1504.0,107.0,76.0,35.0,67.9317697228145,,,,,,,,,,
2022-11-01,4297.0,470.0,33.0,92.0,3.0,90.14054961191526,,,,,,,,,,
2022-11-02,3533.0,1044.0,225.0,82.0,2.0,77.19029932270047,,,,,,,,,,
2022-11-03,2510.0,2085.0,208.0,44.0,8.0,54.62459194776932,,,,,,,,,,
2022-11-04,4039.0,661.0,105.0,73.0,1.0,85.93617021276596,,,,,,,,,,
2022-11-07,2963.0,1669.0,174.0,61.0,1.0,63.96804835924007,,,,,,,,,,
2022-11-08,1867.0,2708.0,232.0,38.0,2.0,40.80874316939891,,,,,,,,,,
2022-11-09,1918.0,2615.0,274.0,43.0,3.0,42.31193470108096,,,,,,,,,,
2022-11-10,1692.0,2930.0,191.0,58.0,3.0,36.607529208135006,,,,,,,,,,
2022-11-11,2728.0,1902.0,185.0,59.0,4.0,58.92008639308855,,,,,,,,,,
2022-11-14,1921.0,2698.0,196.0,62.0,8.0,41.58908854730461,,,,,,,,,,
2022-11-15,4116.0,591.0,108.0,85.0,3.0,87.44423199490122,,,,,,,,,,
2022-11-16,1879.0,2738.0,197.0,40.0,5.0,40.6974225687676,,,,,,,,,,
2022-11-17,2671.0,1953.0,193.0,60.0,0.0,57.76384083044983,,,,,,,,,,
2022-11-18,1258.0,3423.0,136.0,45.0,5.0,26.87459944456313,,,,,,,,,,
2022-11-21,2484.0,2184.0,157.0,57.0,6.0,53.2133676092545,,,,,,,,,,
2022-11-22,1107.0,3589.0,130.0,42.0,20.0,23.573253833049403,,,,,,,,,,
2022-11-23,1630.0,3050.0,150.0,46.0,26.0,34.82905982905983,,,,,,,,,,
2022-11-24,2550.0,2072.0,209.0,44.0,5.0,55.17092167892688,,,,,,,,,,
2022-11-25,1428.0,3259.0,145.0,32.0,12.0,30.46724983998293,,,,,,,,,,
2022-11-28,1430.0,3229.0,176.0,41.0,6.0,30.69328182013308,,,,,,,,,,
2022-11-29,4045.0,717.0,76.0,96.0,1.0,84.94330113397733,,,,,,,,,,
2022-11-30,1798.0,2802.0,238.0,49.0,3.0,39.08695652173913,,,,,,,,,,
2022-12-01,3126.0,1515.0,199.0,55.0,3.0,67.35617323852618,,,,,,,,,,
2022-12-02,2895.0,1754.0,192.0,55.0,12.0,62.27145622714563,,,,,,,,,,
2022-12-05,3242.0,1459.0,139.0,52.0,3.0,68.96405020208466,,,,,,,,,,
2022-12-06,1606.0,3085.0,150.0,30.0,12.0,34.2357706246003,,,,,,,,,,
2022-12-07,1932.0,2722.0,188.0,48.0,5.0,41.51267726686721,,,,,,,,,,
2022-12-08,1607.0,3074.0,163.0,45.0,12.0,34.330271309549246,,,,,,,,,,
2022-12-09,1861.0,2812.0,173.0,41.0,7.0,39.82452386047507,,,,,,,,,,
2022-12-12,1971.0,2776.0,106.0,41.0,7.0,41.52096060669897,,,,,,,,,,
2022-12-13,1908.0,2802.0,146.0,55.0,5.0,40.50955414012739,,,,,,,,,,
2022-12-14,1849.0,2827.0,179.0,49.0,12.0,39.542343883661246,,,,,,,,,,
2022-12-15,2698.0,1974.0,184.0,31.0,5.0,57.74828767123288,,,,,,,,,,
2022-12-16,1274.0,3468.0,119.0,38.0,5.0,26.86630113876002,,,,,,,,,,
2022-12-19,530.0,4308.0,23.0,27.0,20.0,10.954940057875156,,,,,,,,,,
2022-12-20,2107.0,2548.0,206.0,24.0,30.0,45.26315789473684,,,,,,,,,,
2022-12-21,1247.0,3456.0,156.0,26.0,6.0,26.51499043163938,,,,,,,,,,
2022-12-22,806.0,3965.0,96.0,33.0,9.0,16.893732970027248,,,,,,,,,,
2022-12-23,1962.0,2679.0,230.0,40.0,18.0,42.27537168713639,,,,,,,,,,
2022-12-26,3626.0,1096.0,151.0,62.0,5.0,76.78949597628124,,,,,,,,,,
2022-12-27,2897.0,1764.0,217.0,46.0,7.0,62.15404419652435,,,,,,,,,,
2022-12-28,923.0,3825.0,129.0,34.0,3.0,19.43976411120472,,,,,,,,,,
2022-12-29,1527.0,3197.0,160.0,38.0,5.0,32.32430143945809,,,,,,,,,,
2022-12-30,3194.0,1487.0,204.0,40.0,1.0,68.23328348643453,,,,,,,,,,
2023-01-03,4122.0,682.0,88.0,91.0,2.0,85.80349708576188,,,,,,,,,,
2023-01-04,2778.0,1873.0,243.0,46.0,8.0,59.729090518168135,,,,,,,,,,
2023-01-05,2927.0,1688.0,279.0,38.0,10.0,63.42361863488624,,,,,,,,,,
2023-01-06,1814.0,2864.0,215.0,31.0,12.0,38.77725523728089,,,,,,,,,,
2023-01-09,2890.0,1693.0,308.0,42.0,4.0,63.05913157320533,,,,,,,,,,
2023-01-10,1736.0,2999.0,160.0,36.0,2.0,36.66314677930306,,,,,,,,,,
2023-01-11,979.0,3764.0,152.0,28.0,2.0,20.640944549862954,,,,,,,,,,
2023-01-12,2194.0,2420.0,279.0,31.0,8.0,47.55093194625054,,,,,,,,,,
2023-01-13,2806.0,1870.0,218.0,31.0,8.0,60.00855431993156,,,,,,,,,,
2023-01-16,3763.0,978.0,154.0,38.0,7.0,79.37144062434086,,,,,,,,,,
2023-01-17,1901.0,2745.0,248.0,30.0,8.0,40.9169177787344,,,,,,,,,,
2023-01-18,2949.0,1666.0,278.0,33.0,5.0,63.90032502708559,,,,,,,,,,
2023-01-19,3303.0,1354.0,237.0,29.0,13.0,70.92548851191755,,,,,,,,,,
2023-01-20,3665.0,1096.0,137.0,25.0,5.0,76.97962612896451,,,,,,,,,,
2023-01-30,3691.0,1070.0,135.0,81.0,0.0,77.52572988867885,,,,,,,,,,
2023-01-31,2880.0,1824.0,192.0,44.0,9.0,61.224489795918366,,,,,,,,,,
2023-02-01,4230.0,564.0,104.0,67.0,1.0,88.23529411764706,,,,,,,,,,
2023-02-02,2262.0,2428.0,211.0,49.0,2.0,48.230277185501066,,,,,,,,,,
2023-02-03,1838.0,2878.0,185.0,40.0,4.0,38.97370653095844,,,,,,,,,,
2023-02-06,1774.0,2888.0,240.0,36.0,4.0,38.05233805233805,,,,,,,,,,
2023-02-07,3256.0,1446.0,203.0,41.0,3.0,69.24712888132709,,,,,,,,,,
2023-02-08,1336.0,3407.0,161.0,31.0,0.0,28.167826270293062,,,,,,,,,,
2023-02-09,4086.0,678.0,142.0,35.0,1.0,85.76826196473552,,,,,,,,,,
2023-02-10,2106.0,2549.0,254.0,21.0,5.0,45.24167561761547,,,,,,,,,,
2023-02-13,3396.0,1280.0,235.0,43.0,0.0,72.6261762189906,,,,,,,,,,
2023-02-14,2181.0,2470.0,260.0,22.0,1.0,46.8931412599441,,,,,,,,,,
2023-02-15,2094.0,2648.0,171.0,35.0,0.0,44.15858287642345,,,,,,,,,,
2023-02-16,478.0,4386.0,50.0,18.0,4.0,9.827302631578949,,,,,,,,,,
2023-02-17,1811.0,2862.0,245.0,26.0,6.0,38.7545473999572,,,,,,,,,,
2023-02-20,3891.0,913.0,117.0,39.0,5.0,80.99500416319734,,,,,,,,,,
2023-02-21,2825.0,1858.0,238.0,19.0,1.0,60.32457826179799,,,,,,,,,,
2023-02-22,2191.0,2472.0,260.0,23.0,1.0,46.98691829294446,,,,,,,,,,
2023-02-23,1778.0,2903.0,243.0,22.0,2.0,37.983336893826106,,,,,,,,,,
2023-02-24,1709.0,2967.0,248.0,14.0,2.0,36.54833190761335,,,,,,,,,,
2023-02-27,1031.0,3768.0,124.0,18.0,0.0,21.48364242550532,,,,,,,,,,
2023-02-28,3684.0,1095.0,147.0,21.0,2.0,77.0872567482737,,,,,,,,,,
2023-03-01,3341.0,1346.0,240.0,29.0,0.0,71.2822701088116,,,,,,,,,,
2023-03-02,1642.0,3073.0,217.0,24.0,4.0,34.82502651113467,,,,,,,,,,
2023-03-03,2120.0,2581.0,231.0,16.0,3.0,45.09678791746437,,,,,,,,,,
2023-03-06,2259.0,2469.0,206.0,19.0,6.0,47.77918781725889,,,,,,,,,,
2023-03-07,401.0,4476.0,58.0,16.0,0.0,8.22226778757433,,,,,,,,,,
2023-03-08,3428.0,1297.0,210.0,22.0,0.0,72.55026455026456,,,,,,,,,,
2023-03-09,2290.0,2427.0,220.0,27.0,0.0,48.547805808776765,,,,,,,,,,
2023-03-10,706.0,4163.0,70.0,18.0,6.0,14.49989730950914,,,,,,,,,,
2023-03-13,2275.0,2475.0,193.0,32.0,1.0,47.89473684210526,,,,,,,,,,
2023-03-14,931.0,3934.0,80.0,19.0,3.0,19.136690647482013,,,,,,,,,,
2023-03-15,3452.0,1372.0,121.0,28.0,1.0,71.55887230514097,,,,,,,,,,
2023-03-16,651.0,4218.0,78.0,17.0,5.0,13.37030191004313,,,,,,,,,,
2023-03-17,3114.0,1630.0,203.0,33.0,2.0,65.64080944350759,,,,,,,,,,
2023-03-20,1853.0,2971.0,123.0,24.0,8.0,38.41210613598673,,,,,,,,,,
2023-03-21,4038.0,781.0,131.0,33.0,4.0,83.79331811579166,,,,,,,,,,
2023-03-22,3023.0,1704.0,224.0,28.0,4.0,63.95176644806431,,,,,,,,,,
2023-03-23,1964.0,2749.0,240.0,20.0,2.0,41.67197114364524,,,,,,,,,,
2023-03-24,2288.0,2454.0,213.0,22.0,5.0,48.24968367777309,,,,,,,,,,
2023-03-27,1927.0,2881.0,147.0,36.0,6.0,40.07903494176372,,,,,,,,,,
2023-03-28,1352.0,3455.0,149.0,26.0,3.0,28.12565009361348,,,,,,,,,,
2023-03-29,1540.0,3275.0,143.0,19.0,3.0,31.98338525441329,,,,,,,,,,
2023-03-30,1875.0,2908.0,178.0,18.0,1.0,39.20133807233954,,,,,,,,,,
2023-03-31,3394.0,1364.0,202.0,31.0,2.0,71.33249264396805,,,,,,,,,,
2023-04-03,3249.0,1525.0,187.0,41.0,0.0,68.05613741097612,,,,,,,,,,
2023-04-04,1322.0,3499.0,143.0,25.0,1.0,27.42169674341423,,,,,,,,,,
2023-04-06,1998.0,2829.0,140.0,31.0,7.0,41.39216904909882,,,,,,,,,,
2023-04-07,3338.0,1410.0,218.0,47.0,1.0,70.30328559393428,,,,,,,,,,
2023-04-10,1257.0,3591.0,119.0,17.0,18.0,25.92821782178218,,,,,,,,,,
2023-04-11,2253.0,2505.0,220.0,31.0,3.0,47.35182849936948,,,,,,,,,,
2023-04-12,3059.0,1725.0,193.0,53.0,3.0,63.942307692307686,,,,,,,,,,
2023-04-13,1798.0,2996.0,184.0,29.0,3.0,37.5052148518982,,,,,,,,,,
2023-04-14,2657.0,2076.0,244.0,31.0,5.0,56.13775618001268,,,,,,,,,,
2023-04-17,2686.0,2097.0,194.0,37.0,9.0,56.15722349989546,,,,,,,,,,
2023-04-18,1444.0,3379.0,159.0,20.0,5.0,29.93987144930541,,,,,,,,,,
2023-04-19,1545.0,3255.0,186.0,27.0,5.0,32.1875,,,,,,,,,,
2023-04-20,1560.0,3307.0,122.0,35.0,4.0,32.052599137045405,,,,,,,,,,
2023-04-21,559.0,4377.0,52.0,11.0,37.0,11.324959481361429,,,,,,,,,,
2023-04-24,1971.0,2844.0,174.0,36.0,22.0,40.93457943925234,,,,,,,,,,
2023-04-25,819.0,4093.0,80.0,29.0,55.0,16.67345276872964,,,,,,,,,,
2023-04-26,3403.0,1479.0,105.0,53.0,30.0,69.70503891847603,,,,,,,,,,
2023-04-27,2545.0,2238.0,204.0,34.0,35.0,53.20928287685553,,,,,,,,,,
2023-04-28,3884.0,1021.0,78.0,97.0,14.0,79.18450560652396,,,,,,,,,,
2023-05-04,2918.0,1940.0,117.0,86.0,15.0,60.06587072869494,,,,,,,,,,
2023-05-05,1490.0,3368.0,131.0,40.0,10.0,30.671058048579663,,,,,,,,,,
2023-05-08,2940.0,1851.0,200.0,59.0,5.0,61.365059486537255,,,,,,,,,,
2023-05-09,818.0,4061.0,109.0,23.0,11.0,16.76573068251691,,,,,,,,,,
2023-05-10,2878.0,1910.0,202.0,37.0,10.0,60.10860484544696,,,,,,,,,,
2023-05-11,3089.0,1732.0,173.0,46.0,12.0,64.07384360091267,,,,,,,,,,
2023-05-12,1168.0,3677.0,151.0,24.0,11.0,24.10732714138287,,,,,,,,,,
2023-05-15,3425.0,1363.0,210.0,41.0,7.0,71.53299916457811,,,,,,,,,,
2023-05-16,1437.0,3428.0,136.0,24.0,25.0,29.537512846865365,,,,,,,,,,
2023-05-17,3490.0,1354.0,161.0,41.0,11.0,72.04789430222957,,,,,,,,,,
2023-05-18,2454.0,2301.0,251.0,46.0,0.0,51.60883280757098,,,,,,,,,,
2023-05-19,2450.0,2380.0,179.0,27.0,0.0,50.72463768115942,,,,,,,,,,
2023-05-22,2852.0,1949.0,210.0,36.0,4.0,59.40429077275567,,,,,,,,,,
2023-05-23,1172.0,3706.0,136.0,24.0,3.0,24.026240262402624,,,,,,,,,,
2023-05-24,2003.0,2802.0,212.0,42.0,6.0,41.68574401664932,,,,,,,,,,
2023-05-25,2023.0,2767.0,229.0,46.0,6.0,42.233820459290186,,,,,,,,,,
2023-05-26,2832.0,1972.0,216.0,47.0,3.0,58.95087427144047,,,,,,,,,,
2023-05-29,1631.0,3258.0,130.0,40.0,7.0,33.360605440785434,,,,,,,,,,
2023-05-30,2777.0,2017.0,225.0,39.0,3.0,57.92657488527326,,,,,,,,,,
2023-05-31,1803.0,3041.0,176.0,42.0,11.0,37.22130470685384,,,,,,,,,,
2023-06-01,2566.0,2234.0,220.0,41.0,8.0,53.45833333333333,,,,,,,,,,
2023-06-02,3278.0,1558.0,187.0,52.0,7.0,67.78329197684036,,,,,,,,,,
2023-06-05,2580.0,2212.0,234.0,44.0,7.0,53.839732888146905,,,,,,,,,,
2023-06-06,548.0,4416.0,62.0,40.0,13.0,11.03948428686543,,,,,,,,,,
2023-06-07,2665.0,2171.0,192.0,55.0,2.0,55.107526881720425,,,,,,,,,,
2023-06-08,1726.0,3135.0,165.0,31.0,13.0,35.50709730508126,,,,,,,,,,
2023-06-09,2672.0,2147.0,211.0,66.0,3.0,55.44718821332226,,,,,,,,,,
2023-06-12,2908.0,1948.0,177.0,61.0,5.0,59.88467874794069,,,,,,,,,,
2023-06-13,2599.0,2188.0,246.0,45.0,0.0,54.29287654063087,,,,,,,,,,
2023-06-14,2090.0,2716.0,226.0,49.0,2.0,43.48730753225135,,,,,,,,,,
2023-06-15,2664.0,2145.0,224.0,41.0,7.0,55.39613225202745,,,,,,,,,,
2023-06-16,2984.0,1790.0,259.0,52.0,1.0,62.50523669878508,,,,,,,,,,
2023-06-19,1926.0,2984.0,124.0,46.0,3.0,39.22606924643585,,,,,,,,,,
2023-06-20,1495.0,3421.0,119.0,40.0,3.0,30.41090317331164,,,,,,,,,,
2023-06-21,896.0,4035.0,109.0,38.0,19.0,18.170756438856216,,,,,,,,,,
2023-06-26,884.0,4088.0,72.0,36.0,28.0,17.779565567176185,,,,,,,,,,
2023-06-27,4188.0,781.0,74.0,56.0,3.0,84.282551821292,,,,,,,,,,
2023-06-28,2105.0,2716.0,229.0,31.0,10.0,43.66314042729724,,,,,,,,,,
2023-06-29,3278.0,1583.0,192.0,57.0,1.0,67.43468422135363,,,,,,,,,,
2023-06-30,3831.0,1065.0,160.0,50.0,1.0,78.24754901960785,,,,,,,,,,
2023-07-03,3070.0,1820.0,170.0,41.0,12.0,62.78118609406953,,,,,,,,,,
2023-07-04,2935.0,1868.0,259.0,52.0,3.0,61.10764105767229,,,,,,,,,,
2023-07-05,1354.0,3485.0,226.0,25.0,6.0,27.980987807398225,,,,,,,,,,
2023-07-06,1992.0,2802.0,273.0,31.0,4.0,41.55193992490614,,,,,,,,,,
2023-07-07,1763.0,3061.0,244.0,23.0,7.0,36.54643449419569,,,,,,,,,,
2023-07-10,2452.0,2344.0,273.0,34.0,2.0,51.12593828190158,,,,,,,,,,
2023-07-11,3481.0,1358.0,232.0,34.0,3.0,71.93635048563752,,,,,,,,,,
2023-07-12,868.0,4101.0,103.0,32.0,8.0,17.46830348158583,,,,,,,,,,
2023-07-13,3840.0,1078.0,160.0,39.0,5.0,78.08052053680358,,,,,,,,,,
2023-07-14,2068.0,2757.0,254.0,40.0,9.0,42.860103626943,,,,,,,,,,
2023-07-17,2018.0,2819.0,243.0,28.0,11.0,41.720074426297295,,,,,,,,,,
2023-07-18,2471.0,2374.0,237.0,19.0,0.0,51.001031991744064,,,,,,,,,,
2023-07-19,2101.0,2750.0,233.0,20.0,1.0,43.31065759637188,,,,,,,,,,
2023-07-20,967.0,3963.0,158.0,26.0,4.0,19.614604462474645,,,,,,,,,,
2023-07-21,2082.0,2753.0,255.0,29.0,13.0,43.06101344364012,,,,,,,,,,
2023-07-24,2397.0,2458.0,235.0,23.0,6.0,49.37178166838311,,,,,,,,,,
2023-07-25,4301.0,689.0,103.0,56.0,0.0,86.19238476953907,,,,,,,,,,
2023-07-26,2047.0,2876.0,173.0,35.0,1.0,41.58033719276864,,,,,,,,,,
2023-07-27,1273.0,3602.0,223.0,25.0,6.0,26.112820512820512,,,,,,,,,,
2023-07-28,3547.0,1395.0,158.0,46.0,1.0,71.77256171590449,,,,,,,,,,
2023-07-31,3553.0,1420.0,129.0,46.0,1.0,71.4458073597426,,,,,,,,,,
2023-08-01,1878.0,2996.0,227.0,34.0,3.0,38.53098071399261,,,,,,,,,,
2023-08-02,2016.0,2832.0,254.0,25.0,0.0,41.58415841584159,,,,,,,,,,
2023-08-03,2012.0,2846.0,245.0,23.0,6.0,41.41622066694113,,,,,,,,,,
2023-08-04,2248.0,2639.0,218.0,18.0,2.0,45.99959075097196,,,,,,,,,,
2023-08-07,1448.0,3490.0,168.0,30.0,9.0,29.32361279870393,,,,,,,,,,
2023-08-08,1955.0,2919.0,233.0,31.0,8.0,40.11079195732458,,,,,,,,,,
2023-08-09,1151.0,3805.0,154.0,21.0,2.0,23.224374495560937,,,,,,,,,,
2023-08-10,2943.0,1893.0,278.0,24.0,3.0,60.8560794044665,,,,,,,,,,
2023-08-11,539.0,4517.0,59.0,21.0,7.0,10.660601265822784,,,,,,,,,,
2023-08-14,2867.0,2028.0,220.0,24.0,3.0,58.569969356486205,,,,,,,,,,
2023-08-15,1417.0,3509.0,189.0,26.0,2.0,28.765732846122617,,,,,,,,,,
2023-08-16,1040.0,3901.0,176.0,21.0,1.0,21.048370775146733,,,,,,,,,,
2023-08-17,3894.0,1056.0,169.0,35.0,0.0,78.66666666666666,,,,,,,,,,
2023-08-18,1021.0,3990.0,111.0,29.0,11.0,20.37517461584514,,,,,,,,,,
2023-08-21,1352.0,3598.0,174.0,32.0,5.0,27.31313131313131,,,,,,,,,,
2023-08-22,2512.0,2425.0,188.0,41.0,4.0,50.881101883735056,,,,,,,,,,
2023-08-23,590.0,4452.0,85.0,34.0,11.0,11.701705672352242,,,,,,,,,,
2023-08-24,2224.0,2713.0,193.0,34.0,16.0,45.04759975693741,,,,,,,,,,
2023-08-25,861.0,4143.0,126.0,22.0,42.0,17.206235011990408,,,,,,,,,,
2023-08-28,3523.0,1477.0,132.0,40.0,2.0,70.46,,,,,,,,,,
2023-08-29,4630.0,438.0,64.0,75.0,3.0,91.35753749013418,,,,,,,,,,
2023-08-30,3082.0,1911.0,139.0,36.0,3.0,61.72641698377729,,,,,,,,,,
2023-08-31,1746.0,3205.0,182.0,31.0,10.0,35.26560290850333,,,,,,,,,,
2023-09-01,2634.0,2317.0,182.0,24.0,2.0,53.20137345990709,,,,,,,,,,
2023-09-04,4070.0,976.0,88.0,49.0,3.0,80.65794688862465,,,,,,,,,,
2023-09-05,1557.0,3404.0,175.0,20.0,2.0,31.3848014513203,,,,,,,,,,
2023-09-06,2731.0,2200.0,206.0,37.0,0.0,55.38430338673697,,,,,,,,,,
2023-09-07,465.0,4608.0,65.0,17.0,8.0,9.166173861620344,,,,,,,,,,
2023-09-08,2635.0,2205.0,299.0,36.0,7.0,54.442148760330575,,,,,,,,,,
2023-09-11,3671.0,1286.0,182.0,26.0,5.0,74.05688924752874,,,,,,,,,,
2023-09-12,1985.0,2842.0,315.0,26.0,2.0,41.12285063186244,,,,,,,,,,
2023-09-13,836.0,4126.0,180.0,23.0,1.0,16.848045143087464,,,,,,,,,,
2023-09-14,1196.0,3780.0,166.0,23.0,1.0,24.035369774919616,,,,,,,,,,
2023-09-15,2566.0,2327.0,249.0,32.0,1.0,52.44226445943184,,,,,,,,,,
2023-09-18,3308.0,1618.0,218.0,41.0,8.0,67.15387738530248,,,,,,,,,,
2023-09-19,1037.0,3923.0,185.0,19.0,9.0,20.907258064516128,,,,,,,,,,
2023-09-20,1068.0,3868.0,209.0,16.0,12.0,21.63695299837925,,,,,,,,,,
2023-09-21,1024.0,3926.0,197.0,16.0,1.0,20.686868686868685,,,,,,,,,,
2023-09-22,4518.0,543.0,88.0,31.0,4.0,89.27089508002372,,,,,,,,,,
2023-09-25,1607.0,3383.0,158.0,27.0,5.0,32.20440881763527,,,,,,,,,,
2023-09-26,1479.0,3438.0,233.0,32.0,6.0,30.079316656497863,,,,,,,,,,
2023-09-27,2865.0,1989.0,297.0,34.0,7.0,59.02348578491965,,,,,,,,,,
2023-09-28,3674.0,1274.0,200.0,38.0,3.0,74.25222312045271,,,,,,,,,,
2023-10-09,1657.0,3364.0,130.0,56.0,11.0,33.00139414459271,,,,,,,,,,
2023-10-10,1803.0,3105.0,245.0,43.0,10.0,36.7359413202934,,,,,,,,,,
2023-10-11,2464.0,2470.0,219.0,38.0,7.0,49.93919740575598,,,,,,,,,,
2023-10-12,3228.0,1729.0,197.0,30.0,4.0,65.12003227758724,,,,,,,,,,
2023-10-13,1254.0,3753.0,147.0,38.0,0.0,25.04493708807669,,,,,,,,,,
2023-10-16,1469.0,3479.0,207.0,55.0,6.0,29.688763136620857,,,,,,,,,,
2023-10-17,2137.0,2734.0,284.0,27.0,8.0,43.87189488811333,,,,,,,,,,
2023-10-18,493.0,4618.0,45.0,36.0,11.0,9.645861866562315,,,,,,,,,,
2023-10-19,1139.0,3824.0,195.0,26.0,25.0,22.9498287326214,,,,,,,,,,
2023-10-20,1272.0,3618.0,269.0,37.0,16.0,26.012269938650302,,,,,,,,,,
2023-10-23,451.0,4672.0,36.0,35.0,14.0,8.803435487019325,,,,,,,,,,
2023-10-24,4562.0,537.0,60.0,62.0,4.0,89.46852323985095,,,,,,,,,,
2023-10-25,3907.0,1135.0,119.0,63.0,6.0,77.48909163030542,,,,,,,,,,
2023-10-26,2803.0,2133.0,225.0,41.0,7.0,56.7868719611021,,,,,,,,,,
2023-10-27,3941.0,1098.0,122.0,75.0,2.0,78.20996229410598,,,,,,,,,,
2023-10-30,3579.0,1417.0,165.0,66.0,9.0,71.6373098478783,,,,,,,,,,
2023-10-31,1960.0,2981.0,223.0,34.0,15.0,39.66808338393038,,,,,,,,,,
2023-11-01,2712.0,2206.0,248.0,35.0,8.0,55.14436762911753,,,,,,,,,,
2023-11-02,859.0,4141.0,167.0,28.0,4.0,17.18,,,,,,,,,,
2023-11-03,3799.0,1152.0,218.0,41.0,2.0,76.73197333871946,,,,,,,,,,
2023-11-06,4545.0,528.0,91.0,57.0,2.0,89.591957421644,,,,,,,,,,
2023-11-07,2776.0,2053.0,337.0,54.0,0.0,57.48602195071444,,,,,,,,,,
2023-11-08,2299.0,2667.0,203.0,53.0,4.0,46.29480467176803,,,,,,,,,,
2023-11-09,1458.0,3477.0,233.0,30.0,20.0,29.544072948328264,,,,,,,,,,
2023-11-10,2096.0,2786.0,287.0,34.0,18.0,42.93322408848832,,,,,,,,,,
2023-11-13,3800.0,1200.0,171.0,39.0,6.0,76.0,,,,,,,,,,
2023-11-14,2897.0,1971.0,304.0,39.0,1.0,59.51109285127363,,,,,,,,,,
2023-11-15,3253.0,1652.0,266.0,57.0,0.0,66.32008154943935,,,,,,,,,,
2023-11-16,920.0,4070.0,179.0,32.0,4.0,18.43687374749499,,,,,,,,,,
2023-11-17,3645.0,1285.0,243.0,46.0,2.0,73.93509127789046,,,,,,,,,,
2023-11-20,3819.0,1153.0,204.0,62.0,0.0,76.81013676588898,,,,,,,,,,
2023-11-21,1653.0,3294.0,230.0,59.0,2.0,33.41419041843541,,,,,,,,,,
2023-11-22,1113.0,3916.0,148.0,63.0,11.0,22.131636508252136,,,,,,,,,,
2023-11-23,4083.0,961.0,134.0,46.0,18.0,80.94766058683585,,,,,,,,,,
2023-11-24,1097.0,3950.0,133.0,53.0,15.0,21.73568456508817,,,,,,,,,,
2023-11-27,2484.0,2485.0,211.0,64.0,23.0,49.98993761320185,,,,,,,,,,
2023-11-28,3631.0,1344.0,202.0,46.0,12.0,72.98492462311557,,,,,,,,,,
2023-11-29,1194.0,3835.0,150.0,30.0,8.0,23.7422946907934,,,,,,,,,,
2023-11-30,1498.0,3478.0,203.0,27.0,7.0,30.104501607717044,,,,,,,,,,
2023-12-01,2910.0,2082.0,190.0,50.0,4.0,58.293269230769226,,,,,,,,,,
2023-12-04,2266.0,2679.0,236.0,54.0,3.0,45.82406471183013,,,,,,,,,,
2023-12-05,615.0,4515.0,51.0,53.0,5.0,11.988304093567251,,,,,,,,,,
2023-12-06,3171.0,1765.0,247.0,45.0,9.0,64.242301458671,,,,,,,,,,
2023-12-07,1880.0,3103.0,200.0,41.0,22.0,37.72827613887216,,,,,,,,,,
2023-12-08,1427.0,3652.0,106.0,37.0,14.0,28.096081905886987,,,,,,,,,,
2023-12-11,3873.0,1177.0,137.0,40.0,1.0,76.6930693069307,,,,,,,,,,
2023-12-12,3021.0,1928.0,237.0,42.0,2.0,61.04263487573248,,,,,,,,,,
2023-12-13,1537.0,3493.0,159.0,38.0,1.0,30.55666003976143,,,,,,,,,,
2023-12-14,2006.0,2927.0,257.0,40.0,12.0,40.664909791202106,,,,,,,,,,
2023-12-15,1573.0,3401.0,216.0,45.0,3.0,31.62444712505026,,,,,,,,,,
2023-12-18,817.0,4305.0,68.0,37.0,12.0,15.950800468566968,,,,,,,,,,
2023-12-19,2671.0,2298.0,219.0,28.0,18.0,53.7532702757094,,,,,,,,,,
2023-12-20,1171.0,3876.0,144.0,33.0,10.0,23.20190212007133,,,,,,,,,,
2023-12-21,3462.0,1505.0,224.0,34.0,7.0,69.70002013287699,,,,,,,,,,
2023-12-22,1086.0,3984.0,121.0,22.0,53.0,21.420118343195263,,,,,,,,,,
2023-12-25,1991.0,3045.0,157.0,35.0,23.0,39.53534551231136,,,,,,,,,,
2023-12-26,786.0,4305.0,103.0,38.0,9.0,15.439010017678257,,,,,,,,,,
2023-12-27,3687.0,1330.0,179.0,30.0,18.0,73.49013354594379,,,,,,,,,,
2023-12-28,4321.0,796.0,77.0,60.0,9.0,84.44401016220442,,,,,,,,,,
2023-12-29,4224.0,806.0,168.0,64.0,3.0,83.97614314115309,,,,,,,,,,
2024-01-02,2790.0,2260.0,149.0,55.0,5.0,55.24752475247525,,,,,,,,,,
2024-01-03,1914.0,3108.0,206.0,34.0,12.0,38.11230585424134,,,,,,,,,,
2024-01-04,1821.0,3182.0,226.0,40.0,9.0,36.398161103338,,,,,,,,,,
2024-01-05,491.0,4670.0,69.0,25.0,13.0,9.513660143383063,,,,,,,,,,
2024-01-08,380.0,4803.0,48.0,33.0,16.0,7.331661200077175,,,,,,,,,,
2024-01-09,3386.0,1640.0,205.0,43.0,8.0,67.36967767608436,,,,,,,,,,
2024-01-10,1265.0,3746.0,221.0,35.0,14.0,25.24446218319697,,,,,,,,,,
2024-01-11,4380.0,738.0,114.0,53.0,3.0,85.58030480656507,,,,,,,,,,
2024-01-12,1375.0,3666.0,192.0,24.0,4.0,27.27633406070224,,,,,,,,,,
2024-01-15,1941.0,3058.0,235.0,34.0,4.0,38.82776555311062,,,,,,,,,,
2024-01-16,1600.0,3435.0,200.0,35.0,5.0,31.77755710029792,,,,,,,,,,
2024-01-17,271.0,4945.0,20.0,33.0,13.0,5.195552147239264,,,,,,,,,,
2024-01-18,1641.0,3468.0,128.0,40.0,10.0,32.119788608338226,,,,,,,,,,
2024-01-19,1014.0,4102.0,123.0,41.0,26.0,19.820172009382333,,,,,,,,,,
2024-01-22,138.0,5095.0,8.0,17.0,104.0,2.637110643990064,,,,,,,,,,
2024-01-23,2922.0,2141.0,178.0,41.0,29.0,57.71281848706301,,,,,,,,,,
2024-01-24,3931.0,1218.0,92.0,74.0,3.0,76.34492134395028,,,,,,,,,,
2024-01-25,4802.0,416.0,26.0,102.0,3.0,92.02759678037562,,,,,,,,,,
2024-01-26,2095.0,2985.0,163.0,59.0,11.0,41.24015748031496,,,,,,,,,,
2024-01-29,478.0,4724.0,43.0,28.0,65.0,9.18877354863514,,,,,,,,,,
2024-01-30,303.0,4917.0,24.0,23.0,72.0,5.804597701149426,,,,,,,,,,
2024-01-31,484.0,4721.0,40.0,27.0,130.0,9.298751200768493,,,,,,,,,,
2024-02-01,1088.0,4073.0,84.0,30.0,45.0,21.081185816702188,,,,,,,,,,
2024-02-02,383.0,4832.0,29.0,27.0,51.0,7.344199424736337,,,,,,,,,,
2024-02-05,423.0,4805.0,18.0,19.0,1454.0,8.091048201989288,,,,,,,,,,
2024-02-06,3790.0,1407.0,51.0,221.0,158.0,72.92668847411969,,,,,,,,,,
2024-02-07,2180.0,3023.0,45.0,126.0,302.0,41.89890447818566,,,,,,,,,,
2024-02-08,4720.0,487.0,42.0,694.0,2.0,90.64720568465528,,,,,,,,,,
2024-02-19,4175.0,1018.0,58.0,251.0,0.0,80.39668784902754,,,,,,,,,,
2024-02-20,3501.0,1551.0,199.0,107.0,0.0,69.29928741092637,,,,,,,,,,
2024-02-21,4028.0,1084.0,139.0,120.0,0.0,78.79499217527388,,,,,,,,,,
2024-02-22,4483.0,605.0,163.0,77.0,0.0,88.10927672955975,,,,,,,,,,
2024-02-23,4298.0,815.0,137.0,106.0,0.0,84.06023860747115,,,,,,,,,,
2024-02-26,3619.0,1474.0,156.0,105.0,0.0,71.05831533477321,,,,,,,,,,
2024-02-27,4942.0,268.0,40.0,98.0,1.0,94.85604606525912,,,,,,,,,,
2024-02-28,259.0,4970.0,20.0,32.0,410.0,4.953145917001338,,,,,,,,,,
2024-02-29,5144.0,87.0,19.0,108.0,1.0,98.33683808067292,,,,,,,,,,
2024-03-01,3480.0,1586.0,184.0,69.0,4.0,68.69324911172524,,,,,,,,,,
2024-03-04,2038.0,3103.0,110.0,73.0,5.0,39.64209297801984,,,,,,,,,,
2024-03-05,912.0,4265.0,74.0,50.0,4.0,17.616380142939928,,,,,,,,,,
2024-03-06,3372.0,1700.0,178.0,85.0,1.0,66.48264984227129,,,,,,,,,,
2024-03-07,1477.0,3595.0,178.0,62.0,9.0,29.120662460567825,,,,,,,,,,
2024-03-08,3560.0,1456.0,235.0,61.0,3.0,70.97288676236045,,,,,,,,,,
2024-03-11,4403.0,759.0,89.0,85.0,0.0,85.2963967454475,,,,,,,,,,
2024-03-12,3634.0,1490.0,129.0,71.0,0.0,70.92115534738485,,,,,,,,,,
2024-03-13,2202.0,2861.0,190.0,56.0,0.0,43.492000790045424,,,,,,,,,,
2024-03-14,1520.0,3521.0,214.0,38.0,4.0,30.15274747073993,,,,,,,,,,
2024-03-15,4316.0,840.0,98.0,70.0,0.0,83.70830100853375,,,,,,,,,,
2024-03-18,4511.0,628.0,114.0,84.0,1.0,87.77972368165013,,,,,,,,,,
2024-03-19,1700.0,3383.0,172.0,61.0,1.0,33.44481605351171,,,,,,,,,,
2024-03-20,3802.0,1233.0,219.0,78.0,0.0,75.51142005958292,,,,,,,,,,
2024-03-21,2165.0,2842.0,249.0,68.0,3.0,43.23946474935091,,,,,,,,,,
2024-03-22,897.0,4320.0,39.0,57.0,12.0,17.193789534215064,,,,,,,,,,
2024-03-25,718.0,4468.0,70.0,40.0,35.0,13.844967219436946,,,,,,,,,,
2024-03-26,2488.0,2562.0,207.0,59.0,11.0,49.26732673267327,,,,,,,,,,
2024-03-27,580.0,4624.0,54.0,43.0,46.0,11.145272867025364,,,,,,,,,,
2024-03-28,4497.0,635.0,125.0,78.0,2.0,87.62665627435698,,,,,,,,,,
2024-03-29,3816.0,1320.0,122.0,68.0,8.0,74.29906542056075,,,,,,,,,,
2024-04-01,4561.0,612.0,88.0,80.0,6.0,88.16934080804175,,,,,,,,,,
2024-04-02,2220.0,2846.0,195.0,58.0,6.0,43.82155546782472,,,,,,,,,,
2024-04-03,1736.0,3372.0,153.0,50.0,11.0,33.98590446358653,,,,,,,,,,
2024-04-08,777.0,4432.0,53.0,56.0,32.0,14.916490689191782,,,,,,,,,,
2024-04-09,4096.0,1064.0,105.0,62.0,12.0,79.37984496124031,,,,,,,,,,
2024-04-10,925.0,4286.0,54.0,29.0,20.0,17.750911533294953,,,,,,,,,,
2024-04-11,2626.0,2422.0,217.0,47.0,14.0,52.02060221870048,,,,,,,,,,
2024-04-12,1491.0,3664.0,111.0,60.0,10.0,28.923375363724546,,,,,,,,,,
2024-04-15,1220.0,4004.0,41.0,25.0,262.0,23.35375191424196,,,,,,,,,,
2024-04-16,276.0,4970.0,20.0,20.0,762.0,5.261151353412124,,,,,,,,,,
2024-04-17,5073.0,179.0,13.0,291.0,1.0,96.5917745620716,,,,,,,,,,
2024-04-18,2090.0,3039.0,136.0,63.0,4.0,40.74868395398713,,,,,,,,,,
2024-04-19,1662.0,3456.0,147.0,56.0,7.0,32.4736225087925,,,,,,,,,,
2024-04-22,1904.0,3242.0,118.0,55.0,29.0,36.99961134862029,,,,,,,,,,
2024-04-23,3194.0,1942.0,127.0,49.0,18.0,62.18847352024922,,,,,,,,,,
2024-04-24,4138.0,980.0,145.0,48.0,3.0,80.85189527159046,,,,,,,,,,
2024-04-25,2892.0,2185.0,185.0,40.0,7.0,56.96277329131377,,,,,,,,,,
2024-04-26,3876.0,1252.0,127.0,69.0,3.0,75.58502340093604,,,,,,,,,,
2024-04-29,4453.0,747.0,52.0,115.0,6.0,85.63461538461539,,,,,,,,,,
2024-04-30,1902.0,3198.0,141.0,55.0,20.0,37.29411764705882,,,,,,,,,,
2024-05-06,4482.0,690.0,92.0,90.0,7.0,86.65893271461717,,,,,,,,,,
2024-05-07,2972.0,2043.0,249.0,56.0,1.0,59.26221335992024,,,,,,,,,,
2024-05-08,957.0,4220.0,85.0,47.0,3.0,18.48560942630867,,,,,,,,,,
2024-05-09,4241.0,892.0,131.0,52.0,2.0,82.62224819793494,,,,,,,,,,
2024-05-10,1350.0,3809.0,106.0,36.0,6.0,26.16786198875751,,,,,,,,,,
2024-05-13,1112.0,4056.0,95.0,29.0,16.0,21.517027863777088,,,,,,,,,,
2024-05-14,3422.0,1641.0,204.0,46.0,10.0,67.5883863322141,,,,,,,,,,
2024-05-15,1281.0,3832.0,155.0,31.0,5.0,25.053784470956387,,,,,,,,,,
2024-05-16,2778.0,2295.0,195.0,43.0,3.0,54.7604967474867,,,,,,,,,,
2024-05-17,4037.0,1091.0,141.0,78.0,1.0,78.72464898595943,,,,,,,,,,
2024-05-20,2723.0,2348.0,194.0,45.0,10.0,53.697495563005326,,,,,,,,,,
2024-05-21,1134.0,4026.0,108.0,19.0,7.0,21.97674418604652,,,,,,,,,,
2024-05-22,3063.0,1982.0,224.0,40.0,4.0,60.71357779980179,,,,,,,,,,
2024-05-23,716.0,4521.0,32.0,26.0,6.0,13.671949589459617,,,,,,,,,,
2024-05-24,1282.0,3798.0,189.0,37.0,12.0,25.236220472440944,,,,,,,,,,
2024-05-27,3367.0,1709.0,191.0,39.0,15.0,66.33175728920409,,,,,,,,,,
2024-05-28,1134.0,4036.0,97.0,30.0,6.0,21.934235976789168,,,,,,,,,,
2024-05-29,2729.0,2247.0,290.0,31.0,7.0,54.84324758842444,,,,,,,,,,
2024-05-30,1651.0,3446.0,169.0,29.0,12.0,32.391602903668826,,,,,,,,,,
2024-05-31,3242.0,1773.0,252.0,33.0,5.0,64.64606181455633,,,,,,,,,,
2024-06-03,897.0,4336.0,35.0,17.0,29.0,17.141219185935412,,,,,,,,,,
2024-06-04,2054.0,3065.0,147.0,31.0,21.0,40.1250244188318,,,,,,,,,,
2024-06-05,657.0,4543.0,68.0,19.0,5.0,12.634615384615383,,,,,,,,,,
2024-06-06,497.0,4737.0,35.0,21.0,66.0,9.495605655330532,,,,,,,,,,
2024-06-07,4073.0,1121.0,71.0,57.0,8.0,78.41740469772814,,,,,,,,,,
2024-06-11,3009.0,2086.0,171.0,28.0,7.0,59.05789990186457,,,,,,,,,,
2024-06-12,3919.0,1153.0,197.0,46.0,1.0,77.26735015772871,,,,,,,,,,
2024-06-13,1712.0,3427.0,132.0,45.0,2.0,33.313874294609846,,,,,,,,,,
2024-06-14,2642.0,2359.0,272.0,23.0,4.0,52.82943411317736,,,,,,,,,,
2024-06-17,1558.0,3553.0,161.0,25.0,4.0,30.48327137546468,,,,,,,,,,
2024-06-18,3935.0,1182.0,155.0,44.0,0.0,76.90052765292164,,,,,,,,,,
2024-06-19,1571.0,3528.0,174.0,39.0,0.0,30.809962737791725,,,,,,,,,,
2024-06-20,821.0,4403.0,48.0,35.0,4.0,15.715926493108729,,,,,,,,,,
2024-06-21,2356.0,2636.0,281.0,35.0,10.0,47.19551282051282,,,,,,,,,,
2024-06-24,320.0,4931.0,23.0,21.0,19.0,6.094077318605979,,,,,,,,,,
2024-06-25,2814.0,2273.0,182.0,56.0,11.0,55.31747591900924,,,,,,,,,,
2024-06-26,4755.0,458.0,61.0,50.0,0.0,91.214272012277,,,,,,,,,,
2024-06-27,525.0,4682.0,67.0,29.0,5.0,10.082581140772035,,,,,,,,,,
2024-06-28,3007.0,2024.0,245.0,34.0,6.0,59.7694295368714,,,,,,,,,,
2024-07-01,3542.0,1588.0,144.0,39.0,8.0,69.0448343079922,,,,,,,,,,
2024-07-02,2375.0,2715.0,185.0,46.0,2.0,46.66011787819254,,,,,,,,,,
2024-07-03,1306.0,3738.0,231.0,32.0,5.0,25.89214908802538,,,,,,,,,,
2024-07-04,411.0,4839.0,27.0,15.0,7.0,7.828571428571429,,,,,,,,,,
2024-07-05,3878.0,1216.0,182.0,34.0,3.0,76.12877895563408,,,,,,,,,,
2024-07-08,447.0,4798.0,29.0,19.0,6.0,8.52240228789323,,,,,,,,,,
2024-07-09,4241.0,883.0,152.0,50.0,8.0,82.76736924277908,,,,,,,,,,
2024-07-10,1528.0,3598.0,151.0,43.0,22.0,29.80881779165041,,,,,,,,,,
2024-07-11,4940.0,299.0,39.0,76.0,0.0,94.29280397022332,,,,,,,,,,
2024-07-12,1953.0,3067.0,258.0,33.0,5.0,38.90438247011952,,,,,,,,,,
2024-07-15,868.0,4320.0,91.0,27.0,6.0,16.730917501927525,,,,,,,,,,
2024-07-16,2422.0,2568.0,289.0,32.0,2.0,48.5370741482966,,,,,,,,,,
2024-07-17,1594.0,3498.0,185.0,34.0,4.0,31.304006284367635,,,,,,,,,,
2024-07-18,2114.0,2878.0,285.0,39.0,2.0,42.34775641025641,,,,,,,,,,
2024-07-19,3069.0,1951.0,256.0,41.0,2.0,61.13545816733068,,,,,,,,,,
2024-07-22,2861.0,2173.0,242.0,41.0,5.0,56.83353198251887,,,,,,,,,,
2024-07-23,555.0,4618.0,104.0,42.0,6.0,10.728784071138604,,,,,,,,,,
2024-07-24,777.0,4404.0,96.0,30.0,20.0,14.997104806022003,,,,,,,,,,
2024-07-25,3388.0,1647.0,241.0,43.0,4.0,67.28897715988083,,,,,,,,,,
2024-07-26,4450.0,716.0,112.0,62.0,4.0,86.14014711575687,,,,,,,,,,
2024-07-29,2307.0,2707.0,264.0,68.0,2.0,46.011168727562826,,,,,,,,,,
2024-07-30,3343.0,1727.0,209.0,62.0,1.0,65.93688362919133,,,,,,,,,,
2024-07-31,5009.0,241.0,28.0,88.0,1.0,95.4095238095238,,,,,,,,,,
2024-08-01,2127.0,2837.0,313.0,58.0,2.0,42.848509266720384,,,,,,,,,,
2024-08-02,972.0,4155.0,153.0,49.0,7.0,18.95845523698069,,,,,,,,,,
2024-08-05,494.0,4713.0,73.0,50.0,30.0,9.487228730555024,,,,,,,,,,
2024-08-06,4720.0,478.0,83.0,58.0,19.0,90.80415544440169,,,,,,,,,,
2024-08-07,2129.0,2901.0,252.0,50.0,14.0,42.32604373757455,,,,,,,,,,
2024-08-08,2312.0,2745.0,226.0,43.0,16.0,45.71880561597786,,,,,,,,,,
2024-08-09,1262.0,3767.0,254.0,31.0,15.0,25.094452177371245,,,,,,,,,,
2024-08-12,1487.0,3604.0,192.0,34.0,20.0,29.20840699273227,,,,,,,,,,
2024-08-13,3691.0,1349.0,243.0,37.0,5.0,73.23412698412697,,,,,,,,,,
2024-08-14,1333.0,3718.0,232.0,35.0,5.0,26.39081370025737,,,,,,,,,,
2024-08-15,3827.0,1250.0,208.0,47.0,1.0,75.37916092180421,,,,,,,,,,
2024-08-16,1649.0,3491.0,145.0,39.0,8.0,32.08171206225681,,,,,,,,,,
2024-08-19,1887.0,3137.0,261.0,42.0,9.0,37.55971337579618,,,,,,,,,,
2024-08-20,651.0,4559.0,76.0,28.0,9.0,12.495201535508638,,,,,,,,,,
2024-08-21,1821.0,3201.0,264.0,39.0,4.0,36.26045400238949,,,,,,,,,,
2024-08-22,753.0,4429.0,104.0,29.0,14.0,14.531069085295254,,,,,,,,,,
2024-08-23,1855.0,3196.0,235.0,40.0,9.0,36.725400910710746,,,,,,,,,,
2024-08-26,3813.0,1322.0,152.0,43.0,10.0,74.25511197663096,,,,,,,,,,
2024-08-27,1024.0,4140.0,123.0,33.0,11.0,19.8295894655306,,,,,,,,,,
2024-08-28,3377.0,1661.0,248.0,38.0,6.0,67.03056768558952,,,,,,,,,,
2024-08-29,4134.0,944.0,208.0,49.0,2.0,81.41000393855849,,,,,,,,,,
2024-08-30,4639.0,550.0,98.0,65.0,0.0,89.40065523222201,,,,,,,,,,
2024-09-02,792.0,4393.0,101.0,31.0,8.0,15.274831243973,,,,,,,,,,
2024-09-03,3877.0,1149.0,260.0,44.0,4.0,77.13887783525666,,,,,,,,,,
2024-09-04,1274.0,3826.0,188.0,38.0,1.0,24.980392156862745,,,,,,,,,,
2024-09-05,3905.0,1164.0,220.0,49.0,2.0,77.03689090550404,,,,,,,,,,
2024-09-06,519.0,4679.0,92.0,31.0,3.0,9.984609465178917,,,,,,,,,,
2024-09-09,1919.0,3056.0,312.0,48.0,9.0,38.57286432160805,,,,,,,,,,
2024-09-10,3299.0,1735.0,253.0,41.0,16.0,65.53436630909813,,,,,,,,,,
2024-09-11,1586.0,3497.0,207.0,30.0,13.0,31.202046035805623,,,,,,,,,,
2024-09-12,1850.0,3112.0,329.0,36.0,4.0,37.283353486497376,,,,,,,,,,
2024-09-13,1082.0,4043.0,166.0,41.0,10.0,21.11219512195122,,,,,,,,,,
2024-09-18,1508.0,3602.0,178.0,26.0,10.0,29.51076320939335,,,,,,,,,,
2024-09-19,4757.0,477.0,58.0,58.0,1.0,90.88651127244935,,,,,,,,,,
2024-09-20,1605.0,3447.0,239.0,48.0,1.0,31.76959619952494,,,,,,,,,,
2024-09-23,2537.0,2484.0,272.0,54.0,5.0,50.52778331009758,,,,,,,,,,
2024-09-24,5123.0,156.0,15.0,94.0,3.0,97.04489486645198,,,,,,,,,,
2024-09-25,4118.0,999.0,179.0,56.0,3.0,80.47684189955052,,,,,,,,,,
2024-09-26,5109.0,162.0,25.0,156.0,1.0,96.92657939669893,,,,,,,,,,
2024-09-27,5186.0,88.0,24.0,162.0,1.0,98.33143723928708,,,,,,,,,,
2024-09-30,5286.0,8.0,0.0,1209.0,0.0,99.84888553078956,,,,,,,,,,
2024-10-08,4995.0,275.0,21.0,947.0,0.0,94.78178368121442,,,,,,,,,,
2024-10-09,290.0,4999.0,2.0,53.0,1154.0,5.48307808659482,,,,,,,,,,
2024-10-10,2974.0,2200.0,118.0,79.0,42.0,57.47970622342482,,,,,,,,,,
2024-10-11,421.0,4832.0,38.0,35.0,36.0,8.014467923091567,,,,,,,,,,
2024-10-14,4984.0,272.0,38.0,114.0,3.0,94.82496194824962,,,,,,,,,,
2024-10-15,777.0,4455.0,63.0,55.0,4.0,14.85091743119266,,,,,,,,,,
2024-10-16,2692.0,2423.0,182.0,97.0,5.0,52.62952101661779,,,,,,,,,,
2024-10-17,1774.0,3416.0,110.0,59.0,5.0,34.18111753371869,,,,,,,,,,
2024-10-18,5054.0,192.0,54.0,133.0,0.0,96.34006862371332,,,,,,,,,,
2024-10-21,3741.0,1417.0,142.0,182.0,1.0,72.52811167119039,,,,,,,,,,
2024-10-22,3554.0,1665.0,80.0,116.0,0.0,68.09733665453152,,,,,,,,,,
2024-10-23,2715.0,2403.0,178.0,103.0,4.0,53.04806565064478,,,,,,,,,,
2024-10-24,2097.0,3035.0,164.0,102.0,4.0,40.86126266562744,,,,,,,,,,
2024-10-25,4265.0,964.0,68.0,173.0,0.0,81.56435264869,,,,,,,,,,
2024-10-28,4175.0,1068.0,52.0,250.0,1.0,79.6299828342552,,,,,,,,,,
2024-10-29,1042.0,4213.0,40.0,136.0,7.0,19.82873453853473,,,,,,,,,,
2024-10-30,2286.0,2892.0,117.0,156.0,7.0,44.14831981460024,,,,,,,,,,
2024-10-31,3488.0,1691.0,118.0,199.0,2.0,67.34890905580228,,,,,,,,,,
2024-11-01,962.0,4284.0,52.0,103.0,158.0,18.33778116660313,,,,,,,,,,
2024-11-04,4456.0,755.0,87.0,158.0,45.0,85.51141815390521,,,,,,,,,,
2024-11-05,5021.0,230.0,50.0,190.0,0.0,95.61988192725195,,,,,,,,,,
2024-11-06,2786.0,2358.0,158.0,156.0,5.0,54.160186625194406,,,,,,,,,,
2024-11-07,4479.0,786.0,35.0,199.0,12.0,85.07122507122507,,,,,,,,,,
2024-11-08,2189.0,3022.0,93.0,125.0,4.0,42.00729226635963,,,,,,,,,,
2024-11-11,3897.0,1316.0,86.0,166.0,16.0,74.75541914444658,,,,,,,,,,
2024-11-12,1462.0,3745.0,94.0,84.0,18.0,28.0775878624928,,,,,,,,,,
2024-11-13,2560.0,2580.0,161.0,71.0,10.0,49.80544747081712,,,,,,,,,,
2024-11-14,462.0,4822.0,18.0,38.0,24.0,8.74337623012869,,,,,,,,,,
2024-11-15,915.0,4327.0,62.0,71.0,32.0,17.455169782525754,,,,,,,,,,
2024-11-18,1154.0,4078.0,70.0,90.0,70.0,22.0565749235474,,,,,,,,,,
2024-11-19,4486.0,752.0,66.0,100.0,14.0,85.64337533409699,,,,,,,,,,
2024-11-20,4522.0,701.0,83.0,158.0,2.0,86.57859467738848,,,,,,,,,,
2024-11-21,2535.0,2610.0,162.0,113.0,4.0,49.27113702623907,,,,,,,,,,
2024-11-22,423.0,4872.0,13.0,76.0,16.0,7.9886685552407934,,,,,,,,,,
2024-11-25,3697.0,1519.0,92.0,161.0,18.0,70.87806748466258,,,,,,,,,,
2024-11-26,1508.0,3680.0,120.0,92.0,61.0,29.067077872012337,,,,,,,,,,
2024-11-27,4292.0,897.0,119.0,104.0,21.0,82.71343226055117,,,,,,,,,,
2024-11-28,2498.0,2677.0,131.0,97.0,9.0,48.270531400966185,,,,,,,,,,
2024-11-29,4260.0,902.0,148.0,133.0,8.0,82.52615265401008,,,,,,,,,,
2024-12-02,4599.0,648.0,63.0,173.0,7.0,87.6500857632933,,,,,,,,,,
2024-12-03,2416.0,2693.0,201.0,119.0,8.0,47.28909767077706,,,,,,,,,,
2024-12-04,962.0,4303.0,44.0,87.0,21.0,18.271604938271604,,,,,,,,,,
2024-12-05,3779.0,1388.0,145.0,132.0,10.0,73.13721695374493,,,,,,,,,,
2024-12-06,3591.0,1634.0,87.0,120.0,8.0,68.72727272727272,,,,,,,,,,
2024-12-09,2012.0,3185.0,113.0,106.0,27.0,38.71464306330575,,,,,,,,,,
2024-12-10,2867.0,2241.0,205.0,114.0,8.0,56.12764291307752,,,,,,,,,,
2024-12-11,3815.0,1401.0,97.0,147.0,12.0,73.14033742331289,,,,,,,,,,
2024-12-12,3492.0,1700.0,122.0,139.0,7.0,67.2573189522342,,,,,,,,,,
2024-12-13,910.0,4370.0,35.0,99.0,12.0,17.234848484848484,,,,,,,,,,
2024-12-16,1751.0,3442.0,126.0,104.0,27.0,33.71846716734065,,,,,,,,,,
2024-12-17,547.0,4749.0,20.0,28.0,143.0,10.328549848942597,,,,,,,,,,
2024-12-18,2772.0,2323.0,222.0,98.0,14.0,54.40628066732091,,,,,,,,,,
2024-12-19,2401.0,2761.0,155.0,74.0,26.0,46.51297946532352,,,,,,,,,,
2024-12-20,3518.0,1644.0,157.0,85.0,15.0,68.15187911662146,,,,,,,,,,
2024-12-23,546.0,4748.0,25.0,33.0,174.0,10.313562523611637,,,,,,,,,,
2024-12-24,3891.0,1309.0,118.0,74.0,21.0,74.82692307692308,,,,,,,,,,
2024-12-25,904.0,4350.0,62.0,36.0,43.0,17.205938332698896,,,,,,,,,,
2024-12-26,3618.0,1495.0,207.0,96.0,9.0,70.76080578916488,,,,,,,,,,
2024-12-27,3517.0,1707.0,95.0,66.0,8.0,67.32388973966309,,,,,,,,,,
2024-12-30,1303.0,3916.0,96.0,41.0,15.0,24.96646867215942,,,,,,,,,,
2024-12-31,689.0,4584.0,46.0,48.0,24.0,13.066565522472976,,,,,,,,,,
2025-01-02,908.0,4348.0,61.0,59.0,18.0,17.275494672754945,,,,,,,,,,
2025-01-03,606.0,4680.0,33.0,48.0,105.0,11.464245175936435,,,,,,,,,,
2025-01-06,2278.0,2890.0,153.0,62.0,70.0,44.07894736842105,,,,,,,,,,
2025-01-07,4354.0,888.0,81.0,97.0,10.0,83.0599008012209,,,,,,,,,,
2025-01-08,1957.0,3218.0,148.0,68.0,4.0,37.81642512077295,,,,,,,,,,
2025-01-09,2697.0,2434.0,193.0,89.0,5.0,52.56285324498149,,,,,,,,,,
2025-01-10,528.0,4755.0,40.0,38.0,52.0,9.994321408290745,,,,,,,,,,
2025-01-13,2977.0,2152.0,196.0,47.0,31.0,58.04250341197115,,,,,,,,,,
2025-01-14,5292.0,31.0,5.0,141.0,0.0,99.41762164193123,,,,,,,,,,
2025-01-15,1640.0,3520.0,168.0,66.0,8.0,31.782945736434108,,,,,,,,,,
2025-01-16,3324.0,1801.0,205.0,71.0,4.0,64.85853658536585,,,,,,,,,,
2025-01-17,2600.0,2498.0,232.0,57.0,12.0,51.00039231071008,,,,,,,,,,
2025-01-20,3594.0,1560.0,175.0,70.0,18.0,69.73224679860303,,,,,,,,,,
2025-01-21,1974.0,3213.0,144.0,46.0,19.0,38.05668016194332,,,,,,,,,,
2025-01-22,1013.0,4225.0,95.0,38.0,24.0,19.339442535318824,,,,,,,,,,
2025-01-23,2313.0,2762.0,260.0,39.0,21.0,45.57635467980296,,,,,,,,,,
2025-01-24,3936.0,1194.0,203.0,68.0,23.0,76.7251461988304,,,,,,,,,,
2025-01-27,1795.0,3388.0,149.0,42.0,42.0,34.63245224773298,,,,,,,,,,
2025-02-05,3398.0,1830.0,108.0,73.0,34.0,64.99617444529456,,,,,,,,,,
2025-02-06,4761.0,458.0,118.0,90.0,0.0,91.2243724851504,,,,,,,,,,
2025-02-07,4129.0,1078.0,131.0,84.0,1.0,79.29710005761474,,,,,,,,,,
2025-02-10,4102.0,1095.0,143.0,121.0,0.0,78.93015201077544,,,,,,,,,,
2025-02-11,1807.0,3382.0,150.0,75.0,0.0,34.82366544613606,,,,,,,,,,
2025-02-12,3522.0,1542.0,275.0,82.0,0.0,69.54976303317537,,,,,,,,,,
2025-02-13,1128.0,4086.0,126.0,62.0,2.0,21.63406214039125,,,,,,,,,,
2025-02-14,2377.0,2766.0,196.0,81.0,9.0,46.21816060664982,,,,,,,,,,
2025-02-17,3650.0,1578.0,115.0,106.0,7.0,69.81637337413925,,,,,,,,,,
2025-02-18,720.0,4591.0,31.0,45.0,23.0,13.556768970062135,,,,,,,,,,
2025-02-19,4606.0,579.0,157.0,111.0,2.0,88.83317261330762,,,,,,,,,,
2025-02-20,3348.0,1816.0,177.0,97.0,1.0,64.83346243222309,,,,,,,,,,
2025-02-21,2847.0,2327.0,169.0,113.0,0.0,55.0251256281407,,,,,,,,,,
2025-02-24,2758.0,2434.0,148.0,85.0,15.0,53.12018489984591,,,,,,,,,,
2025-02-25,1518.0,3704.0,116.0,60.0,5.0,29.06932209881272,,,,,,,,,,
2025-02-26,4222.0,1030.0,87.0,100.0,0.0,80.38842345773038,,,,,,,,,,
2025-02-27,2106.0,3070.0,161.0,79.0,5.0,40.68778979907265,,,,,,,,,,
2025-02-28,555.0,4739.0,44.0,47.0,54.0,10.483566301473363,,,,,,,,,,
2025-03-03,3206.0,1931.0,198.0,66.0,28.0,62.40996690675491,,,,,,,,,,
2025-03-04,4019.0,1150.0,167.0,82.0,9.0,77.75198297543045,,,,,,,,,,
2025-03-05,2332.0,2861.0,144.0,64.0,4.0,44.90660504525322,,,,,,,,,,
2025-03-06,4245.0,952.0,138.0,109.0,0.0,81.681739465076,,,,,,,,,,
2025-03-07,1700.0,3524.0,111.0,58.0,10.0,32.54211332312404,,,,,,,,,,
2025-03-10,3248.0,1930.0,157.0,79.0,8.0,62.726921591348,,,,,,,,,,
2025-03-11,2844.0,2259.0,233.0,54.0,2.0,55.73192239858906,,,,,,,,,,
2025-03-12,2598.0,2540.0,199.0,83.0,1.0,50.564421954067726,,,,,,,,,,
2025-03-13,1480.0,3744.0,115.0,46.0,16.0,28.33078101071976,,,,,,,,,,
2025-03-14,4458.0,778.0,103.0,87.0,5.0,85.14132925897631,,,,,,,,,,
2025-03-17,3114.0,2040.0,182.0,69.0,2.0,60.41909196740396,,,,,,,,,,
2025-03-18,2965.0,2161.0,215.0,67.0,2.0,57.84237222005463,,,,,,,,,,
2025-03-19,1480.0,3718.0,141.0,49.0,3.0,28.47248941900732,,,,,,,,,,
2025-03-20,1957.0,3189.0,195.0,64.0,2.0,38.02953750485814,,,,,,,,,,
2025-03-21,981.0,4249.0,112.0,48.0,24.0,18.75717017208413,,,,,,,,,,
2025-03-24,1447.0,3815.0,80.0,47.0,42.0,27.49904979095401,,,,,,,,,,
2025-03-25,2487.0,2710.0,148.0,49.0,45.0,47.85453146045796,,,,,,,,,,
2025-03-26,3521.0,1643.0,183.0,75.0,5.0,68.18357862122386,,,,,,,,,,
2025-03-27,1884.0,3328.0,135.0,50.0,20.0,36.14735226400614,,,,,,,,,,
2025-03-28,933.0,4314.0,101.0,33.0,26.0,17.781589479702685,,,,,,,,,,
2025-03-31,1280.0,3995.0,76.0,36.0,35.0,24.265402843601898,,,,,,,,,,
2025-04-01,3830.0,1386.0,136.0,59.0,10.0,73.42791411042946,,,,,,,,,,
2025-04-02,2739.0,2399.0,215.0,40.0,12.0,53.30868042039704,,,,,,,,,,
2025-04-03,2060.0,3129.0,165.0,54.0,30.0,39.699364039313934,,,,,,,,,,
2025-04-07,106.0,5245.0,1.0,26.0,3170.0,1.980938142403289,,,,,,,,,,
2025-04-08,3277.0,2026.0,48.0,134.0,179.0,61.79521025834433,,,,,,,,,,
2025-04-09,4495.0,764.0,95.0,127.0,7.0,85.47252329340179,,,,,,,,,,
2025-04-10,4919.0,376.0,60.0,160.0,0.0,92.8989612842304,,,,,,,,,,
2025-04-11,3263.0,1889.0,202.0,84.0,9.0,63.33462732919255,,,,,,,,,,
2025-04-14,4517.0,748.0,89.0,104.0,2.0,85.79297245963913,,,,,,,,,,
2025-04-15,2399.0,2785.0,168.0,56.0,11.0,46.27700617283951,,,,,,,,,,
2025-04-16,1003.0,4281.0,72.0,45.0,5.0,18.98183194549584,,,,,,,,,,
2025-04-17,3102.0,2017.0,237.0,87.0,2.0,60.597773002539554,,,,,,,,,,
2025-04-18,2375.0,2715.0,266.0,61.0,15.0,46.66011787819254,,,,,,,,,,
2025-04-21,4343.0,852.0,163.0,102.0,10.0,83.59961501443695,,,,,,,,,,
2025-04-22,2517.0,2637.0,201.0,82.0,11.0,48.83585564610012,,,,,,,,,,
2025-04-23,3172.0,2023.0,161.0,61.0,20.0,61.05871029836381,,,,,,,,,,
2025-04-24,1537.0,3659.0,160.0,55.0,13.0,29.58044649730562,,,,,,,,,,
2025-04-25,2815.0,2342.0,200.0,65.0,21.0,54.58599961217763,,,,,,,,,,
2025-04-28,1209.0,4079.0,67.0,43.0,46.0,22.863086232980333,,,,,,,,,,
2025-04-29,3547.0,1645.0,140.0,61.0,29.0,68.31664098613251,,,,,,,,,,
2025-04-30,3432.0,1750.0,155.0,73.0,15.0,66.22925511385566,,,,,,,,,,
2025-05-06,4942.0,367.0,49.0,102.0,6.0,93.08721039743833,,,,,,,,,,
2025-05-07,3269.0,1882.0,209.0,67.0,0.0,63.46340516404582,,,,,,,,,,
2025-05-08,3814.0,1354.0,193.0,68.0,5.0,73.80030959752321,,,,,,,,,,
2025-05-09,1190.0,4051.0,120.0,36.0,6.0,22.70559053615722,,,,,,,,,,
2025-05-12,4089.0,1083.0,189.0,52.0,1.0,79.06032482598609,,,,,,,,,,
2025-05-13,1921.0,3204.0,237.0,48.0,1.0,37.48292682926829,,,,,,,,,,
2025-05-14,2316.0,2793.0,254.0,63.0,0.0,45.33176746917205,,,,,,,,,,
2025-05-15,1386.0,3843.0,133.0,51.0,4.0,26.506024096385545,,,,,,,,,,
2025-05-16,2983.0,2166.0,212.0,57.0,4.0,57.93357933579336,,,,,,,,,,
2025-05-19,3532.0,1690.0,136.0,84.0,1.0,67.63692072003063,,,,,,,,,,
2025-05-20,3806.0,1373.0,187.0,77.0,8.0,73.48909055802278,,,,,,,,,,
2025-05-21,1592.0,3593.0,177.0,55.0,7.0,30.7039537126326,,,,,,,,,,
2025-05-22,871.0,4436.0,52.0,41.0,13.0,16.412285660448465,,,,,,,,,,
2025-05-23,1095.0,4184.0,82.0,43.0,11.0,20.742564879712067,,,,,,,,,,
2025-05-26,3773.0,1419.0,166.0,63.0,4.0,72.66949152542372,,,,,,,,,,
2025-05-27,2615.0,2563.0,180.0,63.0,1.0,50.50212437234454,,,,,,,,,,
2025-05-28,1728.0,3470.0,158.0,56.0,7.0,33.243555213543665,,,,,,,,,,
2025-05-29,4447.0,822.0,89.0,107.0,7.0,84.39931675839819,,,,,,,,,,
2025-05-30,1106.0,4145.0,107.0,42.0,20.0,21.06265473243192,,,,,,,,,,
2025-06-03,3377.0,1758.0,219.0,71.0,9.0,65.76436222005843,,,,,,,,,,
2025-06-04,3944.0,1228.0,188.0,71.0,5.0,76.25676720804331,,,,,,,,,,
2025-06-05,2664.0,2518.0,178.0,68.0,7.0,51.40872250096488,,,,,,,,,,
2025-06-06,2578.0,2588.0,198.0,50.0,3.0,49.90321331784747,,,,,,,,,,
2025-06-09,4094.0,1082.0,184.0,70.0,2.0,79.09582689335394,,,,,,,,,,
2025-06-10,1249.0,4017.0,99.0,48.0,3.0,23.71819217622484,,,,,,,,,,
2025-06-11,3393.0,1726.0,249.0,52.0,9.0,66.28247704629811,,,,,,,,,,
2025-06-12,2315.0,2842.0,211.0,65.0,0.0,44.89044017839829,,,,,,,,,,
2025-06-13,840.0,4450.0,78.0,57.0,11.0,15.879017013232511,,,,,,,,,,
2025-06-16,3537.0,1627.0,206.0,57.0,4.0,68.49341595662277,,,,,,,,,,
2025-06-17,2238.0,2895.0,242.0,46.0,8.0,43.60023378141437,,,,,,,,,,
2025-06-18,1803.0,3452.0,120.0,41.0,12.0,34.31018078020933,,,,,,,,,,
2025-06-19,712.0,4617.0,45.0,34.0,15.0,13.360855695252392,,,,,,,,,,
2025-06-20,1530.0,3623.0,220.0,45.0,15.0,29.691441878517367,,,,,,,,,,
2025-06-23,4423.0,832.0,115.0,72.0,0.0,84.1674595623216,,,,,,,,,,
2025-06-24,4745.0,571.0,57.0,72.0,22.0,89.25884123401053,,,,,,,,,,
2025-06-25,3898.0,1261.0,214.0,68.0,5.0,75.55727854235317,,,,,,,,,,
2025-06-26,1605.0,3587.0,183.0,64.0,2.0,30.912942989214176,,,,,,,,,,
2025-06-27,3359.0,1751.0,263.0,54.0,4.0,65.73385518590999,,,,,,,,,,
2025-06-30,4034.0,1112.0,225.0,78.0,5.0,78.39098328799066,,,,,,,,,,
2025-07-01,2607.0,2532.0,232.0,66.0,7.0,50.72971395213076,,,,,,,,,,
2025-07-02,1929.0,3265.0,177.0,61.0,10.0,37.13900654601463,,,,,,,,,,
2025-07-03,3241.0,1851.0,279.0,61.0,4.0,63.64886095836606,,,,,,,,,,
2025-07-04,1159.0,4094.0,120.0,38.0,12.0,22.063582714639253,,,,,,,,,,
2025-07-07,3238.0,1959.0,176.0,67.0,4.0,62.30517606311333,,,,,,,,,,
2025-07-08,4262.0,970.0,139.0,67.0,2.0,81.46024464831805,,,,,,,,,,
2025-07-09,1848.0,3305.0,222.0,56.0,2.0,35.86260430817,,,,,,,,,,
2025-07-10,2927.0,2269.0,178.0,63.0,5.0,56.33179368745188,,,,,,,,,,
2025-07-11,2942.0,2187.0,250.0,62.0,7.0,57.360109183076624,,,,,,,,,,
2025-07-14,3161.0,2040.0,175.0,64.0,11.0,60.7767736973659,,,,,,,,,,
2025-07-15,1318.0,3998.0,61.0,45.0,18.0,24.793077501881115,,,,,,,,,,
2025-07-16,3251.0,1921.0,204.0,56.0,8.0,62.85769528228925,,,,,,,,,,
2025-07-17,3521.0,1590.0,267.0,59.0,2.0,68.89062805713168,,,,,,,,,,
2025-07-18,2583.0,2548.0,246.0,47.0,1.0,50.34106412005457,,,,,,,,,,
2025-07-21,3995.0,1271.0,112.0,121.0,1.0,75.86403342195214,,,,,,,,,,
2025-07-22,2535.0,2703.0,138.0,108.0,5.0,48.396334478808704,,,,,,,,,,
2025-07-23,1260.0,4006.0,112.0,54.0,7.0,23.927079377136344,,,,,,,,,,
2025-07-24,4374.0,904.0,101.0,73.0,1.0,82.87230011367942,,,,,,,,,,
2025-07-25,2519.0,2712.0,150.0,48.0,15.0,48.15522844580386,,,,,,,,,,
2025-07-28,2764.0,2424.0,194.0,57.0,6.0,53.27679259830378,,,,,,,,,,
2025-07-29,2231.0,2979.0,176.0,45.0,3.0,42.8214971209213,,,,,,,,,,
2025-07-30,1699.0,3539.0,147.0,48.0,8.0,32.4360442917144,,,,,,,,,,
2025-07-31,1051.0,4268.0,62.0,45.0,9.0,19.75935326189133,,,,,,,,,,
2025-08-01,3293.0,1893.0,197.0,41.0,9.0,63.49787890474354,,,,,,,,,,
2025-08-04,3853.0,1301.0,226.0,55.0,5.0,74.75746992627086,,,,,,,,,,
2025-08-05,3881.0,1317.0,184.0,53.0,2.0,74.66333205078877,,,,,,,,,,
2025-08-06,3341.0,1802.0,240.0,64.0,9.0,64.96208438654482,,,,,,,,,,
2025-08-07,2100.0,3069.0,215.0,60.0,9.0,40.62681369704005,,,,,,,,,,
2025-08-08,2417.0,2784.0,183.0,61.0,3.0,46.47183233993463,,,,,,,,,,
2025-08-11,4175.0,1055.0,157.0,82.0,4.0,79.82791586998088,,,,,,,,,,
2025-08-12,2060.0,3152.0,176.0,51.0,5.0,39.52417498081351,,,,,,,,,,
2025-08-13,2717.0,2440.0,229.0,97.0,0.0,52.68566996315688,,,,,,,,,,
2025-08-14,728.0,4629.0,30.0,45.0,12.0,13.58969572521934,,,,,,,,,,
2025-08-15,4602.0,636.0,149.0,89.0,2.0,87.85796105383734,,,,,,,,,,
2025-08-18,4022.0,1209.0,154.0,110.0,1.0,76.8877843624546,,,,,,,,,,
2025-08-19,2966.0,2243.0,179.0,87.0,7.0,56.93991169130352,,,,,,,,,,
2025-08-20,3652.0,1577.0,156.0,88.0,17.0,69.84126984126983,,,,,,,,,,
2025-08-21,2158.0,3074.0,157.0,43.0,13.0,41.24617737003058,,,,,,,,,,
2025-08-22,2789.0,2383.0,217.0,71.0,3.0,53.92498066511988,,,,,,,,,,
2025-08-25,3336.0,1886.0,168.0,79.0,2.0,63.88356951359633,,,,,,,,,,
2025-08-26,2786.0,2460.0,145.0,72.0,2.0,53.10712924132672,,,,,,,,,,
2025-08-27,623.0,4747.0,22.0,47.0,10.0,11.601489757914338,,,,,,,,,,
2025-08-28,2857.0,2384.0,151.0,59.0,3.0,54.512497614958974,,,,,,,,,,
2025-08-29,1987.0,3291.0,112.0,67.0,15.0,37.64683592269799,,,,,,,,,,
2025-09-01,3194.0,2076.0,120.0,105.0,2.0,60.60721062618596,,,,,,,,,,
2025-09-02,1251.0,4036.0,104.0,45.0,25.0,23.661811991677705,,,,,,,,,,
2025-09-03,815.0,4545.0,33.0,36.0,25.0,15.205223880597016,,,,,,,,,,
2025-09-04,2289.0,2972.0,131.0,43.0,39.0,43.50883862383577,,,,,,,,,,
2025-09-05,4837.0,466.0,89.0,98.0,4.0,91.21252121440692,,,,,,,,,,
2025-09-08,3934.0,1341.0,119.0,70.0,4.0,74.5781990521327,,,,,,,,,,
2025-09-09,1294.0,3989.0,113.0,52.0,5.0,24.493658905924665,,,,,,,,,,
2025-09-10,2422.0,2759.0,216.0,49.0,3.0,46.74773209805057,,,,,,,,,,
2025-09-11,4212.0,1034.0,150.0,91.0,3.0,80.28974456728936,,,,,,,,,,
2025-09-12,1920.0,3353.0,126.0,67.0,3.0,36.41190972880713,,,,,,,,,,
2025-09-15,1907.0,3354.0,136.0,68.0,4.0,36.247861623265536,,,,,,,,,,
2025-09-16,3614.0,1677.0,106.0,70.0,1.0,68.3046683046683,,,,,,,,,,
2025-09-17,2497.0,2736.0,163.0,70.0,1.0,47.71641505828397,,,,,,,,,,
2025-09-18,1026.0,4327.0,42.0,59.0,0.0,19.16682234261162,,,,,,,,,,
2025-09-19,1898.0,3387.0,111.0,52.0,23.0,35.91296121097445,,,,,,,,,,
2025-09-22,2165.0,3135.0,93.0,67.0,10.0,40.84905660377359,,,,,,,,,,
2025-09-23,1101.0,4243.0,54.0,53.0,13.0,20.60254491017964,,,,,,,,,,
2025-09-24,4439.0,848.0,110.0,78.0,9.0,83.96065821827123,,,,,,,,,,
2025-09-25,1466.0,3861.0,71.0,42.0,6.0,27.52018021400413,,,,,,,,,,
2025-09-26,1792.0,3400.0,208.0,48.0,22.0,34.514637904468415,,,,,,,,,,
2025-09-29,3563.0,1640.0,193.0,55.0,5.0,68.47972323659427,,,,,,,,,,
2025-09-30,2641.0,2563.0,193.0,53.0,5.0,50.74942352036894,,,,,,,,,,
2025-10-09,3111.0,2166.0,118.0,95.0,19.0,58.95395110858443,,,,,,,,,,
2025-10-10,2757.0,2527.0,113.0,59.0,9.0,52.17638152914459,,,,,,,,,,
2025-10-13,1676.0,3612.0,112.0,64.0,3.0,31.694402420574885,,,,,,,,,,
2025-10-14,1720.0,3539.0,142.0,37.0,5.0,32.70583761171325,,,,,,,,,,
2025-10-15,4312.0,942.0,147.0,66.0,6.0,82.07080319756376,,,,,,,,,,
2025-10-16,1165.0,4156.0,83.0,40.0,7.0,21.894380755497085,,,,,,,,,,
2025-10-17,598.0,4760.0,49.0,37.0,30.0,11.160880925718551,,,,,,,,,,
2025-10-20,4046.0,1248.0,113.0,77.0,5.0,76.4261428031734,,,,,,,,,,
2025-10-21,4611.0,719.0,76.0,80.0,3.0,86.51031894934333,,,,,,,,,,
2025-10-22,2263.0,2950.0,192.0,56.0,7.0,43.41070400920775,,,,,,,,,,
2025-10-23,2977.0,2294.0,137.0,58.0,8.0,56.47884651868716,,,,,,,,,,
2025-10-24,3014.0,2260.0,134.0,57.0,12.0,57.1482745544179,,,,,,,,,,
2025-10-27,3345.0,1847.0,216.0,53.0,8.0,64.42604006163329,,,,,,,,,,
2025-10-28,2352.0,2890.0,163.0,58.0,6.0,44.8683708508203,,,,,,,,,,
2025-10-29,2661.0,2607.0,141.0,62.0,2.0,50.512528473804096,,,,,,,,,,
2025-10-30,1225.0,4090.0,93.0,48.0,12.0,23.047977422389465,,,,,,,,,,
2025-10-31,3744.0,1542.0,123.0,58.0,16.0,70.82860385925085,,,,,,,,,,
2025-11-03,3516.0,1792.0,102.0,67.0,12.0,66.23963828183874,,,,,,,,,,
2025-11-04,1621.0,3632.0,158.0,51.0,7.0,30.858557015039025,,,,,,,,,,
2025-11-05,3367.0,1893.0,150.0,68.0,2.0,64.01140684410646,,,,,,,,,,
2025-11-06,2869.0,2370.0,171.0,63.0,14.0,54.76235922886047,,,,,,,,,,
2025-11-07,2093.0,3141.0,177.0,55.0,4.0,39.9885364921666,,,,,,,,,,
2025-11-10,3363.0,1944.0,109.0,71.0,10.0,63.36913510457885,,,,,,,,,,
2025-11-11,2776.0,2490.0,151.0,69.0,3.0,52.7155336118496,,,,,,,,,,
2025-11-12,1746.0,3551.0,122.0,58.0,6.0,32.96205399282613,,,,,,,,,,
2025-11-13,3943.0,1322.0,153.0,92.0,0.0,74.89078822412156,,,,,,,,,,
2025-11-14,1949.0,3312.0,155.0,71.0,11.0,37.04618893746436,,,,,,,,,,
2025-11-17,2570.0,2716.0,129.0,90.0,8.0,48.61899356791525,,,,,,,,,,
2025-11-18,1267.0,4090.0,58.0,45.0,36.0,23.65129736792981,,,,,,,,,,
2025-11-19,1194.0,4157.0,69.0,55.0,23.0,22.313586245561577,,,,,,,,,,
2025-11-20,1442.0,3836.0,141.0,41.0,14.0,27.32095490716181,,,,,,,,,,
2025-11-21,347.0,5056.0,18.0,28.0,93.0,6.4223579492874325,,,,,,,,,,
2025-11-24,4211.0,1098.0,109.0,67.0,26.0,79.31813900922961,,,,,,,,,,
2025-11-25,4273.0,986.0,156.0,79.0,7.0,81.2511884388667,,,,,,,,,,
2025-11-26,1687.0,3574.0,153.0,68.0,8.0,32.066147120319336,,,,,,,,,,
2025-11-27,2777.0,2434.0,202.0,54.0,9.0,53.29111494914604,,,,,,,,,,
2025-11-28,4103.0,1182.0,128.0,70.0,4.0,77.63481551561023,,,,,,,,,,
2025-12-01,3386.0,1861.0,166.0,66.0,5.0,64.53211358871737,,,,,,,,,,
2025-12-02,1533.0,3722.0,160.0,47.0,4.0,29.17221693625119,,,,,,,,,,
2025-12-03,1434.0,3861.0,126.0,48.0,12.0,27.082152974504247,,,,,,,,,,
2025-12-04,1450.0,3858.0,112.0,39.0,17.0,27.3172569706104,,,,,,,,,,
2025-12-05,4372.0,965.0,80.0,75.0,4.0,81.91868090687652,,,,,,,,,,
2025-12-08,3400.0,1850.0,170.0,74.0,2.0,64.76190476190476,,,,,,,,,,
2025-12-09,1299.0,4043.0,78.0,53.0,9.0,24.316735305129164,,,,,,,,,,
2025-12-10,2429.0,2825.0,162.0,57.0,4.0,46.23144271031595,,,,,,,,,,
2025-12-11,1024.0,4363.0,33.0,34.0,25.0,19.00872470762948,,,,,,,,,,
2025-12-12,2675.0,2591.0,156.0,79.0,17.0,50.79756931257121,,,,,,,,,,
2025-12-15,2305.0,2952.0,164.0,62.0,9.0,43.84630017120031,,,,,,,,,,
2025-12-16,1088.0,4281.0,53.0,42.0,21.0,20.26448128143043,,,,,,,,,,
2025-12-17,3612.0,1621.0,190.0,51.0,25.0,69.02350468182686,,,,,,,,,,
2025-12-18,2832.0,2401.0,193.0,61.0,7.0,54.11809669405695,,,,,,,,,,
2025-12-19,4464.0,896.0,65.0,72.0,2.0,83.28358208955224,,,,,,,,,,
2025-12-22,2968.0,2255.0,199.0,84.0,10.0,56.82557916905993,,,,,,,,,,
2025-12-23,1498.0,3839.0,87.0,54.0,12.0,28.06820311036163,,,,,,,,,,
2025-12-24,4109.0,1130.0,189.0,75.0,5.0,78.4309982821149,,,,,,,,,,
2025-12-25,3748.0,1469.0,214.0,81.0,0.0,71.84205482077822,,,,,,,,,,
2025-12-26,1858.0,3393.0,180.0,81.0,1.0,35.383736431155974,,,,,,,,,,
2025-12-29,1988.0,3314.0,131.0,76.0,17.0,37.49528479818936,,,,,,,,,,
2025-12-30,1830.0,3463.0,139.0,55.0,13.0,34.57396561496316,,,,,,,,,,
2025-12-31,2460.0,2760.0,214.0,58.0,9.0,47.12643678160919,,,,,,,,,,
2026-01-05,4171.0,1157.0,108.0,109.0,11.0,78.28453453453453,,,,,,,,,,
2026-01-06,4088.0,1217.0,132.0,123.0,1.0,77.05937794533459,,,,,,,,,,
2026-01-07,2166.0,3171.0,102.0,81.0,3.0,40.58459808881394,,,,,,,,,,
2026-01-08,3718.0,1586.0,134.0,95.0,4.0,70.09803921568627,,,,,,,,,,
2026-01-09,3909.0,1334.0,195.0,102.0,2.0,74.55655159259965,,,,,,,,,,
2026-01-12,4133.0,1170.0,136.0,188.0,3.0,77.93701678295305,,,,,,,,,,
2026-01-13,1615.0,3714.0,103.0,69.0,53.0,30.305873522236816,,,,,,,,,,
2026-01-14,2737.0,2576.0,120.0,105.0,21.0,51.51515151515152,,,,,,,,,,
2026-01-15,2222.0,3104.0,109.0,55.0,67.0,41.71986481411941,,,,,,,,,,
2026-01-16,2362.0,2958.0,118.0,58.0,54.0,44.3984962406015,,,,,,,,,,
2026-01-19,3515.0,1817.0,109.0,89.0,29.0,65.92273068267068,,,,,,,,,,
2026-01-20,2223.0,3091.0,132.0,55.0,16.0,41.83289424162589,,,,,,,,,,
2026-01-21,3080.0,2189.0,175.0,86.0,9.0,58.455114822546975,,,,,,,,,,
2026-01-22,3560.0,1773.0,113.0,79.0,5.0,66.75417213575848,,,,,,,,,,
2026-01-23,3926.0,1383.0,139.0,109.0,1.0,73.94989640233565,,,,,,,,,,
2026-01-26,1596.0,3758.0,91.0,78.0,42.0,29.809488233096747,,,,,,,,,,
2026-01-27,1919.0,3443.0,83.0,54.0,2.0,35.788884744498326,,,,,,,,,,
2026-01-28,1732.0,3625.0,87.0,87.0,8.0,32.33152884076909,,,,,,,,,,
2026-01-29,1795.0,3554.0,97.0,91.0,16.0,33.55767433165078,,,,,,,,,,
2026-01-30,2441.0,2887.0,117.0,48.0,55.0,45.81456456456456,,,,,,,,,,
2026-02-02,768.0,4638.0,42.0,36.0,120.0,14.206437291897892,,,,,,,,,,
2026-02-03,4852.0,519.0,77.0,70.0,11.0,90.33699497300316,,,,,,,,,,
2026-02-04,3239.0,2123.0,89.0,68.0,8.0,60.40656471465871,,,,,,,,,,
2026-02-05,1608.0,3708.0,134.0,45.0,18.0,30.248306997742663,,,,,,,,,,
2026-02-06,2742.0,2541.0,168.0,59.0,7.0,51.9023282226008,,,,,,,,,,
2026-02-09,4604.0,747.0,99.0,87.0,3.0,86.03999252476171,,,,,,,,,,
2026-02-10,2185.0,3113.0,154.0,60.0,6.0,41.24197810494527,,,,,,,,,,
2026-02-11,2041.0,3230.0,182.0,52.0,10.0,38.7213052551698,,,,,,,,,,
2026-02-12,2104.0,3264.0,90.0,61.0,15.0,39.195230998509686,,,,,,,,,,
2026-02-13,1533.0,3814.0,110.0,32.0,18.0,28.670282401346547,,,,,,,,,,
2026-02-24,3997.0,1384.0,77.0,97.0,17.0,74.2798736294369,,,,,,,,,,
2026-02-25,3735.0,1603.0,117.0,77.0,4.0,69.97002622705133,,,,,,,,,,
2026-02-26,2479.0,2857.0,118.0,65.0,4.0,46.45802098950525,,,,,,,,,,
2026-02-27,3259.0,2058.0,138.0,76.0,0.0,61.293962760955424,,,,,,,,,,
2026-03-02,1142.0,4265.0,47.0,96.0,9.0,21.12076937303496,,,,,,,,,,
2026-03-03,642.0,4792.0,22.0,87.0,77.0,11.814501288185498,,,,,,,,,,
2026-03-04,1738.0,3625.0,94.0,46.0,22.0,32.40723475666604,,,,,,,,,,
2026-03-05,4071.0,1296.0,92.0,70.0,4.0,75.85243152599217,,,,,,,,,,
2026-03-06,4250.0,1147.0,63.0,74.0,1.0,78.74745228830832,,,,,,,,,,
2026-03-09,1421.0,3948.0,95.0,42.0,6.0,26.46675358539765,,,,,,,,,,
2026-03-10,4519.0,847.0,97.0,56.0,4.0,84.21543048825941,,,,,,,,,,
2026-03-11,2047.0,3275.0,144.0,53.0,2.0,38.46298384066141,,,,,,,,,,
2026-03-12,1492.0,3878.0,96.0,55.0,3.0,27.783985102420854,,,,,,,,,,
2026-03-13,1495.0,3818.0,152.0,59.0,13.0,28.13852813852814,,,,,,,,,,
2026-03-16,2830.0,2489.0,145.0,47.0,8.0,53.20548975371311,,,,,,,,,,
2026-03-17,862.0,4526.0,74.0,39.0,13.0,15.998515219005196,,,,,,,,,,
2026-03-18,3545.0,1823.0,94.0,57.0,5.0,66.03949329359166,,,,,,,,,,
2026-03-19,500.0,4943.0,20.0,28.0,9.0,9.186110600771634,,,,,,,,,,
2026-03-20,654.0,4777.0,33.0,30.0,21.0,12.041981218928374,,,,,,,,,,
2026-03-23,299.0,5162.0,6.0,28.0,98.0,5.475187694561436,,,,,,,,,,
2026-03-24,5124.0,325.0,16.0,85.0,3.0,94.03560286291062,,,,,,,,,,
2026-03-25,4866.0,549.0,49.0,84.0,1.0,89.86149584487535,,,,,,,,,,
2026-03-26,914.0,4477.0,74.0,40.0,12.0,16.954182897421628,,,,,,,,,,
2026-03-27,4323.0,1065.0,72.0,79.0,2.0,80.23385300668151,,,,,,,,,,
2026-03-30,2864.0,2449.0,145.0,66.0,11.0,53.90551477507999,,,,,,,,,,
2026-03-31,1006.0,4360.0,95.0,53.0,5.0,18.74767051807678,,,,,,,,,,
2026-04-01,4489.0,874.0,103.0,59.0,7.0,83.70315122133134,,,,,,,,,,
2026-04-02,1043.0,4367.0,57.0,28.0,13.0,19.27911275415896,,,,,,,,,,
2026-04-03,712.0,4730.0,26.0,36.0,33.0,13.08342521131937,,,,,,,,,,
2026-04-07,3971.0,1413.0,83.0,93.0,7.0,73.7555720653789,,,,,,,,,,
2026-04-08,5163.0,293.0,15.0,127.0,7.0,94.62976539589442,,,,,,,,,,
2026-04-09,1139.0,4283.0,52.0,56.0,3.0,21.00700848395426,,,,,,,,,,
2026-04-10,3968.0,1387.0,120.0,61.0,9.0,74.09897292250234,,,,,,,,,,
2026-04-13,2371.0,2948.0,158.0,60.0,6.0,44.576048129347626,,,,,,,,,,
2026-04-14,3713.0,1585.0,183.0,56.0,5.0,70.08305020762552,,,,,,,,,,
2026-04-15,1831.0,3532.0,116.0,59.0,10.0,34.14133880290882,,,,,,,,,,
2026-04-16,4279.0,1062.0,139.0,79.0,2.0,80.1160831304999,,,,,,,,,,
2026-04-17,2390.0,2975.0,117.0,71.0,3.0,44.547996272134206,,,,,,,,,,
2026-04-20,3420.0,1884.0,174.0,76.0,6.0,64.47963800904978,,,,,,,,,,
2026-04-21,1938.0,3425.0,119.0,53.0,12.0,36.13649077009137,,,,,,,,,,
2026-04-22,2914.0,2423.0,146.0,57.0,5.0,54.59996252576354,,,,,,,,,,
2026-04-23,1327.0,4066.0,87.0,51.0,16.0,24.605970702762843,,,,,,,,,,
2026-04-24,2030.0,3341.0,109.0,59.0,27.0,37.79556879538261,,,,,,,,,,
2026-04-27,3278.0,2093.0,109.0,66.0,36.0,61.03146527648483,,,,,,,,,,
2026-04-28,1697.0,3668.0,111.0,59.0,34.0,31.6309412861137,,,,,,,,,,
2026-04-29,3967.0,1394.0,89.0,102.0,16.0,73.99738854691289,,,,,,,,,,
2026-04-30,2874.0,2457.0,125.0,81.0,16.0,53.91108610016882,,,,,,,,,,
2026-05-06,3888.0,1479.0,122.0,106.0,11.0,72.44270542202348,,,,,,,,,,
2026-05-07,3518.0,1830.0,143.0,102.0,9.0,65.78160059835453,,,,,,,,,,
2026-05-08,3634.0,1726.0,130.0,98.0,4.0,67.79850746268656,,,,,,,,,,
2026-05-11,3118.0,2238.0,132.0,100.0,5.0,58.2150858849888,,,,,,,,,,
2026-05-12,1376.0,4047.0,66.0,57.0,11.0,25.373409551908537,,,,,,,,,,
2026-05-13,3213.0,2133.0,146.0,114.0,5.0,60.1010101010101,,,,,,,,,,
2026-05-14,1046.0,4387.0,59.0,58.0,25.0,19.25271489048408,,,,,,,,,,
2026-05-15,1810.0,3582.0,100.0,58.0,20.0,33.56824925816024,,,,,,,,,,
2026-05-18,2371.0,3001.0,124.0,84.0,21.0,44.136262099776616,,,,,,,,,,
2026-05-19,3605.0,1770.0,117.0,91.0,11.0,67.06976744186046,,,,,,,,,,
2026-05-20,1637.0,3800.0,59.0,63.0,25.0,30.108515725583963,,,,,,,,,,
2026-05-21,695.0,4770.0,34.0,37.0,35.0,12.717291857273558,,,,,,,,,,
2026-05-22,3863.0,1509.0,127.0,116.0,7.0,71.90990320178705,,,,,,,,,,
2026-05-25,2180.0,3222.0,100.0,105.0,17.0,40.35542391706775,,,,,,,,,,
2026-05-26,1353.0,4081.0,68.0,49.0,22.0,24.898785425101213,,,,,,,,,,
2026-05-27,973.0,4487.0,42.0,48.0,23.0,17.82051282051282,,,,,,,,,,
2026-05-28,3016.0,2364.0,124.0,106.0,11.0,56.059479553903344,,,,,,,,,,
2026-05-29,1536.0,3881.0,86.0,52.0,57.0,28.35517814288352,,,,,,,,,,
2026-06-01,3772.0,1678.0,52.0,122.0,27.0,69.21100917431193,,,,,,,,,,
2026-06-02,1542.0,3872.0,87.0,70.0,15.0,28.48171407462135,,,,,,,,,,
2026-06-03,1712.0,3722.0,71.0,70.0,12.0,31.50533676849466,,,,,,,,,,
2026-06-04,1342.0,4117.0,46.0,81.0,8.0,24.5832570067778,,,,,,,,,,
2026-06-05,3271.0,2111.0,125.0,77.0,14.0,60.776662950576,,,,,,,,,,
2026-06-08,895.0,4585.0,25.0,59.0,38.0,16.33211678832117,,,,,,,,,,
2026-06-09,3319.0,2041.0,146.0,133.0,10.0,61.92164179104478,,,,,,,,,,
2026-06-10,1556.0,3874.0,74.0,71.0,26.0,28.655616942909763,,,,,,,,,,
2026-06-11,1366.0,4067.0,69.0,77.0,36.0,25.14264678814651,,,,,,,,,,
2026-06-12,3919.0,1513.0,72.0,98.0,20.0,72.14653902798233,,,,,,,,,,
2026-06-15,3901.0,1475.0,123.0,157.0,4.0,72.56324404761905,,,,,,,,,,
2026-06-16,2727.0,2673.0,105.0,122.0,7.0,50.5,,,,,,,,,,
2026-06-17,1720.0,3732.0,49.0,91.0,1.0,31.54805575935437,,,,,,,,,,
2026-06-18,2018.0,3391.0,89.0,94.0,19.0,37.30819005361435,,,,,,,,,,
2026-06-22,2914.0,2462.0,125.0,143.0,5.0,54.20386904761904,,,,,,,,,,
2026-06-23,2764.0,2639.0,103.0,100.0,50.0,51.15676476031834,,,,,,,,,,
2026-06-24,1432.0,4029.0,43.0,101.0,10.0,26.22230360739791,,,,,,,,,,
2026-06-25,1228.0,4225.0,51.0,92.0,22.0,22.5197139189437,,,,,,,,,,
2026-06-26,785.0,4674.0,45.0,60.0,42.0,14.37992306283202,,,,,,,,,,
2026-06-29,2463.0,2932.0,106.0,110.0,42.0,45.653382761816495,,,,,,,,,,
2026-06-30,3048.0,2364.0,90.0,145.0,10.0,56.31929046563193,,,,,,,,,,
2026-07-01,4325.0,1145.0,36.0,159.0,11.0,79.06764168190128,,,,,,,,,,
2026-07-02,2213.0,3160.0,137.0,93.0,48.0,41.187418574353245,,,,,,,,,,
2026-07-03,3802.0,1625.0,84.0,109.0,28.0,70.05712179841534,,,,,,,,,,
2026-07-06,1876.0,3534.0,102.0,74.0,57.0,34.67652495378928,,,,,,,,,,
2026-07-07,693.0,4792.0,27.0,34.0,57.0,12.634457611668187,,,,,,,,,,
2026-07-08,1589.0,3787.0,136.0,58.0,56.0,29.557291666666668,,,,,,,,,,
2026-07-09,2483.0,2885.0,145.0,75.0,17.0,46.25558867362146,,,,,,,,,,
2026-07-10,3767.0,1676.0,71.0,97.0,10.0,69.20815726621349,,,,,,,,,,
2026-07-13,797.0,4682.0,40.0,33.0,210.0,14.546450082131775,,,,,,,,,,
2026-07-14,4208.0,1247.0,66.0,90.0,31.0,77.14023831347387,,,,,,,,,,
2026-07-15,3349.0,2097.0,76.0,75.0,48.0,61.49467499081895,,,,,,,,,,
2026-07-16,2496.0,2859.0,165.0,51.0,47.0,46.61064425770308,,,,,,,,,,
2026-07-17,481.0,5000.0,39.0,35.0,238.0,8.775770844736362,,,,,,,,,,
2026-07-20,1739.0,3709.0,74.0,58.0,295.0,31.919970631424377,,,,,,,,,,
2026-07-21,3106.0,2298.0,118.0,128.0,31.0,57.47594374537379,,,,,,,,,,
2026-07-22,1528.0,3875.0,120.0,49.0,11.0,28.28058486026282,,,,,,,,,,
2026-07-23,4258.0,1208.0,58.0,130.0,3.0,77.89974387120381,,,,,,,,,,
2026-07-24,554.0,4937.0,32.0,44.0,30.0,10.089236933163358,,,,,,,,,,
2026-07-27,5192.0,285.0,42.0,122.0,6.0,94.79642139857586,,,,,,,,,,
2026-07-28,2602.0,2768.0,152.0,68.0,60.0,48.45437616387337,,,,,,,,,,
2026-07-29,4251.0,1214.0,56.0,86.0,15.0,77.78591033851784,,,,,,,,,,
2026-07-30,1766.0,3635.0,125.0,57.0,101.0,32.69764858359563,,,,,,,,,,
2026-07-31,4690.0,728.0,109.0,105.0,0.0,86.56330749354005,,,,,,,,,,
2026-08-03,4004.0,1465.0,58.0,84.0,11.0,73.21265313585664,,,,,,6.0,,,32.0,1.3107880215559686
2026-08-04,3641.0,1746.0,140.0,141.0,1.0,67.58863931687395,,,,,,7.0,,,47.10144927536232,4.771980627477169
2026-08-05,3724.0,1619.0,187.0,110.0,1.0,69.69867115852517,,,,,,8.0,,,54.36893203883495,5.462301279755606
2026-08-06,2786.0,2590.0,155.0,85.0,2.0,51.82291666666666,,,,,,10.0,,,50.63291139240506,3.8648967006458688
2026-08-07,2855.0,2535.0,143.0,76.0,4.0,52.96846011131725,,,,,,4.0,,,52.702702702702695,1.2116644456982613
2026-08-10,4067.0,1391.0,79.0,103.0,7.0,74.5144741663613,,,,,,5.0,,,57.57575757575758,2.223346687450602
2026-08-11,1611.0,3776.0,148.0,60.0,4.0,29.905327640616296,,,,,,6.0,,,32.758620689655174,0.809993174887195
2026-08-12,4127.0,1279.0,131.0,97.0,0.0,76.34110247872734,,,,,,7.0,,,47.82608695652174,3.2919016994279007
2026-08-13,1142.0,4317.0,80.0,66.0,6.0,20.91958234108812,,,,,,5.0,,,42.3728813559322,1.2760561225555276
2026-08-14,2400.0,2969.0,170.0,64.0,16.0,44.70106165021419,,,,,,5.0,,,44.44444444444444,0.0607937847153615
2026-08-17,4334.0,1063.0,140.0,110.0,1.0,80.30387252177135,,,,,,4.0,,,40.56603773584906,3.55094997632125
2026-08-18,2119.0,3292.0,127.0,81.0,9.0,39.16096839770837,,,,,,4.0,,,49.36708860759494,1.2468719836846691
2026-08-19,446.0,5068.0,24.0,38.0,157.0,8.088501994922016,,,,,,3.0,,,66.66666666666666,-2.5577643057213555
2026-08-20,4095.0,1346.0,98.0,85.0,16.0,75.26190038595847,,,,,,4.0,,,46.83544303797469,-1.623845863259501
2026-08-21,2504.0,2861.0,176.0,58.0,16.0,46.67287977632805,,,,,,3.0,,,59.25925925925925,-0.6209877983112878
2026-08-24,1322.0,3741.0,106.0,46.0,11.0,26.11100138257949,42.0,16.0,23.0,-1.2505210504376707,27.663629328690263,4.0,10.0,0.9139847518553844,25.806451612903224,0.5264610416359372
2026-08-25,3945.0,1163.0,62.0,65.0,2.0,77.23179326546592,12.0,22.0,6.0,1.4711577892194854,27.84324564796905,5.0,9.0,0.694157653144914,25.287356321839084,1.217454289502286
2026-08-26,2945.0,2447.0,153.0,52.0,0.0,54.6179525222552,7.0,20.0,17.0,0.1577287066246023,27.87065284039675,5.0,13.0,0.7048466022347756,27.77777777777778,2.198142788043389
2026-08-27,3392.0,1944.0,209.0,77.0,3.0,63.56821589205397,4.0,17.0,4.0,0.5291005291005296,28.601118124436432,6.0,16.0,0.5965234857033784,18.085106382978726,3.137368445929426
2026-08-28,3012.0,2388.0,144.0,82.0,1.0,55.77777777777778,11.0,16.0,17.0,0.2244043684889637,28.30735209235209,7.0,18.0,0.4626017956175859,16.3265306122449,3.1651827043720653
2026-08-31,3180.0,2216.0,146.0,88.0,11.0,58.93254262416605,28.0,30.0,19.0,0.451363350448857,28.679319740166008,6.0,18.0,0.47232371147959323,25.423728813559322,0.6843150974147849
2026-09-01,3385.0,2037.0,119.0,83.0,0.0,62.43083732939875,9.0,6.0,13.0,0.5747126436781657,28.31848944233893,7.0,18.0,0.4288964527515803,6.741573033707865,1.4555372700772502
2026-09-02,1538.0,3898.0,105.0,52.0,8.0,28.292862398822667,22.0,15.0,26.0,-0.945626477541372,28.091994224869158,4.0,13.0,0.44295834555943003,22.388059701492537,-0.7591818305383246
2026-09-03,1706.0,3336.0,126.0,44.0,16.0,33.835779452598175,26.0,33.0,29.0,-0.6954236816893284,28.135957817337463,5.0,9.0,0.20296142663976768,42.857142857142854,0.18999343680647704
2026-09-04,2207.0,2659.0,174.0,39.0,9.0,45.35552815454172,27.0,48.0,43.0,-0.1892597869293846,27.62731944444445,5.0,7.0,0.24839732780598403,55.172413793103445,-0.5699412815950133
2026-09-07,2882.0,1990.0,167.0,93.0,2.0,59.15435139573071,6.0,19.0,9.0,0.3373819163292775,28.30728914467156,6.0,13.0,0.28609018300336875,16.964285714285715,4.60886558985863
2026-09-08,3087.0,1855.0,97.0,73.0,0.0,62.46458923512748,6.0,37.0,6.0,0.523771152296531,28.24761262155189,4.0,18.0,0.3663757821448718,33.63636363636363,2.893297157941326
2026-09-09,1611.0,3320.0,108.0,48.0,7.0,32.6708578381667,16.0,27.0,13.0,-0.6820119352088667,28.10292518356817,5.0,15.0,0.24147601933019536,36.0,1.1098380537882244
2026-09-10,857.0,4107.0,73.0,35.0,11.0,17.26430298146656,23.0,22.0,27.0,-1.4981273408239717,27.75507841969426,4.0,9.0,0.27479942687795916,38.59649122807017,-0.10446809294323127
